transaction_id,timestamp,sender_id,receiver_id,amount,merchant_category,location,device_type,upi_channel,risk_flag,risk_scenario
TXN005083,2026-01-01 00:00:00,USER0651,REC0086,226.91,Groceries,Hyderabad,Android,QR,0,normal
TXN006521,2026-01-01 00:45:00,USER0505,REC0084,926.51,Bills,Hyderabad,iOS,QR,1,late_night_payment
TXN008283,2026-01-01 00:53:00,USER0032,REC0014,330.89,Groceries,Chennai,Android,QR,0,normal
TXN002316,2026-01-01 01:07:00,USER0044,REC0439,1238.35,Groceries,Bengaluru,Android,App,0,normal
TXN003674,2026-01-01 01:13:00,USER0056,REC0263,2503.92,Food,Delhi,Android,QR,0,normal
TXN007006,2026-01-01 01:23:00,USER0162,REC0284,911.57,Bills,Bengaluru,Android,App,0,normal
TXN006302,2026-01-01 01:46:00,USER0513,REC0369,860.93,Food,Pune,Android,QR,0,normal
TXN009284,2026-01-01 02:00:00,USER0147,REC0361,310.03,Groceries,Hyderabad,iOS,QR,0,normal
TXN006906,2026-01-01 02:08:00,USER0153,REC0186,614.79,Shopping,Bengaluru,iOS,QR,0,normal
TXN005760,2026-01-01 02:08:00,USER0949,REC0157,682.0,Transfer,Bengaluru,Android,Collect Request,0,normal
TXN002442,2026-01-01 02:18:00,USER0445,REC0186,185.25,Bills,Pune,Android,App,0,normal
TXN001488,2026-01-01 02:39:00,USER0897,REC0410,441.42,Groceries,Hyderabad,Android,QR,0,normal
TXN002259,2026-01-01 02:41:00,USER0039,REC0485,507.83,Groceries,Hyderabad,Android,QR,0,normal
TXN007363,2026-01-01 02:54:00,USER0382,REC0105,529.88,Bills,Mumbai,Android,QR,0,normal
TXN001409,2026-01-01 03:18:00,USER0666,REC0363,287.78,Transfer,Pune,Android,QR,0,normal
TXN004691,2026-01-01 03:20:00,USER0728,REC0268,267.99,Food,Mumbai,Android,App,0,normal
TXN009106,2026-01-01 03:31:00,USER0630,REC0212,272.15,Food,Bengaluru,Android,Collect Request,0,normal
TXN001482,2026-01-01 03:35:00,USER0720,REC0471,140.69,Shopping,Hyderabad,Android,QR,0,normal
TXN001949,2026-01-01 03:35:00,USER0179,REC0215,359.48,Groceries,Delhi,iOS,QR,0,normal
TXN000303,2026-01-01 03:46:00,USER0146,REC0393,251.83,Food,Bengaluru,Android,App,1,late_night_payment
TXN007754,2026-01-01 04:10:00,USER0880,REC0086,431.09,Food,Hyderabad,Android,QR,0,normal
TXN008838,2026-01-01 04:49:00,USER0528,REC0207,793.44,Transfer,Pune,iOS,App,0,normal
TXN001996,2026-01-01 04:59:00,USER0816,REC0382,523.54,Shopping,Delhi,iOS,QR,0,normal
TXN006741,2026-01-01 05:09:00,USER0333,REC0326,402.46,Groceries,Bengaluru,iOS,QR,0,normal
TXN006984,2026-01-01 05:21:00,USER0932,REC0389,1628.86,Bills,Chennai,Android,QR,0,normal
TXN005462,2026-01-01 05:50:00,USER0655,REC0468,355.13,Food,Mumbai,Android,App,0,normal
TXN004627,2026-01-01 06:31:00,USER0723,REC0006,836.03,Groceries,Delhi,Android,App,0,normal
TXN008630,2026-01-01 06:36:00,USER0172,REC0478,744.67,Groceries,Hyderabad,iOS,Collect Request,0,normal
TXN001913,2026-01-01 06:38:00,USER0802,REC0048,735.16,Food,Delhi,Android,QR,0,normal
TXN003191,2026-01-01 06:48:00,USER0772,REC0451,1140.51,Food,Chennai,Android,QR,0,normal
TXN004111,2026-01-01 06:48:00,USER0075,REC0382,217.95,Food,Hyderabad,Android,Collect Request,0,normal
TXN001739,2026-01-01 07:00:00,USER0216,REC0388,712.3,Food,Mumbai,iOS,App,0,normal
TXN006414,2026-01-01 07:48:00,USER0398,REC0196,164.96,Transfer,Delhi,iOS,App,0,normal
TXN007067,2026-01-01 07:50:00,USER0974,REC0494,865.55,Shopping,Bengaluru,Android,App,0,normal
TXN005170,2026-01-01 08:24:00,USER0555,REC0319,565.47,Transfer,Mumbai,Android,QR,0,normal
TXN007212,2026-01-01 08:38:00,USER0419,REC0328,1122.13,Groceries,Chennai,Android,App,0,normal
TXN001622,2026-01-01 08:39:00,USER0514,REC0195,536.43,Food,Delhi,Android,App,0,normal
TXN007205,2026-01-01 09:04:00,USER0202,REC0484,524.56,Shopping,Bengaluru,iOS,QR,0,normal
TXN003234,2026-01-01 09:18:00,USER0412,REC0169,357.96,Groceries,Bengaluru,Android,App,0,normal
TXN006358,2026-01-01 09:25:00,USER0540,REC0118,532.16,Travel,Bengaluru,iOS,QR,0,normal
TXN001294,2026-01-01 09:43:00,USER0581,REC0249,241.68,Bills,Chennai,Android,QR,0,normal
TXN006057,2026-01-01 09:52:00,USER0334,REC0101,739.27,Food,Mumbai,Android,App,0,normal
TXN002628,2026-01-01 09:58:00,USER0153,REC0088,1025.12,Shopping,Chennai,iOS,QR,0,normal
TXN006229,2026-01-01 10:05:00,USER0930,REC0253,724.9,Transfer,Hyderabad,Android,App,0,normal
TXN001237,2026-01-01 10:10:00,USER0971,REC0237,341.68,Shopping,Mumbai,Android,App,0,normal
TXN002789,2026-01-01 10:13:00,USER0378,REC0410,1086.2,Transfer,Delhi,iOS,App,0,normal
TXN001550,2026-01-01 10:14:00,USER0224,REC0075,288.65,Transfer,Delhi,Android,App,0,normal
TXN004598,2026-01-01 10:29:00,USER0908,REC0102,104.89,Bills,Mumbai,iOS,Collect Request,0,normal
TXN000773,2026-01-01 10:33:00,USER0662,REC0054,992.27,Transfer,Hyderabad,iOS,QR,0,normal
TXN006076,2026-01-01 10:46:00,USER0493,REC0311,426.11,Shopping,Chennai,Android,Collect Request,0,normal
TXN005297,2026-01-01 10:47:00,USER0979,REC0025,339.36,Bills,Bengaluru,Android,QR,0,normal
TXN007735,2026-01-01 11:00:00,USER0840,REC0190,661.5,Shopping,Delhi,Android,QR,0,normal
TXN009381,2026-01-01 11:15:00,USER0058,REC0228,565.36,Shopping,Chennai,Android,QR,0,normal
TXN000381,2026-01-01 11:27:00,USER0745,REC0057,637.34,Travel,Mumbai,iOS,App,0,normal
TXN003217,2026-01-01 11:32:00,USER0546,REC0399,1533.93,Groceries,Hyderabad,Android,QR,0,normal
TXN000846,2026-01-01 11:43:00,USER0786,REC0212,477.65,Transfer,Hyderabad,Android,QR,0,normal
TXN002646,2026-01-01 11:49:00,USER0866,REC0256,1466.95,Groceries,Delhi,Android,App,0,normal
TXN000845,2026-01-01 11:49:00,USER0764,REC0026,970.5,Groceries,Chennai,Android,QR,0,normal
TXN008871,2026-01-01 12:13:00,USER0193,REC0495,2259.7,Groceries,Hyderabad,Android,Collect Request,0,normal
TXN004055,2026-01-01 12:39:00,USER0080,REC0110,437.94,Transfer,Pune,Android,App,0,normal
TXN008989,2026-01-01 13:02:00,USER0667,REC0436,298.01,Shopping,Chennai,Android,QR,0,normal
TXN009550,2026-01-01 13:05:00,USER0778,REC0416,513.36,Groceries,Mumbai,Android,App,0,normal
TXN009691,2026-01-01 13:16:00,USER0570,REC0042,247.37,Food,Pune,Android,App,0,normal
TXN008312,2026-01-01 13:39:00,USER0915,REC0391,280.65,Groceries,Bengaluru,Android,QR,0,normal
TXN004885,2026-01-01 13:49:00,USER0854,REC0231,642.98,Food,Mumbai,Android,QR,0,normal
TXN002401,2026-01-01 13:57:00,USER0052,REC0444,127.46,Groceries,Hyderabad,Android,QR,0,normal
TXN000465,2026-01-01 14:03:00,USER0206,REC0212,1799.5,Bills,Delhi,iOS,App,0,normal
TXN005719,2026-01-01 14:18:00,USER0047,REC0093,548.1,Food,Hyderabad,Android,App,0,normal
TXN006926,2026-01-01 14:30:00,USER0659,REC0282,489.47,Shopping,Mumbai,Android,QR,0,normal
TXN009982,2026-01-01 14:51:00,USER0292,REC0456,994.46,Travel,Bengaluru,Android,QR,0,normal
TXN000575,2026-01-01 15:17:00,USER0608,REC0095,530.62,Groceries,Mumbai,Android,App,0,normal
TXN006878,2026-01-01 15:18:00,USER0938,REC0164,475.93,Transfer,Hyderabad,Android,QR,0,normal
TXN006155,2026-01-01 15:20:00,USER0807,REC0363,351.02,Groceries,Bengaluru,Android,App,0,normal
TXN001190,2026-01-01 15:47:00,USER0570,REC0402,830.84,Bills,Bengaluru,iOS,QR,0,normal
TXN008562,2026-01-01 15:52:00,USER0950,REC0226,343.11,Shopping,Pune,Android,QR,0,normal
TXN000104,2026-01-01 15:54:00,USER0422,REC0012,739.66,Groceries,Hyderabad,Android,QR,0,normal
TXN007989,2026-01-01 16:01:00,USER0041,REC0500,641.93,Travel,Bengaluru,Android,QR,0,normal
TXN005844,2026-01-01 16:09:00,USER0395,REC0463,527.78,Groceries,Delhi,Android,QR,0,normal
TXN002202,2026-01-01 16:12:00,USER0553,REC0430,163.17,Transfer,Hyderabad,Android,App,0,normal
TXN004361,2026-01-01 16:22:00,USER0447,REC0115,1003.83,Food,Bengaluru,Android,App,0,normal
TXN000707,2026-01-01 16:57:00,USER0627,REC0431,1041.47,Groceries,Chennai,Android,App,0,normal
TXN009009,2026-01-01 17:08:00,USER0931,REC0086,339.97,Food,Mumbai,Android,Collect Request,0,normal
TXN003399,2026-01-01 17:11:00,USER0573,REC0152,489.35,Bills,Mumbai,Android,QR,0,normal
TXN004689,2026-01-01 17:13:00,USER0360,REC0290,113.41,Shopping,Bengaluru,Android,App,0,normal
TXN007727,2026-01-01 17:24:00,USER0402,REC0417,248.06,Shopping,Hyderabad,Android,App,0,normal
TXN001279,2026-01-01 17:32:00,USER0182,REC0451,654.16,Travel,Bengaluru,Android,App,0,normal
TXN004131,2026-01-01 18:06:00,USER0126,REC0103,206.13,Food,Chennai,Android,App,0,normal
TXN001175,2026-01-01 18:27:00,USER0070,REC0065,186.17,Transfer,Mumbai,Android,App,0,normal
TXN001807,2026-01-01 18:32:00,USER0783,REC0184,385.42,Bills,Delhi,Android,QR,0,normal
TXN004768,2026-01-01 18:36:00,USER0063,REC0162,701.29,Travel,Chennai,iOS,App,0,normal
TXN003725,2026-01-01 19:03:00,USER0371,REC0009,653.09,Shopping,Pune,Android,App,0,normal
TXN007969,2026-01-01 19:21:00,USER0499,REC0134,529.6,Groceries,Pune,Android,App,0,normal
TXN009932,2026-01-01 19:57:00,USER0011,REC0365,720.25,Food,Hyderabad,iOS,QR,0,normal
TXN001532,2026-01-01 20:00:00,USER0414,REC0148,495.85,Bills,Mumbai,Android,QR,0,normal
TXN007585,2026-01-01 20:09:00,USER0176,REC0339,375.38,Travel,Mumbai,Android,App,0,normal
TXN002443,2026-01-01 20:23:00,USER0915,REC0187,1239.39,Food,Chennai,Android,QR,0,normal
TXN009125,2026-01-01 20:39:00,USER0534,REC0347,670.07,Groceries,Pune,Android,Collect Request,0,normal
TXN005603,2026-01-01 20:47:00,USER0642,REC0089,891.6,Shopping,Mumbai,Android,QR,0,normal
TXN006591,2026-01-01 21:48:00,USER0793,REC0467,638.83,Food,Delhi,Android,QR,0,normal
TXN003799,2026-01-01 21:49:00,USER0521,REC0408,1575.83,Groceries,Delhi,Android,QR,0,normal
TXN006754,2026-01-01 21:52:00,USER0724,REC0103,633.6,Shopping,Hyderabad,iOS,Collect Request,0,normal
TXN001763,2026-01-01 22:00:00,USER0215,REC0119,176.44,Bills,Mumbai,Android,App,0,normal
TXN001070,2026-01-01 23:10:00,USER0840,REC0079,1333.56,Shopping,Hyderabad,Android,QR,0,normal
TXN009676,2026-01-01 23:13:00,USER0472,REC0165,447.22,Transfer,Mumbai,Android,App,0,normal
TXN004788,2026-01-01 23:37:00,USER0739,REC0028,223.71,Food,Mumbai,Android,App,0,normal
TXN003822,2026-01-01 23:47:00,USER0748,REC0447,729.06,Bills,Hyderabad,Android,QR,0,normal
TXN005880,2026-01-02 00:09:00,USER0623,REC0175,241.72,Bills,Hyderabad,Android,QR,0,normal
TXN006151,2026-01-02 00:39:00,USER0097,REC0353,235.57,Bills,Pune,Android,App,0,normal
TXN009933,2026-01-02 01:23:00,USER0078,REC0489,278.96,Shopping,Hyderabad,iOS,QR,0,normal
TXN005916,2026-01-02 01:30:00,USER0257,REC0204,286.05,Groceries,Hyderabad,Android,QR,0,normal
TXN006747,2026-01-02 02:01:00,USER0888,REC0381,499.03,Travel,Hyderabad,iOS,QR,0,normal
TXN003904,2026-01-02 02:01:00,USER0968,REC0222,1499.37,Bills,Delhi,Android,Collect Request,0,normal
TXN004563,2026-01-02 02:04:00,USER0051,REC0430,337.73,Travel,Bengaluru,Android,Collect Request,1,late_night_payment
TXN000801,2026-01-02 02:07:00,USER0517,REC0290,1038.84,Transfer,Bengaluru,Android,QR,0,normal
TXN005438,2026-01-02 02:13:00,USER0770,REC0200,629.44,Bills,Chennai,Android,App,0,normal
TXN008610,2026-01-02 02:23:00,USER0014,REC0466,819.68,Transfer,Hyderabad,iOS,QR,0,normal
TXN004393,2026-01-02 02:27:00,USER0616,REC0280,1032.42,Bills,Chennai,Android,App,0,normal
TXN000790,2026-01-02 02:34:00,USER0434,REC0324,203.95,Groceries,Mumbai,Android,QR,0,normal
TXN005078,2026-01-02 02:46:00,USER0130,REC0428,276.5,Food,Hyderabad,Android,App,0,normal
TXN006642,2026-01-02 02:55:00,USER0037,REC0099,304.7,Groceries,Delhi,Android,App,0,normal
TXN001682,2026-01-02 02:56:00,USER0377,REC0388,1373.62,Transfer,Pune,Android,QR,0,normal
TXN009199,2026-01-02 03:12:00,USER0550,REC0297,440.7,Bills,Pune,Android,QR,0,normal
TXN007517,2026-01-02 03:23:00,USER0160,REC0390,1438.43,Transfer,Mumbai,Android,App,0,normal
TXN003788,2026-01-02 04:02:00,USER0211,REC0400,305.06,Shopping,Mumbai,Android,App,1,late_night_payment
TXN006436,2026-01-02 04:03:00,USER0574,REC0291,40090.63,Bills,Delhi,Android,App,1,unusually_high_amount
TXN007489,2026-01-02 04:12:00,USER0858,REC0425,1290.36,Travel,Hyderabad,Android,App,1,late_night_payment
TXN007581,2026-01-02 04:57:00,USER0803,REC0465,355.26,Food,Chennai,Android,App,0,normal
TXN004046,2026-01-02 05:45:00,USER0338,REC0162,1021.73,Transfer,Mumbai,Android,App,0,normal
TXN001121,2026-01-02 06:02:00,USER0260,REC0225,809.88,Transfer,Hyderabad,Android,QR,0,normal
TXN000410,2026-01-02 06:06:00,USER0171,REC0351,613.59,Groceries,Mumbai,Android,Collect Request,0,normal
TXN008836,2026-01-02 06:10:00,USER0737,REC0371,404.39,Groceries,Mumbai,Android,Collect Request,0,normal
TXN008444,2026-01-02 06:26:00,USER0328,REC0159,580.44,Groceries,Bengaluru,iOS,QR,0,normal
TXN004230,2026-01-02 06:30:00,USER0807,REC0316,460.03,Bills,Pune,Android,App,0,normal
TXN007992,2026-01-02 06:30:00,USER0934,REC0123,417.61,Groceries,Hyderabad,iOS,QR,0,normal
TXN008619,2026-01-02 06:50:00,USER0923,REC0474,484.04,Food,Mumbai,Android,App,0,normal
TXN006527,2026-01-02 07:09:00,USER0420,REC0267,225.66,Bills,Mumbai,Android,App,0,normal
TXN003103,2026-01-02 07:10:00,USER0357,REC0018,683.06,Groceries,Pune,Android,QR,0,normal
TXN000839,2026-01-02 07:28:00,USER0045,REC0172,576.1,Food,Pune,Android,QR,0,normal
TXN001038,2026-01-02 07:42:00,USER0146,REC0298,743.98,Food,Chennai,Android,App,0,normal
TXN004931,2026-01-02 08:23:00,USER0353,REC0310,168.7,Transfer,Bengaluru,Android,App,0,normal
TXN007227,2026-01-02 09:10:00,USER0861,REC0147,793.24,Shopping,Pune,Android,App,0,normal
TXN009681,2026-01-02 09:11:00,USER0465,REC0195,772.48,Food,Pune,Android,App,0,normal
TXN007599,2026-01-02 09:13:00,USER0300,REC0158,1846.82,Food,Delhi,Android,QR,0,normal
TXN006471,2026-01-02 09:21:00,USER0008,REC0457,870.1,Groceries,Bengaluru,Android,App,0,normal
TXN007602,2026-01-02 09:39:00,USER0178,REC0159,671.45,Food,Delhi,Android,QR,0,normal
TXN000889,2026-01-02 10:01:00,USER0283,REC0474,608.4,Transfer,Pune,iOS,App,0,normal
TXN003136,2026-01-02 10:08:00,USER0502,REC0367,653.82,Food,Delhi,Android,App,0,normal
TXN005142,2026-01-02 10:08:00,USER0651,REC0340,927.16,Travel,Delhi,iOS,App,0,normal
TXN007721,2026-01-02 10:21:00,USER0561,REC0051,1305.43,Transfer,Delhi,iOS,App,0,normal
TXN009632,2026-01-02 10:22:00,USER0175,REC0226,1025.07,Shopping,Pune,Android,QR,0,normal
TXN008509,2026-01-02 10:31:00,USER0322,REC0022,2043.47,Food,Chennai,Android,QR,0,normal
TXN007135,2026-01-02 10:33:00,USER0918,REC0052,1890.59,Bills,Mumbai,Android,App,0,normal
TXN009285,2026-01-02 10:39:00,USER0880,REC0230,4788.07,Groceries,Hyderabad,iOS,App,0,normal
TXN006281,2026-01-02 10:47:00,USER0165,REC0154,175.67,Food,Bengaluru,Android,App,0,normal
TXN004104,2026-01-02 11:03:00,USER0222,REC0071,524.92,Shopping,Bengaluru,iOS,QR,0,normal
TXN008991,2026-01-02 11:05:00,USER0149,REC0217,436.62,Shopping,Bengaluru,iOS,App,0,normal
TXN006142,2026-01-02 11:06:00,USER0425,REC0331,398.17,Transfer,Delhi,Android,QR,0,normal
TXN005068,2026-01-02 11:36:00,USER0046,REC0236,1948.89,Bills,Chennai,Android,App,0,normal
TXN007064,2026-01-02 11:37:00,USER0039,REC0038,603.23,Travel,Hyderabad,Android,QR,0,normal
TXN001624,2026-01-02 11:48:00,USER0075,REC0293,299.14,Food,Bengaluru,Android,QR,0,normal
TXN009547,2026-01-02 12:16:00,USER0366,REC0001,187.49,Travel,Mumbai,Android,QR,0,normal
TXN009584,2026-01-02 12:20:00,USER0121,REC0390,622.5,Bills,Chennai,Android,QR,0,normal
TXN004505,2026-01-02 12:21:00,USER0293,REC0437,1564.34,Food,Pune,Android,App,0,normal
TXN005745,2026-01-02 12:22:00,USER1000,REC0369,436.95,Travel,Delhi,Android,QR,0,normal
TXN003505,2026-01-02 13:22:00,USER0029,REC0363,821.31,Bills,Mumbai,Android,App,0,normal
TXN002975,2026-01-02 13:25:00,USER0014,REC0496,166.93,Groceries,Bengaluru,iOS,Collect Request,0,normal
TXN001366,2026-01-02 14:09:00,USER0174,REC0408,673.61,Shopping,Mumbai,Android,QR,0,normal
TXN009483,2026-01-02 14:15:00,USER0460,REC0073,587.19,Bills,Hyderabad,Android,App,0,normal
TXN000478,2026-01-02 14:31:00,USER0438,REC0180,724.82,Food,Hyderabad,Android,QR,0,normal
TXN003898,2026-01-02 14:34:00,USER0716,REC0262,1634.83,Transfer,Delhi,Android,App,0,normal
TXN008655,2026-01-02 14:35:00,USER0959,REC0164,113.84,Shopping,Hyderabad,Android,QR,0,normal
TXN008683,2026-01-02 14:36:00,USER0847,REC0362,690.97,Shopping,Delhi,Android,QR,0,normal
TXN000415,2026-01-02 14:47:00,USER0334,REC0212,630.36,Shopping,Chennai,Android,App,0,normal
TXN001652,2026-01-02 15:13:00,USER0159,REC0325,411.4,Travel,Pune,Android,App,0,normal
TXN008674,2026-01-02 15:22:00,USER0421,REC0215,426.3,Shopping,Pune,Android,QR,0,normal
TXN003858,2026-01-02 15:49:00,USER0309,REC0359,341.83,Transfer,Delhi,iOS,App,0,normal
TXN004117,2026-01-02 16:13:00,USER0945,REC0482,179.36,Groceries,Mumbai,iOS,QR,0,normal
TXN004527,2026-01-02 16:43:00,USER0210,REC0198,650.51,Food,Pune,Android,QR,0,normal
TXN009002,2026-01-02 16:43:00,USER0691,REC0052,936.57,Food,Chennai,Android,QR,0,normal
TXN001594,2026-01-02 17:06:00,USER0520,REC0092,472.01,Food,Hyderabad,Android,App,0,normal
TXN008945,2026-01-02 17:25:00,USER0157,REC0259,391.8,Bills,Delhi,iOS,App,0,normal
TXN008334,2026-01-02 17:55:00,USER0613,REC0277,445.75,Travel,Delhi,Android,App,0,normal
TXN008806,2026-01-02 17:57:00,USER0526,REC0450,818.22,Bills,Mumbai,Android,QR,0,normal
TXN000233,2026-01-02 18:10:00,USER0181,REC0325,1014.13,Bills,Bengaluru,Android,App,0,normal
TXN002090,2026-01-02 18:41:00,USER0529,REC0306,667.49,Bills,Chennai,iOS,App,0,normal
TXN009935,2026-01-02 18:59:00,USER0657,REC0075,266.36,Bills,Pune,iOS,QR,0,normal
TXN007758,2026-01-02 19:09:00,USER0172,REC0391,1399.09,Shopping,Pune,Android,App,0,normal
TXN007610,2026-01-02 19:30:00,USER0782,REC0297,2336.39,Travel,Delhi,iOS,App,0,normal
TXN005746,2026-01-02 19:45:00,USER0262,REC0013,1446.49,Bills,Hyderabad,Android,QR,0,normal
TXN008900,2026-01-02 19:45:00,USER0348,REC0366,885.99,Groceries,Bengaluru,Android,Collect Request,0,normal
TXN008637,2026-01-02 19:49:00,USER0950,REC0497,2342.22,Groceries,Mumbai,Android,App,0,normal
TXN008272,2026-01-02 19:59:00,USER0696,REC0241,430.63,Groceries,Hyderabad,iOS,Collect Request,0,normal
TXN009073,2026-01-02 20:08:00,USER0461,REC0162,1280.24,Transfer,Chennai,iOS,QR,0,normal
TXN006918,2026-01-02 20:09:00,USER0656,REC0292,221.55,Groceries,Chennai,iOS,App,0,normal
TXN001529,2026-01-02 20:24:00,USER0822,REC0023,837.75,Shopping,Chennai,Android,App,0,normal
TXN006893,2026-01-02 20:41:00,USER0128,REC0023,450.45,Bills,Delhi,Android,App,0,normal
TXN008496,2026-01-02 20:53:00,USER0365,REC0206,2033.19,Groceries,Mumbai,Android,QR,0,normal
TXN002171,2026-01-02 21:09:00,USER0688,REC0442,1181.83,Transfer,Mumbai,Android,Collect Request,0,normal
TXN005035,2026-01-02 21:17:00,USER0467,REC0078,837.07,Travel,Delhi,Android,App,0,normal
TXN005897,2026-01-02 21:25:00,USER0882,REC0108,272.31,Groceries,Bengaluru,Android,QR,0,normal
TXN000540,2026-01-02 21:40:00,USER0491,REC0112,91.23,Bills,Bengaluru,Android,App,0,normal
TXN000300,2026-01-02 22:40:00,USER0277,REC0338,279.68,Bills,Bengaluru,Android,Collect Request,0,normal
TXN003804,2026-01-02 22:55:00,USER0528,REC0212,534.2,Bills,Hyderabad,Android,App,0,normal
TXN005411,2026-01-02 22:58:00,USER0771,REC0108,2095.64,Food,Hyderabad,Android,App,0,normal
TXN004062,2026-01-02 23:09:00,USER0001,REC0098,740.19,Food,Bengaluru,Android,App,0,normal
TXN005621,2026-01-02 23:15:00,USER0791,REC0280,864.49,Bills,Pune,Android,App,0,normal
TXN001167,2026-01-02 23:23:00,USER0953,REC0386,1171.78,Transfer,Delhi,Android,App,0,normal
TXN000369,2026-01-02 23:45:00,USER0342,REC0188,777.84,Groceries,Bengaluru,Android,QR,0,normal
TXN003805,2026-01-03 00:01:00,USER0717,REC0170,415.52,Transfer,Mumbai,Android,QR,0,normal
TXN004076,2026-01-03 00:06:00,USER0739,REC0266,568.47,Food,Delhi,Android,QR,0,normal
TXN008175,2026-01-03 00:17:00,USER0598,REC0029,337.93,Transfer,Chennai,Android,QR,0,normal
TXN000170,2026-01-03 01:03:00,USER0934,REC0328,626.73,Groceries,Mumbai,Android,QR,0,normal
TXN000272,2026-01-03 01:15:00,USER0501,REC0106,640.56,Groceries,Delhi,Android,App,0,normal
TXN001744,2026-01-03 01:58:00,USER0290,REC0074,383.3,Shopping,Pune,Android,App,0,normal
TXN002138,2026-01-03 02:10:00,USER0289,REC0209,709.9,Bills,Hyderabad,Android,QR,0,normal
TXN009718,2026-01-03 02:14:00,USER0519,REC0122,3023.76,Food,Bengaluru,Android,Collect Request,0,normal
TXN007586,2026-01-03 02:18:00,USER0331,REC0132,1071.84,Bills,Delhi,Android,App,0,normal
TXN003947,2026-01-03 02:24:00,USER0845,REC0025,814.71,Transfer,Mumbai,Android,App,0,normal
TXN006707,2026-01-03 02:31:00,USER0740,REC0393,745.1,Shopping,Mumbai,Android,App,0,normal
TXN006219,2026-01-03 02:54:00,USER0363,REC0333,252.17,Bills,Delhi,Android,QR,0,normal
TXN003309,2026-01-03 02:59:00,USER0292,REC0387,287.25,Food,Mumbai,Android,App,0,normal
TXN003119,2026-01-03 03:07:00,USER0663,REC0466,483.75,Groceries,Mumbai,iOS,App,0,normal
TXN001783,2026-01-03 03:09:00,USER0849,REC0012,294.04,Transfer,Chennai,iOS,QR,0,normal
TXN004700,2026-01-03 03:18:00,USER0131,REC0117,594.78,Food,Bengaluru,iOS,App,0,normal
TXN002261,2026-01-03 03:20:00,USER0104,REC0471,976.85,Groceries,Bengaluru,iOS,App,0,normal
TXN008995,2026-01-03 03:37:00,USER0611,REC0096,640.95,Travel,Mumbai,Android,QR,0,normal
TXN002712,2026-01-03 03:46:00,USER0500,REC0079,394.59,Travel,Bengaluru,Android,App,0,normal
TXN000821,2026-01-03 03:46:00,USER0898,REC0378,196.25,Bills,Mumbai,Android,Collect Request,0,normal
TXN005774,2026-01-03 04:20:00,USER0299,REC0162,753.35,Travel,Bengaluru,iOS,App,0,normal
TXN009373,2026-01-03 04:25:00,USER0471,REC0419,1890.15,Bills,Chennai,Android,App,0,normal
TXN003442,2026-01-03 04:48:00,USER0394,REC0048,385.3,Shopping,Chennai,Android,App,0,normal
TXN009118,2026-01-03 04:53:00,USER0522,REC0074,531.49,Transfer,Delhi,Android,App,0,normal
TXN007398,2026-01-03 05:31:00,USER0166,REC0122,1288.19,Bills,Delhi,iOS,QR,0,normal
TXN005405,2026-01-03 05:31:00,USER0991,REC0125,1007.09,Groceries,Bengaluru,Android,App,0,normal
TXN001180,2026-01-03 05:37:00,USER0614,REC0287,545.18,Transfer,Chennai,Android,App,0,normal
TXN000454,2026-01-03 05:41:00,USER0138,REC0370,321.68,Bills,Hyderabad,iOS,Collect Request,0,normal
TXN008676,2026-01-03 05:53:00,USER0549,REC0415,2935.5,Bills,Hyderabad,Android,QR,0,normal
TXN001399,2026-01-03 06:01:00,USER0592,REC0058,1060.35,Shopping,Hyderabad,Android,App,0,normal
TXN005114,2026-01-03 06:05:00,USER0300,REC0042,1528.07,Shopping,Hyderabad,Android,App,0,normal
TXN000429,2026-01-03 06:13:00,USER0320,REC0090,444.54,Bills,Chennai,Android,QR,0,normal
TXN004913,2026-01-03 06:17:00,USER0504,REC0080,308.28,Groceries,Hyderabad,Android,Collect Request,0,normal
TXN004260,2026-01-03 06:26:00,USER0305,REC0436,154.93,Groceries,Chennai,Android,App,0,normal
TXN006616,2026-01-03 07:05:00,USER0668,REC0088,159.33,Transfer,Hyderabad,iOS,App,0,normal
TXN003997,2026-01-03 07:10:00,USER0890,REC0196,151.65,Bills,Chennai,iOS,QR,0,normal
TXN006107,2026-01-03 07:14:00,USER0753,REC0016,904.18,Groceries,Delhi,Android,App,0,normal
TXN008621,2026-01-03 07:28:00,USER0761,REC0338,159.28,Groceries,Bengaluru,Android,QR,0,normal
TXN005162,2026-01-03 08:11:00,USER0259,REC0080,845.51,Groceries,Pune,Android,QR,0,normal
TXN007065,2026-01-03 08:20:00,USER0913,REC0184,360.57,Shopping,Delhi,iOS,QR,0,normal
TXN006666,2026-01-03 08:35:00,USER0081,REC0229,239.85,Shopping,Pune,Android,QR,0,normal
TXN008760,2026-01-03 08:36:00,USER0173,REC0246,271.34,Groceries,Bengaluru,Android,QR,0,normal
TXN006369,2026-01-03 08:38:00,USER0535,REC0055,479.78,Food,Bengaluru,iOS,Collect Request,0,normal
TXN002329,2026-01-03 08:54:00,USER0279,REC0278,189.07,Food,Mumbai,iOS,App,0,normal
TXN002223,2026-01-03 09:01:00,USER0517,REC0369,1450.21,Shopping,Chennai,Android,App,0,normal
TXN006600,2026-01-03 09:11:00,USER0345,REC0329,288.12,Shopping,Bengaluru,Android,App,0,normal
TXN002636,2026-01-03 09:18:00,USER0707,REC0008,248.7,Transfer,Pune,Android,App,0,normal
TXN004645,2026-01-03 09:23:00,USER0485,REC0009,531.4,Food,Delhi,Android,App,0,normal
TXN002410,2026-01-03 09:24:00,USER0148,REC0060,619.64,Shopping,Pune,Android,QR,0,normal
TXN005529,2026-01-03 09:54:00,USER0478,REC0442,328.53,Groceries,Delhi,iOS,App,0,normal
TXN006384,2026-01-03 10:00:00,USER0851,REC0490,336.69,Bills,Hyderabad,Android,Collect Request,0,normal
TXN002469,2026-01-03 10:17:00,USER0439,REC0272,271.82,Groceries,Mumbai,Android,QR,0,normal
TXN008669,2026-01-03 10:28:00,USER0376,REC0422,216.46,Bills,Delhi,iOS,QR,0,normal
TXN007485,2026-01-03 10:35:00,USER0668,REC0253,539.58,Shopping,Pune,iOS,App,0,normal
TXN003486,2026-01-03 10:42:00,USER0061,REC0497,927.38,Groceries,Pune,Android,App,0,normal
TXN008539,2026-01-03 11:06:00,USER0303,REC0101,679.77,Groceries,Pune,Android,App,0,normal
TXN004715,2026-01-03 12:31:00,USER0267,REC0005,1048.05,Shopping,Pune,Android,QR,0,normal
TXN007724,2026-01-03 12:57:00,USER0388,REC0416,1842.87,Groceries,Pune,Android,App,0,normal
TXN005630,2026-01-03 13:06:00,USER0555,REC0104,2775.36,Shopping,Chennai,Android,Collect Request,0,normal
TXN006788,2026-01-03 13:13:00,USER0702,REC0053,1184.25,Groceries,Chennai,Android,QR,0,normal
TXN008409,2026-01-03 14:00:00,USER0027,REC0093,1090.36,Shopping,Hyderabad,iOS,Collect Request,0,normal
TXN009631,2026-01-03 14:10:00,USER0342,REC0206,1175.38,Food,Hyderabad,Android,App,0,normal
TXN000830,2026-01-03 14:38:00,USER0728,REC0155,213.19,Shopping,Delhi,iOS,Collect Request,0,normal
TXN008150,2026-01-03 14:47:00,USER0742,REC0231,103.0,Groceries,Hyderabad,iOS,QR,0,normal
TXN001493,2026-01-03 15:10:00,USER0003,REC0055,389.14,Transfer,Bengaluru,Android,App,0,normal
TXN009505,2026-01-03 15:30:00,USER0385,REC0326,343.11,Shopping,Hyderabad,Android,App,0,normal
TXN001300,2026-01-03 15:57:00,USER0183,REC0116,2189.45,Food,Pune,iOS,QR,0,normal
TXN009084,2026-01-03 16:00:00,USER0954,REC0489,1049.22,Food,Hyderabad,Android,App,0,normal
TXN007011,2026-01-03 16:05:00,USER0342,REC0088,1897.17,Transfer,Bengaluru,Android,App,0,normal
TXN005429,2026-01-03 16:14:00,USER0212,REC0329,1269.49,Groceries,Delhi,Android,QR,0,normal
TXN004535,2026-01-03 16:23:00,USER0328,REC0352,33.95,Groceries,Pune,Android,App,0,normal
TXN008860,2026-01-03 16:26:00,USER0834,REC0350,989.69,Food,Mumbai,Android,App,0,normal
TXN001590,2026-01-03 16:26:00,USER0772,REC0074,434.86,Groceries,Pune,Android,QR,0,normal
TXN007823,2026-01-03 16:42:00,USER0268,REC0200,841.48,Bills,Chennai,Android,App,0,normal
TXN006907,2026-01-03 16:54:00,USER0269,REC0131,1405.32,Shopping,Chennai,Android,App,0,normal
TXN001944,2026-01-03 16:55:00,USER0047,REC0444,268.14,Shopping,Pune,Android,QR,0,normal
TXN003537,2026-01-03 17:01:00,USER0487,REC0335,206.06,Groceries,Hyderabad,Android,App,0,normal
TXN004531,2026-01-03 17:07:00,USER0154,REC0436,68.21,Transfer,Hyderabad,Android,App,0,normal
TXN001869,2026-01-03 17:08:00,USER0095,REC0437,2203.31,Food,Chennai,Android,App,0,normal
TXN007284,2026-01-03 17:15:00,USER0990,REC0370,533.77,Shopping,Hyderabad,Android,App,0,normal
TXN006573,2026-01-03 17:41:00,USER0146,REC0095,939.2,Food,Chennai,Android,QR,0,normal
TXN009051,2026-01-03 17:48:00,USER0931,REC0266,2023.78,Shopping,Mumbai,Android,App,0,normal
TXN008514,2026-01-03 17:50:00,USER0540,REC0002,299.28,Shopping,Mumbai,Android,App,0,normal
TXN006917,2026-01-03 18:30:00,USER0543,REC0485,1515.54,Food,Hyderabad,Android,QR,0,normal
TXN000138,2026-01-03 18:33:00,USER0277,REC0111,654.2,Groceries,Delhi,Android,QR,0,normal
TXN003458,2026-01-03 18:43:00,USER0752,REC0351,1068.27,Groceries,Delhi,Android,QR,0,normal
TXN005120,2026-01-03 18:56:00,USER0894,REC0129,340.58,Food,Hyderabad,Android,App,0,normal
TXN002559,2026-01-03 19:04:00,USER0423,REC0432,681.77,Groceries,Pune,Android,App,0,normal
TXN004160,2026-01-03 19:06:00,USER0956,REC0197,779.37,Bills,Pune,Android,App,0,normal
TXN007648,2026-01-03 19:08:00,USER0738,REC0424,1203.23,Shopping,Pune,Android,App,0,normal
TXN009938,2026-01-03 19:17:00,USER0180,REC0400,610.14,Food,Mumbai,Android,QR,0,normal
TXN008294,2026-01-03 19:28:00,USER0239,REC0183,684.02,Bills,Chennai,Android,QR,0,normal
TXN001536,2026-01-03 19:34:00,USER0617,REC0215,693.33,Groceries,Pune,iOS,QR,0,normal
TXN002951,2026-01-03 19:59:00,USER0008,REC0191,988.51,Transfer,Pune,Android,QR,0,normal
TXN005210,2026-01-03 20:12:00,USER0898,REC0103,540.85,Shopping,Delhi,iOS,App,0,normal
TXN002263,2026-01-03 20:37:00,USER0334,REC0145,517.42,Shopping,Chennai,Android,App,0,normal
TXN000385,2026-01-03 20:55:00,USER0744,REC0310,463.14,Transfer,Pune,iOS,App,0,normal
TXN004036,2026-01-03 21:12:00,USER0028,REC0458,2387.97,Shopping,Chennai,Android,App,0,normal
TXN005396,2026-01-03 21:26:00,USER0831,REC0376,2300.88,Food,Chennai,Android,QR,0,normal
TXN003682,2026-01-03 21:26:00,USER0703,REC0457,416.85,Shopping,Chennai,iOS,Collect Request,0,normal
TXN002499,2026-01-03 21:48:00,USER0239,REC0460,1672.47,Food,Bengaluru,Android,App,0,normal
TXN000787,2026-01-03 21:56:00,USER0006,REC0209,308.15,Groceries,Bengaluru,iOS,App,0,normal
TXN008331,2026-01-03 22:13:00,USER0214,REC0322,2042.31,Shopping,Hyderabad,Android,App,0,normal
TXN004642,2026-01-03 22:23:00,USER0048,REC0232,326.75,Groceries,Pune,Android,App,0,normal
TXN008464,2026-01-03 22:45:00,USER0793,REC0110,137.47,Transfer,Mumbai,iOS,App,0,normal
TXN004244,2026-01-03 22:52:00,USER0007,REC0358,1074.44,Travel,Mumbai,iOS,QR,0,normal
TXN006702,2026-01-03 22:59:00,USER0904,REC0370,639.89,Shopping,Pune,iOS,App,0,normal
TXN005500,2026-01-03 23:08:00,USER0812,REC0170,1098.97,Bills,Mumbai,iOS,App,0,normal
TXN006761,2026-01-03 23:43:00,USER0666,REC0087,697.1,Groceries,Delhi,Android,QR,0,normal
TXN004275,2026-01-03 23:59:00,USER0489,REC0209,653.21,Transfer,Pune,Android,App,0,normal
TXN008286,2026-01-04 00:19:00,USER0228,REC0322,1522.11,Shopping,Hyderabad,Android,App,0,normal
TXN006564,2026-01-04 00:35:00,USER0594,REC0002,566.89,Groceries,Delhi,iOS,App,0,normal
TXN006445,2026-01-04 00:48:00,USER0339,REC0193,928.39,Shopping,Hyderabad,Android,QR,0,normal
TXN006293,2026-01-04 01:09:00,USER0923,REC0224,416.71,Shopping,Bengaluru,Android,App,0,normal
TXN005002,2026-01-04 01:10:00,USER0502,REC0369,1211.07,Shopping,Pune,iOS,App,0,normal
TXN005467,2026-01-04 01:15:00,USER0621,REC0322,3209.01,Food,Mumbai,Android,App,0,normal
TXN004304,2026-01-04 01:49:00,USER0735,REC0449,31941.62,Food,Hyderabad,Android,App,1,unusually_high_amount
TXN006565,2026-01-04 02:12:00,USER0438,REC0225,419.95,Shopping,Mumbai,Android,App,0,normal
TXN009187,2026-01-04 02:26:00,USER0296,REC0122,655.23,Bills,Chennai,iOS,App,0,normal
TXN005838,2026-01-04 02:37:00,USER0930,REC0142,2604.18,Groceries,Delhi,Android,QR,1,late_night_payment
TXN000147,2026-01-04 02:56:00,USER0943,REC0188,1127.71,Groceries,Mumbai,Android,QR,0,normal
TXN003880,2026-01-04 03:01:00,USER0271,REC0362,393.14,Groceries,Chennai,Android,App,1,late_night_payment
TXN009701,2026-01-04 03:05:00,USER0752,REC0424,591.78,Shopping,Pune,Android,App,0,normal
TXN002322,2026-01-04 03:15:00,USER0690,REC0095,292.52,Bills,Delhi,Android,App,0,normal
TXN009346,2026-01-04 03:25:00,USER0928,REC0270,403.3,Food,Pune,Android,QR,0,normal
TXN005503,2026-01-04 03:46:00,USER0796,REC0088,304.37,Groceries,Pune,Android,App,0,normal
TXN006908,2026-01-04 03:47:00,USER0975,REC0268,2273.35,Groceries,Hyderabad,Android,App,0,normal
TXN003320,2026-01-04 03:51:00,USER0425,REC0498,646.29,Food,Pune,Android,QR,0,normal
TXN000663,2026-01-04 03:55:00,USER0262,REC0029,900.16,Food,Pune,Android,QR,0,normal
TXN001683,2026-01-04 03:58:00,USER0940,REC0210,661.8,Bills,Mumbai,iOS,App,0,normal
TXN002866,2026-01-04 03:58:00,USER0110,REC0361,128.43,Shopping,Bengaluru,Android,App,0,normal
TXN000562,2026-01-04 04:08:00,USER0958,REC0336,246.36,Bills,Chennai,Android,App,1,late_night_payment
TXN004003,2026-01-04 04:12:00,USER0090,REC0308,365.56,Shopping,Bengaluru,iOS,App,0,normal
TXN005069,2026-01-04 04:12:00,USER0258,REC0339,200.3,Travel,Delhi,Android,App,0,normal
TXN007382,2026-01-04 04:59:00,USER0506,REC0002,1991.25,Transfer,Hyderabad,iOS,App,1,late_night_payment
TXN004945,2026-01-04 05:24:00,USER0364,REC0353,1047.78,Groceries,Chennai,Android,App,0,normal
TXN001446,2026-01-04 05:25:00,USER0069,REC0018,1006.01,Transfer,Hyderabad,Android,QR,0,normal
TXN002764,2026-01-04 05:32:00,USER0872,REC0097,416.96,Bills,Chennai,Android,App,0,normal
TXN007868,2026-01-04 05:48:00,USER0962,REC0239,931.01,Bills,Delhi,Android,QR,0,normal
TXN000970,2026-01-04 05:53:00,USER0884,REC0131,382.97,Bills,Bengaluru,iOS,QR,0,normal
TXN008741,2026-01-04 06:04:00,USER0207,REC0430,285.54,Shopping,Hyderabad,Android,QR,0,normal
TXN000844,2026-01-04 06:06:00,USER0490,REC0094,2364.38,Shopping,Chennai,iOS,App,0,normal
TXN009349,2026-01-04 06:14:00,USER0074,REC0296,268.13,Shopping,Hyderabad,iOS,QR,0,normal
TXN005740,2026-01-04 06:14:00,USER0695,REC0086,712.03,Transfer,Chennai,Android,App,0,normal
TXN004299,2026-01-04 06:24:00,USER0307,REC0101,432.72,Travel,Mumbai,Android,App,0,normal
TXN006744,2026-01-04 06:25:00,USER0549,REC0256,553.33,Groceries,Chennai,Android,App,0,normal
TXN004552,2026-01-04 06:41:00,USER0757,REC0223,2428.25,Bills,Chennai,Android,App,0,normal
TXN009492,2026-01-04 06:41:00,USER0793,REC0410,708.4,Shopping,Delhi,Android,App,0,normal
TXN001909,2026-01-04 06:56:00,USER0528,REC0002,279.86,Shopping,Hyderabad,Android,App,0,normal
TXN008315,2026-01-04 07:41:00,USER0162,REC0341,1300.49,Bills,Chennai,Android,App,0,normal
TXN007347,2026-01-04 07:46:00,USER0455,REC0081,522.41,Bills,Bengaluru,iOS,QR,0,normal
TXN001266,2026-01-04 07:51:00,USER0421,REC0495,500.81,Shopping,Chennai,iOS,App,0,normal
TXN004969,2026-01-04 08:06:00,USER0379,REC0358,664.12,Food,Pune,iOS,Collect Request,0,normal
TXN003633,2026-01-04 08:13:00,USER0771,REC0134,686.79,Transfer,Delhi,Android,QR,0,normal
TXN006901,2026-01-04 08:15:00,USER0987,REC0068,303.74,Food,Hyderabad,Android,App,0,normal
TXN009136,2026-01-04 08:16:00,USER0811,REC0073,783.44,Groceries,Hyderabad,iOS,QR,0,normal
TXN006359,2026-01-04 08:18:00,USER0282,REC0491,292.71,Groceries,Bengaluru,Android,App,0,normal
TXN003545,2026-01-04 08:27:00,USER0894,REC0222,1023.14,Groceries,Hyderabad,iOS,QR,0,normal
TXN000117,2026-01-04 08:29:00,USER0980,REC0381,211.71,Shopping,Pune,Android,App,0,normal
TXN006510,2026-01-04 08:35:00,USER0688,REC0353,745.53,Transfer,Chennai,Android,App,0,normal
TXN000328,2026-01-04 08:48:00,USER0416,REC0270,182.29,Food,Chennai,Android,QR,0,normal
TXN003755,2026-01-04 09:32:00,USER0899,REC0091,379.02,Bills,Hyderabad,Android,App,0,normal
TXN006577,2026-01-04 10:10:00,USER0068,REC0477,492.78,Groceries,Chennai,Android,App,0,normal
TXN007795,2026-01-04 10:19:00,USER0563,REC0234,678.59,Groceries,Bengaluru,Android,App,0,normal
TXN009353,2026-01-04 10:47:00,USER0163,REC0435,831.64,Shopping,Bengaluru,iOS,QR,0,normal
TXN002630,2026-01-04 11:15:00,USER0692,REC0053,248.47,Travel,Mumbai,Android,App,0,normal
TXN007399,2026-01-04 11:20:00,USER0232,REC0049,276.77,Bills,Chennai,iOS,QR,0,normal
TXN006279,2026-01-04 11:22:00,USER0315,REC0322,177.37,Shopping,Hyderabad,iOS,App,0,normal
TXN003240,2026-01-04 11:28:00,USER0267,REC0120,703.78,Groceries,Chennai,Android,QR,0,normal
TXN006706,2026-01-04 11:38:00,USER0808,REC0367,94.78,Food,Pune,iOS,App,0,normal
TXN004458,2026-01-04 11:42:00,USER0192,REC0438,178.25,Travel,Pune,Android,App,0,normal
TXN009288,2026-01-04 12:09:00,USER0101,REC0361,241.99,Bills,Hyderabad,Android,Collect Request,0,normal
TXN004194,2026-01-04 12:11:00,USER0479,REC0194,446.0,Shopping,Pune,iOS,QR,0,normal
TXN002203,2026-01-04 12:36:00,USER0747,REC0275,1142.59,Transfer,Delhi,Android,App,0,normal
TXN007772,2026-01-04 12:55:00,USER0153,REC0285,189.28,Groceries,Chennai,Android,App,0,normal
TXN004592,2026-01-04 13:22:00,USER0984,REC0383,570.55,Food,Mumbai,iOS,QR,0,normal
TXN009825,2026-01-04 13:22:00,USER0935,REC0069,1124.24,Shopping,Hyderabad,Android,App,0,normal
TXN007111,2026-01-04 13:25:00,USER0803,REC0432,887.73,Groceries,Pune,Android,App,0,normal
TXN004236,2026-01-04 13:27:00,USER0691,REC0360,2694.71,Travel,Chennai,Android,App,0,normal
TXN007676,2026-01-04 14:16:00,USER0732,REC0186,191.26,Groceries,Hyderabad,Android,App,0,normal
TXN005628,2026-01-04 14:17:00,USER0251,REC0133,543.08,Shopping,Chennai,iOS,App,0,normal
TXN002728,2026-01-04 14:36:00,USER0130,REC0154,117.39,Shopping,Bengaluru,Android,QR,0,normal
TXN000870,2026-01-04 14:43:00,USER0732,REC0149,274.85,Travel,Bengaluru,Android,App,0,normal
TXN006352,2026-01-04 14:47:00,USER0894,REC0060,476.62,Bills,Pune,Android,App,0,normal
TXN002038,2026-01-04 14:56:00,USER0744,REC0069,465.08,Travel,Chennai,Android,QR,0,normal
TXN002772,2026-01-04 15:15:00,USER0878,REC0126,476.77,Travel,Bengaluru,Android,App,0,normal
TXN006886,2026-01-04 15:19:00,USER0322,REC0200,380.41,Groceries,Mumbai,Android,App,0,normal
TXN008948,2026-01-04 15:28:00,USER0083,REC0017,357.51,Food,Hyderabad,Android,QR,0,normal
TXN009665,2026-01-04 15:40:00,USER0692,REC0329,288.07,Bills,Chennai,Android,QR,0,normal
TXN002881,2026-01-04 15:47:00,USER0748,REC0166,373.31,Food,Delhi,Android,App,0,normal
TXN004751,2026-01-04 15:54:00,USER0660,REC0119,3203.38,Groceries,Mumbai,iOS,QR,0,normal
TXN008569,2026-01-04 16:04:00,USER0195,REC0499,2647.92,Food,Chennai,iOS,App,0,normal
TXN008882,2026-01-04 16:16:00,USER0564,REC0107,428.3,Bills,Mumbai,Android,QR,0,normal
TXN008253,2026-01-04 16:19:00,USER0695,REC0415,930.17,Shopping,Delhi,Android,App,0,normal
TXN001452,2026-01-04 16:43:00,USER0882,REC0500,1165.29,Food,Delhi,Android,App,0,normal
TXN001099,2026-01-04 17:03:00,USER0135,REC0275,473.5,Groceries,Mumbai,Android,App,0,normal
TXN005134,2026-01-04 17:06:00,USER0037,REC0211,2001.63,Shopping,Pune,iOS,QR,0,normal
TXN008645,2026-01-04 17:18:00,USER0435,REC0377,590.8,Food,Pune,Android,App,0,normal
TXN000250,2026-01-04 17:53:00,USER0553,REC0082,269.3,Groceries,Delhi,Android,App,0,normal
TXN001019,2026-01-04 17:59:00,USER0159,REC0268,226.51,Groceries,Bengaluru,Android,App,0,normal
TXN008079,2026-01-04 18:06:00,USER0295,REC0187,238.44,Bills,Pune,Android,QR,0,normal
TXN004189,2026-01-04 18:37:00,USER0911,REC0177,105.2,Groceries,Bengaluru,Android,App,0,normal
TXN008552,2026-01-04 18:51:00,USER0046,REC0359,1172.49,Shopping,Hyderabad,Android,App,0,normal
TXN007689,2026-01-04 19:01:00,USER0330,REC0254,2213.07,Bills,Chennai,Android,Collect Request,0,normal
TXN004092,2026-01-04 19:28:00,USER0963,REC0351,998.6,Groceries,Chennai,Android,QR,0,normal
TXN000902,2026-01-04 19:28:00,USER0006,REC0238,308.68,Groceries,Hyderabad,Android,QR,0,normal
TXN004320,2026-01-04 19:42:00,USER0166,REC0491,429.68,Food,Mumbai,Android,Collect Request,0,normal
TXN006268,2026-01-04 20:47:00,USER0825,REC0258,876.8,Shopping,Bengaluru,iOS,App,0,normal
TXN006520,2026-01-04 20:49:00,USER0568,REC0449,1062.25,Groceries,Bengaluru,Android,App,0,normal
TXN008028,2026-01-04 20:53:00,USER0300,REC0478,949.25,Shopping,Bengaluru,Android,QR,0,normal
TXN001871,2026-01-04 21:13:00,USER0229,REC0450,438.49,Groceries,Chennai,Android,App,0,normal
TXN004596,2026-01-04 21:15:00,USER0080,REC0021,196.33,Food,Chennai,Android,QR,0,normal
TXN000817,2026-01-04 21:21:00,USER0756,REC0500,1052.24,Groceries,Pune,Android,App,0,normal
TXN002339,2026-01-04 21:51:00,USER0009,REC0211,532.36,Food,Pune,Android,Collect Request,0,normal
TXN000056,2026-01-04 22:36:00,USER0323,REC0081,2072.41,Shopping,Chennai,iOS,App,0,normal
TXN002371,2026-01-04 22:54:00,USER0089,REC0161,718.5,Groceries,Chennai,Android,App,0,normal
TXN000811,2026-01-04 23:24:00,USER0393,REC0065,207.49,Food,Bengaluru,Android,QR,0,normal
TXN002522,2026-01-04 23:25:00,USER0885,REC0281,708.94,Transfer,Chennai,Android,QR,0,normal
TXN009541,2026-01-04 23:39:00,USER0871,REC0354,404.92,Food,Pune,Android,QR,0,normal
TXN007190,2026-01-04 23:53:00,USER0077,REC0398,719.7,Transfer,Chennai,Android,QR,0,normal
TXN001110,2026-01-05 00:26:00,USER0663,REC0385,818.38,Food,Delhi,Android,App,0,normal
TXN000397,2026-01-05 00:44:00,USER0749,REC0499,223.72,Travel,Hyderabad,Android,QR,0,normal
TXN004551,2026-01-05 00:54:00,USER0232,REC0199,584.59,Groceries,Pune,Android,App,0,normal
TXN004776,2026-01-05 00:56:00,USER0129,REC0293,836.49,Transfer,Bengaluru,Android,QR,0,normal
TXN000352,2026-01-05 01:00:00,USER0049,REC0344,1192.47,Food,Delhi,Android,App,0,normal
TXN004269,2026-01-05 01:00:00,USER0026,REC0102,500.75,Transfer,Chennai,Android,Collect Request,0,normal
TXN008918,2026-01-05 01:04:00,USER0587,REC0287,970.37,Groceries,Chennai,Android,App,0,normal
TXN005622,2026-01-05 01:07:00,USER0133,REC0359,729.98,Shopping,Delhi,Android,App,0,normal
TXN002780,2026-01-05 01:26:00,USER0202,REC0147,154.11,Groceries,Pune,Android,QR,0,normal
TXN001806,2026-01-05 01:34:00,USER0139,REC0202,305.86,Shopping,Hyderabad,Android,App,0,normal
TXN007161,2026-01-05 02:05:00,USER0455,REC0088,83.79,Food,Pune,Android,App,0,normal
TXN003013,2026-01-05 02:34:00,USER0900,REC0151,383.36,Food,Pune,Android,App,0,normal
TXN005680,2026-01-05 02:37:00,USER0328,REC0499,203.34,Food,Hyderabad,Android,App,0,normal
TXN003871,2026-01-05 03:01:00,USER0046,REC0193,609.18,Transfer,Mumbai,iOS,QR,0,normal
TXN004127,2026-01-05 03:03:00,USER0144,REC0188,1730.65,Groceries,Bengaluru,Android,QR,0,normal
TXN003852,2026-01-05 03:16:00,USER0170,REC0175,345.82,Food,Delhi,Android,App,0,normal
TXN009606,2026-01-05 03:30:00,USER0689,REC0142,312.78,Groceries,Pune,Android,App,0,normal
TXN006313,2026-01-05 03:51:00,USER0252,REC0235,147.03,Bills,Pune,Android,QR,0,normal
TXN003363,2026-01-05 04:02:00,USER0142,REC0474,1780.58,Bills,Chennai,Android,QR,0,normal
TXN007911,2026-01-05 04:25:00,USER0723,REC0181,242.34,Food,Bengaluru,iOS,App,0,normal
TXN009364,2026-01-05 04:34:00,USER0028,REC0394,393.67,Food,Chennai,iOS,Collect Request,0,normal
TXN005093,2026-01-05 04:42:00,USER0472,REC0224,527.3,Groceries,Mumbai,Android,QR,0,normal
TXN001781,2026-01-05 05:00:00,USER0118,REC0362,389.31,Shopping,Pune,Android,QR,0,normal
TXN004770,2026-01-05 06:03:00,USER0120,REC0283,1108.29,Groceries,Hyderabad,Android,App,0,normal
TXN009053,2026-01-05 06:10:00,USER0104,REC0309,360.42,Bills,Mumbai,iOS,App,0,normal
TXN006612,2026-01-05 06:18:00,USER0120,REC0103,371.17,Travel,Chennai,Android,Collect Request,0,normal
TXN004022,2026-01-05 06:19:00,USER0074,REC0478,1340.57,Groceries,Pune,iOS,App,0,normal
TXN001526,2026-01-05 06:19:00,USER0745,REC0108,800.21,Transfer,Bengaluru,iOS,App,0,normal
TXN007396,2026-01-05 06:20:00,USER0359,REC0174,376.38,Food,Mumbai,Android,App,0,normal
TXN006192,2026-01-05 06:32:00,USER0859,REC0268,319.05,Shopping,Delhi,Android,QR,0,normal
TXN001463,2026-01-05 06:37:00,USER0594,REC0286,1208.34,Food,Pune,Android,Collect Request,0,normal
TXN004329,2026-01-05 08:16:00,USER0022,REC0115,698.08,Food,Bengaluru,Android,App,0,normal
TXN001518,2026-01-05 08:54:00,USER0240,REC0465,195.32,Food,Chennai,Android,App,0,normal
TXN009893,2026-01-05 09:04:00,USER0750,REC0126,1489.95,Food,Hyderabad,Android,App,0,normal
TXN009082,2026-01-05 09:07:00,USER0987,REC0396,730.82,Transfer,Delhi,Android,QR,0,normal
TXN001270,2026-01-05 09:11:00,USER0114,REC0319,1235.2,Transfer,Mumbai,Android,QR,0,normal
TXN007062,2026-01-05 09:14:00,USER0643,REC0393,337.33,Shopping,Delhi,Android,QR,0,normal
TXN005548,2026-01-05 09:34:00,USER0953,REC0015,391.04,Groceries,Hyderabad,Android,App,0,normal
TXN001286,2026-01-05 09:45:00,USER0784,REC0394,492.37,Shopping,Delhi,Android,App,0,normal
TXN008789,2026-01-05 09:48:00,USER0174,REC0337,365.07,Shopping,Delhi,Android,QR,0,normal
TXN004894,2026-01-05 09:59:00,USER0643,REC0334,1134.12,Groceries,Pune,Android,App,0,normal
TXN002884,2026-01-05 10:05:00,USER0911,REC0137,737.04,Travel,Hyderabad,Android,QR,0,normal
TXN000574,2026-01-05 10:23:00,USER0785,REC0446,341.06,Transfer,Pune,iOS,App,0,normal
TXN002412,2026-01-05 10:49:00,USER0678,REC0082,384.39,Groceries,Chennai,Android,QR,0,normal
TXN009476,2026-01-05 10:59:00,USER0181,REC0253,379.61,Food,Pune,Android,App,0,normal
TXN005055,2026-01-05 11:00:00,USER0691,REC0221,1107.0,Shopping,Delhi,Android,QR,0,normal
TXN004347,2026-01-05 11:21:00,USER0189,REC0128,337.04,Transfer,Mumbai,Android,QR,0,normal
TXN005991,2026-01-05 11:26:00,USER0120,REC0212,1078.87,Shopping,Pune,iOS,App,0,normal
TXN006809,2026-01-05 11:46:00,USER0688,REC0235,370.51,Shopping,Pune,Android,App,0,normal
TXN008265,2026-01-05 12:08:00,USER0030,REC0117,445.87,Groceries,Pune,Android,QR,0,normal
TXN001976,2026-01-05 12:13:00,USER0379,REC0500,128.7,Food,Chennai,Android,QR,0,normal
TXN000699,2026-01-05 12:18:00,USER0764,REC0154,418.49,Travel,Pune,Android,Collect Request,0,normal
TXN008215,2026-01-05 12:21:00,USER0530,REC0257,408.33,Shopping,Pune,Android,QR,0,normal
TXN004952,2026-01-05 12:49:00,USER0522,REC0345,765.4,Groceries,Delhi,Android,QR,0,normal
TXN007611,2026-01-05 12:52:00,USER0202,REC0203,567.43,Travel,Chennai,Android,App,0,normal
TXN001642,2026-01-05 13:07:00,USER0696,REC0479,491.59,Groceries,Chennai,Android,App,0,normal
TXN003338,2026-01-05 13:09:00,USER0193,REC0229,206.7,Groceries,Chennai,Android,Collect Request,0,normal
TXN002972,2026-01-05 13:48:00,USER0889,REC0260,1103.54,Food,Chennai,Android,QR,0,normal
TXN002505,2026-01-05 13:51:00,USER0464,REC0165,1092.48,Shopping,Bengaluru,Android,App,0,normal
TXN003464,2026-01-05 13:54:00,USER0543,REC0189,1676.75,Transfer,Pune,iOS,App,0,normal
TXN004986,2026-01-05 14:02:00,USER0763,REC0244,920.37,Food,Delhi,Android,QR,0,normal
TXN001464,2026-01-05 14:04:00,USER0887,REC0018,628.68,Groceries,Chennai,iOS,QR,0,normal
TXN002278,2026-01-05 15:03:00,USER0184,REC0240,172.67,Shopping,Bengaluru,Android,App,0,normal
TXN003617,2026-01-05 15:08:00,USER0681,REC0356,2175.23,Groceries,Mumbai,Android,App,0,normal
TXN005219,2026-01-05 15:34:00,USER0783,REC0101,458.6,Bills,Pune,iOS,QR,0,normal
TXN000848,2026-01-05 15:34:00,USER0007,REC0133,1500.96,Food,Mumbai,Android,App,0,normal
TXN004120,2026-01-05 15:43:00,USER0407,REC0255,217.81,Travel,Delhi,iOS,App,0,normal
TXN004724,2026-01-05 15:46:00,USER0771,REC0266,554.26,Travel,Bengaluru,Android,App,0,normal
TXN007290,2026-01-05 15:53:00,USER0322,REC0116,493.74,Transfer,Mumbai,Android,App,0,normal
TXN001653,2026-01-05 16:07:00,USER0474,REC0309,946.59,Bills,Pune,Android,QR,0,normal
TXN004341,2026-01-05 16:13:00,USER0179,REC0087,609.1,Bills,Delhi,Android,QR,0,normal
TXN008708,2026-01-05 16:13:00,USER0727,REC0048,221.55,Groceries,Hyderabad,iOS,App,0,normal
TXN000584,2026-01-05 16:14:00,USER0449,REC0378,455.11,Food,Bengaluru,iOS,App,0,normal
TXN008824,2026-01-05 16:55:00,USER0357,REC0001,200.54,Bills,Chennai,Android,App,0,normal
TXN007965,2026-01-05 17:25:00,USER0325,REC0065,282.11,Travel,Mumbai,Android,App,0,normal
TXN002618,2026-01-05 17:33:00,USER0350,REC0006,516.9,Transfer,Bengaluru,Android,App,0,normal
TXN008287,2026-01-05 17:40:00,USER0053,REC0020,1115.1,Food,Mumbai,Android,App,0,normal
TXN002314,2026-01-05 18:03:00,USER0452,REC0453,773.14,Travel,Pune,Android,QR,0,normal
TXN009272,2026-01-05 18:32:00,USER0025,REC0323,358.49,Food,Mumbai,Android,QR,0,normal
TXN000887,2026-01-05 18:32:00,USER0002,REC0152,1165.24,Groceries,Hyderabad,Android,QR,0,normal
TXN005012,2026-01-05 19:10:00,USER0736,REC0024,644.31,Shopping,Hyderabad,Android,App,0,normal
TXN007360,2026-01-05 19:12:00,USER0694,REC0033,1171.38,Transfer,Chennai,Android,QR,0,normal
TXN009884,2026-01-05 19:14:00,USER0230,REC0459,404.07,Travel,Mumbai,Android,QR,0,normal
TXN000546,2026-01-05 19:18:00,USER0826,REC0302,100.28,Groceries,Mumbai,Android,App,0,normal
TXN008311,2026-01-05 19:20:00,USER0050,REC0400,869.82,Shopping,Mumbai,Android,QR,0,normal
TXN005646,2026-01-05 20:45:00,USER0318,REC0033,275.6,Food,Hyderabad,Android,App,0,normal
TXN001983,2026-01-05 20:50:00,USER0483,REC0391,1540.3,Transfer,Pune,Android,App,0,normal
TXN006205,2026-01-05 21:03:00,USER0454,REC0453,996.66,Food,Hyderabad,Android,App,0,normal
TXN006828,2026-01-05 21:27:00,USER0295,REC0137,300.64,Groceries,Delhi,iOS,QR,0,normal
TXN000898,2026-01-05 21:43:00,USER0538,REC0024,533.94,Food,Chennai,Android,App,0,normal
TXN006327,2026-01-05 22:14:00,USER0307,REC0066,173.92,Groceries,Pune,Android,App,0,normal
TXN007954,2026-01-05 22:18:00,USER0032,REC0131,836.65,Food,Bengaluru,Android,QR,0,normal
TXN003800,2026-01-05 22:39:00,USER0948,REC0476,732.46,Shopping,Bengaluru,Android,QR,0,normal
TXN001267,2026-01-05 22:54:00,USER0151,REC0121,375.51,Transfer,Delhi,Android,App,0,normal
TXN003452,2026-01-05 23:15:00,USER0390,REC0027,454.3,Shopping,Pune,Android,App,0,normal
TXN002488,2026-01-05 23:23:00,USER0792,REC0323,484.6,Transfer,Pune,Android,QR,0,normal
TXN000542,2026-01-05 23:39:00,USER0957,REC0349,1109.0,Bills,Hyderabad,Android,App,0,normal
TXN005537,2026-01-05 23:49:00,USER0262,REC0145,238.54,Food,Pune,Android,App,0,normal
TXN001026,2026-01-06 00:01:00,USER0469,REC0082,668.09,Food,Bengaluru,Android,QR,0,normal
TXN004855,2026-01-06 00:04:00,USER0541,REC0113,212.06,Shopping,Mumbai,Android,App,0,normal
TXN004185,2026-01-06 00:19:00,USER0537,REC0303,734.46,Transfer,Mumbai,Android,Collect Request,0,normal
TXN001021,2026-01-06 00:50:00,USER0455,REC0020,462.21,Transfer,Pune,Android,App,0,normal
TXN005017,2026-01-06 01:18:00,USER0750,REC0163,600.83,Food,Chennai,Android,QR,0,normal
TXN004702,2026-01-06 01:35:00,USER0037,REC0438,269.84,Shopping,Chennai,Android,App,0,normal
TXN003781,2026-01-06 01:40:00,USER0278,REC0130,959.87,Bills,Bengaluru,Android,QR,0,normal
TXN003357,2026-01-06 02:30:00,USER0649,REC0127,511.39,Shopping,Pune,Android,QR,0,normal
TXN006276,2026-01-06 02:43:00,USER0045,REC0105,1841.13,Bills,Pune,iOS,App,0,normal
TXN005653,2026-01-06 02:51:00,USER0922,REC0220,715.92,Groceries,Bengaluru,Android,App,0,normal
TXN006316,2026-01-06 02:55:00,USER0215,REC0221,188.55,Groceries,Delhi,Android,QR,0,normal
TXN001801,2026-01-06 03:13:00,USER0206,REC0465,445.25,Bills,Bengaluru,Android,QR,0,normal
TXN001979,2026-01-06 03:19:00,USER0954,REC0200,388.26,Shopping,Chennai,iOS,QR,0,normal
TXN005475,2026-01-06 03:20:00,USER0002,REC0073,233.7,Shopping,Bengaluru,Android,App,0,normal
TXN000858,2026-01-06 03:37:00,USER0928,REC0213,641.58,Shopping,Chennai,Android,App,0,normal
TXN007320,2026-01-06 03:44:00,USER0426,REC0061,474.88,Food,Bengaluru,Android,App,0,normal
TXN006838,2026-01-06 03:46:00,USER0334,REC0122,1130.7,Transfer,Delhi,Android,QR,0,normal
TXN009793,2026-01-06 03:53:00,USER0541,REC0102,640.64,Shopping,Mumbai,Android,QR,0,normal
TXN005816,2026-01-06 04:25:00,USER0829,REC0351,700.73,Groceries,Chennai,iOS,App,0,normal
TXN006370,2026-01-06 04:36:00,USER0400,REC0299,1655.47,Groceries,Pune,iOS,App,0,normal
TXN009437,2026-01-06 04:58:00,USER0607,REC0455,538.95,Food,Hyderabad,Android,QR,0,normal
TXN003184,2026-01-06 05:09:00,USER0693,REC0119,284.57,Groceries,Hyderabad,iOS,App,0,normal
TXN004893,2026-01-06 05:29:00,USER0757,REC0171,856.96,Food,Chennai,Android,Collect Request,0,normal
TXN001136,2026-01-06 05:30:00,USER0157,REC0416,285.39,Groceries,Hyderabad,Android,App,0,normal
TXN003509,2026-01-06 05:34:00,USER0481,REC0209,426.73,Groceries,Bengaluru,Android,App,0,normal
TXN002657,2026-01-06 05:51:00,USER0262,REC0201,265.48,Food,Delhi,Android,QR,0,normal
TXN000150,2026-01-06 05:56:00,USER0985,REC0085,1804.59,Groceries,Chennai,Android,App,0,normal
TXN007530,2026-01-06 06:10:00,USER0399,REC0328,1354.96,Groceries,Bengaluru,Android,App,0,normal
TXN008157,2026-01-06 06:15:00,USER0749,REC0357,212.61,Groceries,Chennai,iOS,App,0,normal
TXN007919,2026-01-06 06:15:00,USER0638,REC0468,679.17,Transfer,Chennai,iOS,App,0,normal
TXN004518,2026-01-06 06:49:00,USER0712,REC0157,499.28,Bills,Mumbai,Android,App,0,normal
TXN008654,2026-01-06 07:00:00,USER0521,REC0158,542.09,Groceries,Hyderabad,Android,QR,0,normal
TXN004388,2026-01-06 07:06:00,USER0493,REC0192,682.02,Food,Delhi,Android,App,0,normal
TXN008648,2026-01-06 07:15:00,USER0679,REC0169,478.13,Groceries,Hyderabad,iOS,App,0,normal
TXN003113,2026-01-06 07:31:00,USER0437,REC0354,1327.77,Food,Hyderabad,Android,QR,0,normal
TXN004861,2026-01-06 07:43:00,USER0934,REC0030,1007.65,Groceries,Chennai,iOS,Collect Request,0,normal
TXN004873,2026-01-06 07:52:00,USER0997,REC0475,668.39,Groceries,Pune,Android,App,0,normal
TXN003189,2026-01-06 08:18:00,USER0987,REC0315,432.52,Food,Bengaluru,Android,QR,0,normal
TXN002460,2026-01-06 08:29:00,USER0434,REC0374,1058.23,Travel,Pune,iOS,App,0,normal
TXN009457,2026-01-06 08:33:00,USER0354,REC0391,1109.51,Bills,Hyderabad,Android,QR,0,normal
TXN005257,2026-01-06 09:03:00,USER0956,REC0415,1531.05,Groceries,Chennai,iOS,App,0,normal
TXN006211,2026-01-06 09:11:00,USER0500,REC0252,245.79,Bills,Mumbai,Android,App,0,normal
TXN009953,2026-01-06 09:13:00,USER0516,REC0434,670.14,Food,Bengaluru,Android,App,0,normal
TXN002788,2026-01-06 09:13:00,USER0134,REC0214,1351.13,Bills,Delhi,Android,App,0,normal
TXN008293,2026-01-06 09:18:00,USER0463,REC0069,221.22,Food,Delhi,Android,App,0,normal
TXN005850,2026-01-06 09:34:00,USER0846,REC0475,1323.21,Shopping,Chennai,iOS,App,0,normal
TXN001615,2026-01-06 10:05:00,USER0773,REC0172,642.34,Transfer,Bengaluru,Android,App,0,normal
TXN001351,2026-01-06 10:13:00,USER0624,REC0095,2042.74,Food,Bengaluru,Android,QR,0,normal
TXN002982,2026-01-06 10:18:00,USER0262,REC0053,475.22,Transfer,Hyderabad,Android,QR,0,normal
TXN003919,2026-01-06 10:31:00,USER0243,REC0217,894.78,Travel,Mumbai,Android,App,0,normal
TXN005385,2026-01-06 10:44:00,USER0511,REC0120,382.13,Groceries,Delhi,Android,Collect Request,0,normal
TXN001470,2026-01-06 10:44:00,USER0156,REC0130,2956.64,Shopping,Mumbai,Android,App,0,normal
TXN007183,2026-01-06 10:53:00,USER0583,REC0296,273.53,Travel,Bengaluru,iOS,Collect Request,0,normal
TXN004484,2026-01-06 10:57:00,USER0290,REC0112,2760.0,Groceries,Hyderabad,iOS,QR,0,normal
TXN001411,2026-01-06 10:57:00,USER0090,REC0006,248.02,Shopping,Delhi,Android,App,0,normal
TXN005974,2026-01-06 11:07:00,USER0945,REC0456,488.0,Groceries,Chennai,Android,App,0,normal
TXN007410,2026-01-06 11:23:00,USER0478,REC0062,252.31,Food,Bengaluru,Android,App,0,normal
TXN000619,2026-01-06 12:02:00,USER0958,REC0091,1359.97,Shopping,Bengaluru,Android,App,0,normal
TXN002373,2026-01-06 12:02:00,USER0022,REC0112,809.15,Bills,Mumbai,iOS,QR,0,normal
TXN003501,2026-01-06 12:04:00,USER0187,REC0003,228.17,Travel,Pune,iOS,App,0,normal
TXN003533,2026-01-06 12:21:00,USER0025,REC0221,428.13,Groceries,Pune,Android,QR,0,normal
TXN005606,2026-01-06 12:25:00,USER0355,REC0052,1163.15,Travel,Chennai,Android,QR,0,normal
TXN004737,2026-01-06 12:27:00,USER0440,REC0105,2440.0,Transfer,Chennai,Android,QR,0,normal
TXN001889,2026-01-06 12:47:00,USER0893,REC0213,1464.26,Groceries,Chennai,iOS,QR,0,normal
TXN007628,2026-01-06 13:02:00,USER0963,REC0335,1758.24,Shopping,Bengaluru,Android,QR,0,normal
TXN008416,2026-01-06 13:06:00,USER0417,REC0483,297.04,Food,Bengaluru,iOS,QR,0,normal
TXN007361,2026-01-06 13:15:00,USER0188,REC0056,459.95,Transfer,Bengaluru,Android,QR,0,normal
TXN007272,2026-01-06 13:30:00,USER0479,REC0108,356.06,Travel,Hyderabad,iOS,QR,0,normal
TXN006614,2026-01-06 13:40:00,USER0692,REC0472,358.76,Groceries,Hyderabad,Android,App,0,normal
TXN008071,2026-01-06 13:48:00,USER0093,REC0310,2634.19,Food,Delhi,Android,QR,0,normal
TXN002002,2026-01-06 14:03:00,USER0456,REC0402,464.11,Shopping,Pune,Android,QR,0,normal
TXN002525,2026-01-06 14:37:00,USER0659,REC0235,85.75,Food,Bengaluru,Android,App,0,normal
TXN006249,2026-01-06 14:58:00,USER0939,REC0412,543.84,Groceries,Bengaluru,iOS,QR,0,normal
TXN006416,2026-01-06 15:09:00,USER0336,REC0446,459.81,Groceries,Bengaluru,Android,QR,0,normal
TXN002804,2026-01-06 16:19:00,USER0208,REC0287,561.59,Bills,Chennai,Android,App,0,normal
TXN007977,2026-01-06 16:35:00,USER0071,REC0408,440.25,Food,Pune,Android,QR,0,normal
TXN002888,2026-01-06 16:47:00,USER0813,REC0026,287.22,Travel,Bengaluru,Android,App,0,normal
TXN006288,2026-01-06 17:30:00,USER0339,REC0376,527.74,Travel,Delhi,Android,App,0,normal
TXN000036,2026-01-06 17:50:00,USER0487,REC0397,516.07,Groceries,Bengaluru,Android,App,0,normal
TXN006531,2026-01-06 17:55:00,USER0581,REC0050,431.33,Bills,Chennai,Android,App,0,normal
TXN009431,2026-01-06 18:02:00,USER0652,REC0365,534.15,Shopping,Bengaluru,Android,App,0,normal
TXN006632,2026-01-06 18:10:00,USER0548,REC0149,369.07,Food,Bengaluru,Android,QR,0,normal
TXN006835,2026-01-06 18:20:00,USER0927,REC0473,894.93,Groceries,Chennai,iOS,App,0,normal
TXN002129,2026-01-06 18:31:00,USER0830,REC0183,874.36,Shopping,Bengaluru,Android,QR,0,normal
TXN005696,2026-01-06 18:41:00,USER0287,REC0399,644.24,Food,Chennai,Android,App,0,normal
TXN009925,2026-01-06 18:47:00,USER0558,REC0442,497.21,Groceries,Delhi,Android,QR,0,normal
TXN006064,2026-01-06 19:13:00,USER0365,REC0176,354.41,Bills,Delhi,iOS,App,0,normal
TXN006839,2026-01-06 19:49:00,USER0058,REC0136,567.82,Groceries,Hyderabad,Android,App,0,normal
TXN006331,2026-01-06 19:52:00,USER0405,REC0045,594.07,Transfer,Hyderabad,Android,App,0,normal
TXN009831,2026-01-06 20:07:00,USER0459,REC0469,560.61,Groceries,Pune,Android,App,0,normal
TXN003798,2026-01-06 20:17:00,USER0602,REC0192,438.21,Shopping,Delhi,Android,App,0,normal
TXN000279,2026-01-06 20:18:00,USER0341,REC0478,674.19,Bills,Delhi,Android,QR,0,normal
TXN002331,2026-01-06 20:44:00,USER0849,REC0421,189.37,Bills,Mumbai,Android,QR,0,normal
TXN009518,2026-01-06 20:51:00,USER0077,REC0017,4776.24,Groceries,Chennai,iOS,QR,0,normal
TXN007849,2026-01-06 20:53:00,USER0682,REC0389,311.08,Shopping,Bengaluru,Android,App,0,normal
TXN008584,2026-01-06 20:59:00,USER0867,REC0208,555.0,Bills,Chennai,iOS,QR,0,normal
TXN001456,2026-01-06 21:32:00,USER0323,REC0306,543.05,Groceries,Pune,iOS,QR,0,normal
TXN006139,2026-01-06 21:59:00,USER0263,REC0086,381.73,Bills,Pune,iOS,QR,0,normal
TXN008013,2026-01-06 22:12:00,USER0816,REC0207,111.08,Food,Delhi,iOS,App,0,normal
TXN005359,2026-01-06 22:27:00,USER0520,REC0262,880.94,Shopping,Bengaluru,Android,QR,0,normal
TXN008425,2026-01-06 22:35:00,USER0702,REC0495,655.7,Food,Bengaluru,Android,QR,0,normal
TXN009275,2026-01-06 22:39:00,USER0671,REC0298,857.75,Travel,Hyderabad,Android,App,0,normal
TXN002711,2026-01-06 22:41:00,USER0884,REC0368,465.95,Transfer,Hyderabad,Android,QR,0,normal
TXN002440,2026-01-06 22:43:00,USER0437,REC0385,1170.62,Bills,Pune,Android,Collect Request,0,normal
TXN004692,2026-01-06 23:25:00,USER0537,REC0210,2070.5,Bills,Mumbai,Android,App,0,normal
TXN001035,2026-01-06 23:43:00,USER0483,REC0173,1408.38,Travel,Bengaluru,Android,QR,0,normal
TXN000518,2026-01-06 23:46:00,USER0427,REC0188,659.53,Food,Pune,Android,QR,0,normal
TXN006335,2026-01-06 23:53:00,USER0552,REC0263,945.22,Food,Delhi,Android,App,0,normal
TXN003917,2026-01-07 00:05:00,USER0141,REC0098,180.85,Groceries,Delhi,iOS,App,0,normal
TXN002964,2026-01-07 00:20:00,USER0466,REC0313,746.51,Bills,Bengaluru,Android,QR,0,normal
TXN004644,2026-01-07 00:40:00,USER0037,REC0208,76.4,Shopping,Hyderabad,Android,QR,0,normal
TXN005301,2026-01-07 00:48:00,USER0693,REC0101,3076.32,Transfer,Mumbai,Android,App,0,normal
TXN004456,2026-01-07 01:03:00,USER0320,REC0255,363.15,Bills,Pune,iOS,QR,0,normal
TXN001362,2026-01-07 01:04:00,USER0868,REC0250,201.97,Food,Bengaluru,Android,App,0,normal
TXN008470,2026-01-07 01:04:00,USER0116,REC0099,718.49,Bills,Hyderabad,Android,App,0,normal
TXN005309,2026-01-07 01:11:00,USER0477,REC0057,663.33,Shopping,Chennai,iOS,QR,0,normal
TXN004838,2026-01-07 01:31:00,USER0462,REC0319,401.44,Bills,Hyderabad,Android,QR,0,normal
TXN006295,2026-01-07 01:38:00,USER0983,REC0080,1318.78,Bills,Bengaluru,Android,QR,0,normal
TXN006661,2026-01-07 01:44:00,USER0299,REC0344,1211.06,Groceries,Bengaluru,Android,QR,0,normal
TXN002312,2026-01-07 01:50:00,USER0098,REC0018,444.21,Transfer,Chennai,Android,App,0,normal
TXN004394,2026-01-07 01:51:00,USER0131,REC0074,567.29,Food,Hyderabad,Android,App,0,normal
TXN008666,2026-01-07 02:03:00,USER0379,REC0039,221.1,Groceries,Delhi,Android,QR,0,normal
TXN000387,2026-01-07 02:06:00,USER0166,REC0091,518.39,Shopping,Pune,iOS,App,0,normal
TXN001769,2026-01-07 02:11:00,USER0358,REC0187,284.49,Food,Delhi,iOS,Collect Request,0,normal
TXN000045,2026-01-07 02:42:00,USER0536,REC0410,779.76,Groceries,Hyderabad,iOS,QR,0,normal
TXN004277,2026-01-07 02:53:00,USER0270,REC0006,380.71,Groceries,Delhi,Android,QR,0,normal
TXN004291,2026-01-07 03:01:00,USER0564,REC0291,785.46,Food,Bengaluru,Android,App,0,normal
TXN003561,2026-01-07 03:21:00,USER0279,REC0383,530.08,Travel,Hyderabad,iOS,App,0,normal
TXN008704,2026-01-07 03:37:00,USER0507,REC0376,338.06,Travel,Mumbai,iOS,Collect Request,0,normal
TXN004854,2026-01-07 04:13:00,USER0993,REC0326,757.9,Food,Hyderabad,Android,QR,0,normal
TXN003155,2026-01-07 04:22:00,USER0940,REC0454,158.73,Transfer,Chennai,Android,App,0,normal
TXN002669,2026-01-07 04:35:00,USER0846,REC0084,767.97,Food,Hyderabad,Android,QR,1,late_night_payment
TXN006802,2026-01-07 04:40:00,USER0504,REC0113,672.67,Groceries,Bengaluru,Android,QR,0,normal
TXN002705,2026-01-07 04:49:00,USER0103,REC0401,953.93,Groceries,Bengaluru,Android,QR,0,normal
TXN007910,2026-01-07 04:54:00,USER0475,REC0487,421.68,Groceries,Pune,iOS,QR,0,normal
TXN004680,2026-01-07 05:20:00,USER0902,REC0311,719.38,Bills,Pune,iOS,Collect Request,0,normal
TXN004684,2026-01-07 05:20:00,USER0286,REC0473,1531.81,Food,Pune,iOS,App,0,normal
TXN006145,2026-01-07 05:21:00,USER0974,REC0370,514.46,Food,Delhi,Android,QR,0,normal
TXN002795,2026-01-07 05:31:00,USER0464,REC0139,1985.8,Food,Chennai,iOS,QR,0,normal
TXN007871,2026-01-07 06:08:00,USER0470,REC0220,66.85,Food,Chennai,Android,QR,0,normal
TXN008378,2026-01-07 06:21:00,USER0755,REC0369,1045.03,Groceries,Chennai,iOS,QR,0,normal
TXN002232,2026-01-07 06:25:00,USER0763,REC0250,241.23,Groceries,Hyderabad,iOS,App,0,normal
TXN007939,2026-01-07 06:26:00,USER0769,REC0120,982.3,Shopping,Hyderabad,Android,App,0,normal
TXN004399,2026-01-07 06:47:00,USER0784,REC0317,211.21,Groceries,Bengaluru,iOS,QR,0,normal
TXN006009,2026-01-07 06:47:00,USER0802,REC0479,387.18,Shopping,Pune,Android,Collect Request,0,normal
TXN003070,2026-01-07 07:03:00,USER0449,REC0053,304.04,Groceries,Delhi,Android,QR,0,normal
TXN005336,2026-01-07 07:26:00,USER0368,REC0349,752.19,Shopping,Mumbai,Android,QR,0,normal
TXN009450,2026-01-07 07:32:00,USER0606,REC0082,602.32,Travel,Chennai,Android,QR,0,normal
TXN000899,2026-01-07 07:38:00,USER0664,REC0459,269.24,Bills,Mumbai,Android,App,0,normal
TXN006314,2026-01-07 07:42:00,USER0872,REC0208,322.05,Food,Bengaluru,Android,QR,0,normal
TXN007037,2026-01-07 07:48:00,USER1000,REC0023,547.1,Shopping,Hyderabad,Android,Collect Request,0,normal
TXN008672,2026-01-07 07:52:00,USER0829,REC0062,464.43,Travel,Mumbai,Android,QR,0,normal
TXN009102,2026-01-07 08:15:00,USER0920,REC0148,2009.22,Groceries,Chennai,Android,QR,0,normal
TXN006933,2026-01-07 08:15:00,USER0022,REC0427,641.72,Food,Chennai,Android,QR,0,normal
TXN006287,2026-01-07 08:16:00,USER0681,REC0343,153.28,Shopping,Pune,Android,App,0,normal
TXN002591,2026-01-07 08:19:00,USER0114,REC0261,1155.34,Travel,Delhi,Android,Collect Request,0,normal
TXN008403,2026-01-07 08:29:00,USER0545,REC0314,398.71,Shopping,Bengaluru,Android,QR,0,normal
TXN007687,2026-01-07 08:29:00,USER0897,REC0001,318.52,Groceries,Bengaluru,Android,App,0,normal
TXN008512,2026-01-07 08:36:00,USER0210,REC0476,367.33,Bills,Delhi,Android,App,0,normal
TXN009944,2026-01-07 08:55:00,USER0095,REC0356,640.88,Travel,Delhi,Android,QR,0,normal
TXN003411,2026-01-07 09:26:00,USER0891,REC0364,292.21,Groceries,Delhi,iOS,App,0,normal
TXN006131,2026-01-07 09:26:00,USER0374,REC0013,461.58,Food,Mumbai,Android,App,0,normal
TXN008316,2026-01-07 09:32:00,USER0108,REC0426,653.01,Transfer,Bengaluru,Android,App,0,normal
TXN008436,2026-01-07 09:43:00,USER0993,REC0332,1116.5,Shopping,Bengaluru,Android,QR,0,normal
TXN003988,2026-01-07 09:53:00,USER0519,REC0182,825.99,Travel,Chennai,Android,App,0,normal
TXN006277,2026-01-07 09:55:00,USER0438,REC0061,234.74,Transfer,Bengaluru,Android,App,0,normal
TXN003532,2026-01-07 10:01:00,USER0643,REC0035,1654.64,Shopping,Mumbai,Android,App,0,normal
TXN009173,2026-01-07 10:10:00,USER0013,REC0164,530.7,Transfer,Mumbai,Android,App,0,normal
TXN003277,2026-01-07 10:30:00,USER0327,REC0102,1868.39,Shopping,Hyderabad,Android,Collect Request,0,normal
TXN006620,2026-01-07 10:34:00,USER0971,REC0159,1649.35,Bills,Pune,Android,App,0,normal
TXN009490,2026-01-07 10:37:00,USER0804,REC0470,614.37,Groceries,Hyderabad,Android,QR,0,normal
TXN001953,2026-01-07 10:59:00,USER0679,REC0354,533.28,Groceries,Hyderabad,Android,App,0,normal
TXN006526,2026-01-07 11:02:00,USER0828,REC0113,1481.76,Transfer,Mumbai,Android,App,0,normal
TXN003816,2026-01-07 11:04:00,USER0809,REC0407,287.25,Food,Hyderabad,Android,QR,0,normal
TXN001834,2026-01-07 11:08:00,USER0798,REC0214,453.82,Food,Bengaluru,Android,QR,0,normal
TXN007972,2026-01-07 11:09:00,USER0749,REC0189,630.38,Food,Chennai,iOS,App,0,normal
TXN003652,2026-01-07 11:11:00,USER0559,REC0143,1487.19,Transfer,Hyderabad,Android,App,0,normal
TXN004780,2026-01-07 11:13:00,USER0225,REC0377,2427.52,Food,Delhi,Android,QR,0,normal
TXN001022,2026-01-07 11:38:00,USER0102,REC0275,1071.31,Food,Chennai,Android,Collect Request,0,normal
TXN005530,2026-01-07 12:30:00,USER0635,REC0229,207.81,Shopping,Bengaluru,Android,QR,0,normal
TXN000659,2026-01-07 12:31:00,USER0147,REC0094,434.25,Groceries,Delhi,iOS,QR,0,normal
TXN003335,2026-01-07 12:33:00,USER0953,REC0318,635.56,Bills,Pune,Android,App,0,normal
TXN009177,2026-01-07 12:43:00,USER0892,REC0156,609.93,Travel,Hyderabad,Android,QR,0,normal
TXN004593,2026-01-07 13:17:00,USER0642,REC0247,1251.24,Food,Hyderabad,Android,QR,0,normal
TXN002025,2026-01-07 13:21:00,USER0921,REC0385,1871.2,Groceries,Hyderabad,iOS,App,0,normal
TXN007882,2026-01-07 13:46:00,USER0139,REC0385,1631.77,Groceries,Chennai,iOS,App,0,normal
TXN007275,2026-01-07 14:10:00,USER0745,REC0090,294.12,Transfer,Bengaluru,Android,QR,0,normal
TXN008178,2026-01-07 14:12:00,USER0527,REC0249,1552.92,Food,Chennai,Android,QR,0,normal
TXN007699,2026-01-07 14:13:00,USER0176,REC0157,163.39,Bills,Pune,Android,App,0,normal
TXN004231,2026-01-07 14:38:00,USER0597,REC0492,323.98,Groceries,Pune,Android,App,0,normal
TXN009225,2026-01-07 14:45:00,USER0880,REC0317,356.34,Food,Hyderabad,iOS,QR,0,normal
TXN005423,2026-01-07 14:59:00,USER0371,REC0241,245.93,Food,Chennai,iOS,QR,0,normal
TXN009674,2026-01-07 15:10:00,USER0171,REC0297,534.09,Groceries,Pune,Android,QR,0,normal
TXN007160,2026-01-07 15:13:00,USER0157,REC0141,27954.86,Food,Hyderabad,iOS,App,1,unusually_high_amount
TXN009419,2026-01-07 15:32:00,USER0432,REC0323,2615.52,Groceries,Mumbai,Android,App,0,normal
TXN009705,2026-01-07 15:54:00,USER0608,REC0444,1019.15,Food,Bengaluru,Android,App,0,normal
TXN001253,2026-01-07 15:54:00,USER0343,REC0347,412.45,Shopping,Bengaluru,Android,App,0,normal
TXN003536,2026-01-07 15:57:00,USER0476,REC0378,162.68,Shopping,Delhi,Android,App,0,normal
TXN003614,2026-01-07 15:59:00,USER0527,REC0306,1186.08,Bills,Bengaluru,Android,QR,0,normal
TXN001215,2026-01-07 16:13:00,USER0476,REC0478,625.49,Food,Chennai,Android,QR,0,normal
TXN001911,2026-01-07 16:31:00,USER0211,REC0436,715.74,Food,Mumbai,iOS,Collect Request,0,normal
TXN006794,2026-01-07 17:31:00,USER0548,REC0070,309.8,Transfer,Bengaluru,Android,QR,0,normal
TXN008586,2026-01-07 17:49:00,USER0704,REC0300,685.35,Groceries,Bengaluru,Android,App,0,normal
TXN006439,2026-01-07 17:57:00,USER0791,REC0305,862.3,Shopping,Delhi,Android,App,0,normal
TXN009552,2026-01-07 17:59:00,USER0108,REC0043,626.95,Food,Mumbai,Android,QR,0,normal
TXN003932,2026-01-07 18:02:00,USER0565,REC0055,735.22,Bills,Mumbai,Android,App,0,normal
TXN005584,2026-01-07 18:18:00,USER0501,REC0075,637.87,Transfer,Pune,Android,App,0,normal
TXN009160,2026-01-07 18:42:00,USER0074,REC0139,462.58,Groceries,Bengaluru,Android,App,0,normal
TXN004697,2026-01-07 18:45:00,USER0563,REC0328,1152.86,Bills,Mumbai,iOS,App,0,normal
TXN005697,2026-01-07 18:55:00,USER0454,REC0253,1501.62,Food,Delhi,iOS,App,0,normal
TXN007125,2026-01-07 19:49:00,USER0955,REC0139,1229.75,Bills,Chennai,Android,QR,0,normal
TXN006870,2026-01-07 20:02:00,USER0764,REC0415,3270.19,Groceries,Bengaluru,Android,App,0,normal
TXN008947,2026-01-07 20:21:00,USER0791,REC0217,408.48,Food,Bengaluru,iOS,App,0,normal
TXN000069,2026-01-07 20:54:00,USER0309,REC0329,636.87,Transfer,Hyderabad,Android,App,0,normal
TXN007950,2026-01-07 20:56:00,USER0299,REC0086,168.28,Food,Bengaluru,Android,QR,0,normal
TXN006797,2026-01-07 21:21:00,USER0872,REC0052,272.13,Shopping,Pune,Android,App,0,normal
TXN001055,2026-01-07 21:28:00,USER0138,REC0450,2425.85,Travel,Mumbai,Android,QR,0,normal
TXN006338,2026-01-07 21:32:00,USER0203,REC0234,328.22,Shopping,Pune,Android,App,0,normal
TXN005166,2026-01-07 21:45:00,USER0161,REC0302,905.05,Groceries,Chennai,iOS,App,0,normal
TXN007605,2026-01-07 21:45:00,USER0739,REC0177,570.32,Groceries,Pune,Android,App,0,normal
TXN008299,2026-01-07 23:13:00,USER0218,REC0030,1480.32,Groceries,Pune,Android,App,0,normal
TXN002856,2026-01-07 23:15:00,USER0395,REC0080,702.98,Bills,Pune,Android,QR,0,normal
TXN009358,2026-01-07 23:30:00,USER0404,REC0064,259.44,Travel,Chennai,Android,App,0,normal
TXN001027,2026-01-07 23:42:00,USER0732,REC0048,981.39,Bills,Mumbai,Android,QR,0,normal
TXN006329,2026-01-07 23:45:00,USER0919,REC0040,842.13,Bills,Chennai,Android,QR,0,normal
TXN003580,2026-01-07 23:55:00,USER0847,REC0095,464.14,Travel,Chennai,Android,Collect Request,0,normal
TXN002479,2026-01-08 00:02:00,USER0497,REC0325,307.43,Transfer,Mumbai,Android,Collect Request,0,normal
TXN004105,2026-01-08 00:07:00,USER0533,REC0106,826.29,Travel,Bengaluru,Android,App,0,normal
TXN001588,2026-01-08 00:42:00,USER0115,REC0485,572.4,Transfer,Chennai,Android,QR,0,normal
TXN003916,2026-01-08 00:49:00,USER0551,REC0065,298.14,Transfer,Hyderabad,iOS,App,0,normal
TXN007556,2026-01-08 01:02:00,USER0799,REC0422,2625.57,Transfer,Bengaluru,Android,App,0,normal
TXN004624,2026-01-08 02:05:00,USER0281,REC0250,486.76,Bills,Mumbai,Android,Collect Request,0,normal
TXN007671,2026-01-08 02:08:00,USER0348,REC0168,360.77,Food,Mumbai,Android,QR,0,normal
TXN007635,2026-01-08 02:09:00,USER0549,REC0247,366.34,Groceries,Bengaluru,Android,QR,0,normal
TXN008275,2026-01-08 02:14:00,USER0811,REC0236,776.01,Groceries,Chennai,Android,QR,0,normal
TXN006919,2026-01-08 02:25:00,USER0703,REC0020,297.51,Food,Hyderabad,Android,App,0,normal
TXN009156,2026-01-08 02:47:00,USER0683,REC0038,652.65,Shopping,Delhi,Android,App,0,normal
TXN000127,2026-01-08 03:03:00,USER0434,REC0228,285.46,Food,Mumbai,Android,App,0,normal
TXN000217,2026-01-08 03:11:00,USER0576,REC0245,647.71,Food,Chennai,iOS,QR,0,normal
TXN006522,2026-01-08 03:19:00,USER0367,REC0181,1208.64,Groceries,Bengaluru,iOS,QR,0,normal
TXN001571,2026-01-08 03:36:00,USER0091,REC0256,390.48,Shopping,Hyderabad,iOS,QR,0,normal
TXN006018,2026-01-08 03:43:00,USER0841,REC0379,439.32,Transfer,Pune,Android,QR,0,normal
TXN009613,2026-01-08 03:47:00,USER0503,REC0423,1820.85,Shopping,Mumbai,iOS,App,0,normal
TXN006667,2026-01-08 04:40:00,USER0703,REC0149,745.76,Bills,Mumbai,Android,Collect Request,0,normal
TXN001096,2026-01-08 04:54:00,USER0622,REC0198,1051.32,Food,Bengaluru,iOS,App,0,normal
TXN009917,2026-01-08 05:01:00,USER0068,REC0239,481.34,Shopping,Bengaluru,iOS,QR,0,normal
TXN004648,2026-01-08 05:23:00,USER0931,REC0182,681.24,Groceries,Bengaluru,Android,QR,0,normal
TXN005139,2026-01-08 05:38:00,USER0405,REC0494,257.8,Travel,Delhi,Android,App,0,normal
TXN006372,2026-01-08 05:58:00,USER0929,REC0135,133.59,Food,Chennai,Android,App,0,normal
TXN003759,2026-01-08 06:03:00,USER0971,REC0355,926.51,Transfer,Chennai,Android,App,0,normal
TXN007986,2026-01-08 06:16:00,USER0142,REC0279,1497.18,Bills,Mumbai,Android,App,0,normal
TXN002752,2026-01-08 06:23:00,USER0205,REC0033,414.67,Groceries,Pune,iOS,App,0,normal
TXN008382,2026-01-08 06:28:00,USER0465,REC0030,595.73,Travel,Pune,Android,Collect Request,0,normal
TXN005508,2026-01-08 06:29:00,USER0849,REC0075,376.83,Food,Chennai,Android,QR,0,normal
TXN007411,2026-01-08 06:33:00,USER0140,REC0009,326.22,Groceries,Mumbai,iOS,App,0,normal
TXN000439,2026-01-08 06:40:00,USER0071,REC0023,1710.58,Shopping,Hyderabad,Android,App,0,normal
TXN004537,2026-01-08 06:54:00,USER0365,REC0163,543.1,Transfer,Hyderabad,Android,App,0,normal
TXN003134,2026-01-08 07:17:00,USER0576,REC0228,331.68,Groceries,Bengaluru,Android,Collect Request,0,normal
TXN006965,2026-01-08 07:22:00,USER0575,REC0408,2403.91,Groceries,Chennai,Android,QR,0,normal
TXN007720,2026-01-08 07:54:00,USER0207,REC0431,208.71,Food,Pune,Android,QR,0,normal
TXN005591,2026-01-08 08:31:00,USER0158,REC0135,425.21,Travel,Pune,iOS,App,0,normal
TXN001851,2026-01-08 08:42:00,USER0478,REC0310,264.35,Transfer,Delhi,Android,QR,0,normal
TXN009556,2026-01-08 08:56:00,USER0658,REC0125,502.35,Shopping,Chennai,iOS,QR,0,normal
TXN001361,2026-01-08 10:01:00,USER0840,REC0337,126.82,Food,Mumbai,iOS,App,0,normal
TXN005262,2026-01-08 10:02:00,USER0509,REC0168,258.86,Shopping,Delhi,Android,QR,0,normal
TXN008433,2026-01-08 10:25:00,USER0893,REC0280,865.27,Shopping,Chennai,Android,QR,0,normal
TXN003639,2026-01-08 10:30:00,USER0026,REC0482,265.8,Transfer,Chennai,Android,QR,0,normal
TXN000280,2026-01-08 10:41:00,USER0843,REC0024,203.58,Transfer,Pune,Android,QR,0,normal
TXN007312,2026-01-08 11:08:00,USER0208,REC0093,521.97,Groceries,Pune,Android,App,0,normal
TXN008099,2026-01-08 11:13:00,USER0662,REC0073,258.68,Shopping,Chennai,Android,QR,0,normal
TXN009328,2026-01-08 11:27:00,USER0835,REC0257,442.98,Groceries,Pune,Android,App,0,normal
TXN003887,2026-01-08 11:42:00,USER0292,REC0206,3376.91,Food,Delhi,iOS,App,0,normal
TXN002635,2026-01-08 11:50:00,USER0351,REC0003,306.6,Shopping,Pune,Android,QR,0,normal
TXN004577,2026-01-08 11:51:00,USER0331,REC0055,242.28,Food,Chennai,Android,QR,0,normal
TXN006194,2026-01-08 12:29:00,USER0078,REC0029,524.0,Travel,Bengaluru,Android,App,0,normal
TXN008747,2026-01-08 12:52:00,USER0144,REC0318,335.4,Travel,Chennai,Android,App,0,normal
TXN008687,2026-01-08 13:11:00,USER0353,REC0073,1537.42,Transfer,Bengaluru,Android,QR,0,normal
TXN001122,2026-01-08 13:41:00,USER0930,REC0169,1386.83,Shopping,Chennai,Android,App,0,normal
TXN008582,2026-01-08 14:11:00,USER0406,REC0442,15224.08,Food,Mumbai,iOS,App,1,unusually_high_amount
TXN000246,2026-01-08 14:23:00,USER0432,REC0046,137.49,Bills,Chennai,iOS,QR,0,normal
TXN006010,2026-01-08 14:28:00,USER0776,REC0213,482.47,Travel,Mumbai,Android,App,0,normal
TXN000678,2026-01-08 14:30:00,USER0830,REC0156,667.68,Transfer,Chennai,Android,App,0,normal
TXN009042,2026-01-08 15:06:00,USER0917,REC0158,587.52,Groceries,Chennai,Android,App,0,normal
TXN001328,2026-01-08 15:11:00,USER0131,REC0389,448.82,Shopping,Delhi,Android,App,0,normal
TXN001256,2026-01-08 15:12:00,USER0769,REC0032,266.17,Groceries,Pune,Android,App,0,normal
TXN007502,2026-01-08 15:17:00,USER0723,REC0311,427.6,Shopping,Delhi,Android,App,0,normal
TXN006609,2026-01-08 15:25:00,USER0761,REC0097,832.28,Groceries,Pune,Android,App,0,normal
TXN007562,2026-01-08 15:32:00,USER0596,REC0200,1655.18,Bills,Pune,iOS,App,0,normal
TXN009535,2026-01-08 15:38:00,USER0961,REC0481,809.92,Food,Mumbai,Android,App,0,normal
TXN003543,2026-01-08 15:39:00,USER0089,REC0102,645.81,Bills,Hyderabad,Android,App,0,normal
TXN003321,2026-01-08 15:42:00,USER0420,REC0445,679.35,Shopping,Chennai,iOS,App,0,normal
TXN006638,2026-01-08 16:48:00,USER0306,REC0381,245.11,Groceries,Delhi,Android,App,0,normal
TXN006413,2026-01-08 17:00:00,USER0717,REC0473,329.0,Bills,Bengaluru,Android,App,0,normal
TXN005876,2026-01-08 17:30:00,USER0229,REC0162,885.08,Bills,Bengaluru,iOS,App,0,normal
TXN000007,2026-01-08 17:38:00,USER0639,REC0235,701.68,Groceries,Hyderabad,Android,QR,0,normal
TXN008431,2026-01-08 17:38:00,USER0796,REC0147,354.97,Groceries,Mumbai,Android,QR,0,normal
TXN002366,2026-01-08 17:43:00,USER0812,REC0310,468.27,Bills,Pune,Android,App,0,normal
TXN000881,2026-01-08 17:48:00,USER0074,REC0028,337.71,Food,Delhi,Android,App,0,normal
TXN000753,2026-01-08 18:19:00,USER0298,REC0370,1169.44,Transfer,Mumbai,Android,App,0,normal
TXN009143,2026-01-08 18:20:00,USER0023,REC0294,659.95,Food,Hyderabad,Android,App,0,normal
TXN005229,2026-01-08 18:22:00,USER0277,REC0413,146.21,Travel,Hyderabad,Android,QR,0,normal
TXN006854,2026-01-08 18:32:00,USER0791,REC0487,331.88,Shopping,Delhi,Android,QR,0,normal
TXN002529,2026-01-08 18:34:00,USER0721,REC0363,848.45,Travel,Pune,Android,Collect Request,0,normal
TXN005367,2026-01-08 18:34:00,USER0526,REC0481,1185.09,Food,Chennai,Android,QR,0,normal
TXN007775,2026-01-08 18:42:00,USER0266,REC0256,1667.14,Bills,Pune,iOS,App,0,normal
TXN009414,2026-01-08 18:43:00,USER0756,REC0167,1422.4,Shopping,Pune,Android,App,0,normal
TXN003620,2026-01-08 19:17:00,USER0789,REC0422,325.56,Groceries,Mumbai,Android,App,0,normal
TXN009710,2026-01-08 19:22:00,USER0106,REC0428,494.8,Food,Mumbai,Android,QR,0,normal
TXN002865,2026-01-08 19:24:00,USER0317,REC0245,794.78,Groceries,Pune,Android,App,0,normal
TXN007188,2026-01-08 19:29:00,USER0457,REC0063,213.0,Food,Mumbai,Android,QR,0,normal
TXN002317,2026-01-08 19:32:00,USER0269,REC0265,279.04,Transfer,Pune,Android,QR,0,normal
TXN003281,2026-01-08 19:52:00,USER0652,REC0189,338.7,Shopping,Hyderabad,iOS,Collect Request,0,normal
TXN005179,2026-01-08 20:16:00,USER0324,REC0399,79.79,Bills,Mumbai,Android,App,0,normal
TXN007962,2026-01-08 20:39:00,USER0533,REC0300,515.64,Food,Delhi,Android,QR,0,normal
TXN006157,2026-01-08 20:51:00,USER0519,REC0466,164.2,Groceries,Pune,Android,QR,0,normal
TXN007403,2026-01-08 21:17:00,USER0224,REC0133,583.24,Food,Pune,iOS,Collect Request,0,normal
TXN000196,2026-01-08 21:19:00,USER0644,REC0486,1794.35,Shopping,Bengaluru,Android,QR,0,normal
TXN003535,2026-01-08 21:25:00,USER0360,REC0006,327.04,Food,Chennai,iOS,QR,0,normal
TXN000728,2026-01-08 21:27:00,USER0901,REC0340,330.0,Bills,Delhi,Android,QR,0,normal
TXN008038,2026-01-08 21:30:00,USER0712,REC0184,700.6,Bills,Chennai,Android,QR,0,normal
TXN004432,2026-01-08 21:33:00,USER0069,REC0036,738.41,Bills,Hyderabad,Android,App,0,normal
TXN006513,2026-01-08 21:43:00,USER0537,REC0173,273.35,Travel,Chennai,Android,QR,0,normal
TXN007526,2026-01-08 22:55:00,USER0270,REC0138,994.29,Transfer,Hyderabad,Android,Collect Request,0,normal
TXN003982,2026-01-08 22:56:00,USER0128,REC0461,1094.51,Shopping,Bengaluru,iOS,App,0,normal
TXN005792,2026-01-08 23:01:00,USER0656,REC0296,579.33,Shopping,Pune,iOS,App,0,normal
TXN005535,2026-01-08 23:30:00,USER0124,REC0317,3804.58,Transfer,Pune,iOS,App,0,normal
TXN005194,2026-01-08 23:39:00,USER0300,REC0479,2370.42,Groceries,Delhi,Android,QR,0,normal
TXN001721,2026-01-08 23:44:00,USER0471,REC0267,641.2,Groceries,Bengaluru,Android,App,0,normal
TXN001543,2026-01-08 23:56:00,USER0158,REC0224,497.71,Shopping,Hyderabad,iOS,QR,0,normal
TXN004698,2026-01-09 00:05:00,USER0265,REC0461,651.09,Groceries,Chennai,Android,App,0,normal
TXN003248,2026-01-09 00:19:00,USER0428,REC0337,1368.8,Travel,Mumbai,Android,App,0,normal
TXN000001,2026-01-09 00:46:00,USER0339,REC0018,1589.74,Food,Bengaluru,iOS,QR,0,normal
TXN001931,2026-01-09 01:08:00,USER0224,REC0349,377.77,Food,Delhi,Android,QR,0,normal
TXN004258,2026-01-09 01:49:00,USER0852,REC0042,1343.02,Transfer,Chennai,Android,QR,0,normal
TXN002854,2026-01-09 01:52:00,USER0115,REC0418,237.92,Food,Chennai,Android,App,0,normal
TXN001531,2026-01-09 02:00:00,USER0685,REC0058,645.88,Travel,Chennai,iOS,App,0,normal
TXN001809,2026-01-09 02:03:00,USER0825,REC0486,894.88,Transfer,Mumbai,Android,Collect Request,0,normal
TXN003528,2026-01-09 02:24:00,USER0678,REC0075,230.69,Bills,Mumbai,iOS,QR,0,normal
TXN000172,2026-01-09 02:30:00,USER0414,REC0405,793.47,Bills,Chennai,Android,QR,0,normal
TXN009072,2026-01-09 02:31:00,USER0355,REC0307,478.83,Bills,Chennai,Android,QR,0,normal
TXN000695,2026-01-09 02:37:00,USER0752,REC0015,192.31,Groceries,Chennai,Android,App,0,normal
TXN007490,2026-01-09 02:41:00,USER0568,REC0277,286.22,Bills,Chennai,Android,QR,0,normal
TXN006578,2026-01-09 02:46:00,USER0350,REC0284,1587.4,Bills,Chennai,iOS,QR,0,normal
TXN004926,2026-01-09 03:16:00,USER0039,REC0063,202.02,Travel,Hyderabad,Android,QR,0,normal
TXN000826,2026-01-09 03:21:00,USER0332,REC0065,128.12,Food,Hyderabad,Android,App,0,normal
TXN008999,2026-01-09 03:37:00,USER0415,REC0026,579.68,Groceries,Mumbai,Android,App,0,normal
TXN000133,2026-01-09 03:37:00,USER0982,REC0047,367.9,Groceries,Delhi,Android,QR,0,normal
TXN007369,2026-01-09 03:38:00,USER0450,REC0079,431.36,Travel,Chennai,iOS,QR,0,normal
TXN002912,2026-01-09 03:39:00,USER0747,REC0011,1035.47,Groceries,Hyderabad,Android,QR,0,normal
TXN007932,2026-01-09 03:43:00,USER0168,REC0480,268.6,Shopping,Hyderabad,Android,App,1,late_night_payment
TXN002033,2026-01-09 03:54:00,USER0991,REC0341,415.94,Bills,Delhi,iOS,App,0,normal
TXN004128,2026-01-09 03:54:00,USER0062,REC0398,498.34,Food,Hyderabad,Android,QR,0,normal
TXN000359,2026-01-09 04:24:00,USER0972,REC0297,218.62,Food,Pune,iOS,App,0,normal
TXN001633,2026-01-09 04:46:00,USER0249,REC0322,681.63,Food,Pune,iOS,QR,0,normal
TXN007896,2026-01-09 04:50:00,USER0724,REC0012,784.83,Travel,Hyderabad,Android,App,0,normal
TXN006036,2026-01-09 05:46:00,USER0710,REC0225,522.4,Bills,Delhi,iOS,App,0,normal
TXN000910,2026-01-09 06:07:00,USER0932,REC0187,162.22,Transfer,Pune,Android,App,0,normal
TXN002082,2026-01-09 06:07:00,USER0454,REC0483,587.12,Bills,Delhi,Android,App,0,normal
TXN004101,2026-01-09 06:26:00,USER0980,REC0191,529.27,Groceries,Bengaluru,iOS,QR,0,normal
TXN006931,2026-01-09 06:37:00,USER0578,REC0099,261.32,Bills,Delhi,iOS,App,0,normal
TXN000033,2026-01-09 07:00:00,USER0857,REC0496,258.97,Shopping,Pune,Android,QR,0,normal
TXN007386,2026-01-09 07:16:00,USER0012,REC0056,911.68,Groceries,Mumbai,iOS,QR,0,normal
TXN004611,2026-01-09 07:34:00,USER0802,REC0070,516.39,Shopping,Bengaluru,Android,App,0,normal
TXN006655,2026-01-09 07:45:00,USER0013,REC0208,1020.67,Shopping,Chennai,Android,App,0,normal
TXN005565,2026-01-09 07:53:00,USER0417,REC0320,1048.64,Shopping,Delhi,iOS,App,0,normal
TXN008549,2026-01-09 08:20:00,USER0705,REC0102,668.15,Shopping,Delhi,iOS,QR,0,normal
TXN002340,2026-01-09 08:21:00,USER0699,REC0394,1325.58,Travel,Bengaluru,iOS,App,0,normal
TXN004528,2026-01-09 08:24:00,USER0023,REC0102,781.01,Bills,Chennai,iOS,App,0,normal
TXN005482,2026-01-09 09:06:00,USER0508,REC0442,644.45,Food,Bengaluru,Android,App,0,normal
TXN008407,2026-01-09 09:09:00,USER0307,REC0230,251.97,Food,Chennai,Android,App,0,normal
TXN007880,2026-01-09 09:21:00,USER0934,REC0447,1342.04,Food,Bengaluru,Android,QR,0,normal
TXN004300,2026-01-09 09:27:00,USER0601,REC0271,741.74,Food,Hyderabad,Android,Collect Request,0,normal
TXN005479,2026-01-09 09:29:00,USER0036,REC0367,1216.98,Shopping,Hyderabad,Android,Collect Request,0,normal
TXN000581,2026-01-09 09:34:00,USER0740,REC0093,2064.64,Groceries,Pune,iOS,QR,0,normal
TXN000951,2026-01-09 09:45:00,USER0057,REC0450,532.6,Transfer,Chennai,iOS,QR,0,normal
TXN008941,2026-01-09 09:58:00,USER0575,REC0118,547.59,Groceries,Bengaluru,Android,QR,0,normal
TXN005764,2026-01-09 10:06:00,USER0030,REC0344,308.7,Groceries,Chennai,Android,App,0,normal
TXN004572,2026-01-09 10:08:00,USER0914,REC0101,237.75,Shopping,Mumbai,iOS,QR,0,normal
TXN005903,2026-01-09 10:27:00,USER0695,REC0198,431.0,Food,Pune,iOS,Collect Request,0,normal
TXN004466,2026-01-09 11:05:00,USER0197,REC0087,1100.13,Shopping,Hyderabad,Android,QR,0,normal
TXN001690,2026-01-09 11:11:00,USER0463,REC0108,553.62,Groceries,Mumbai,iOS,App,0,normal
TXN006396,2026-01-09 11:15:00,USER0213,REC0418,925.73,Travel,Hyderabad,Android,App,0,normal
TXN000010,2026-01-09 11:25:00,USER0044,REC0152,966.06,Food,Mumbai,iOS,QR,0,normal
TXN006568,2026-01-09 11:32:00,USER0505,REC0121,1061.31,Shopping,Pune,Android,App,0,normal
TXN002816,2026-01-09 11:39:00,USER0209,REC0187,321.55,Travel,Chennai,Android,QR,0,normal
TXN004294,2026-01-09 11:46:00,USER0340,REC0205,885.32,Food,Pune,Android,QR,0,normal
TXN000376,2026-01-09 12:02:00,USER0531,REC0175,1760.95,Travel,Pune,Android,QR,0,normal
TXN007372,2026-01-09 12:14:00,USER0128,REC0085,366.65,Groceries,Delhi,Android,App,0,normal
TXN002594,2026-01-09 12:25:00,USER0805,REC0365,119.14,Shopping,Chennai,Android,QR,0,normal
TXN000243,2026-01-09 12:32:00,USER0560,REC0262,409.94,Bills,Delhi,Android,App,0,normal
TXN003975,2026-01-09 13:15:00,USER0802,REC0252,528.25,Groceries,Bengaluru,Android,App,0,normal
TXN000700,2026-01-09 13:18:00,USER0204,REC0415,86.87,Bills,Hyderabad,iOS,App,0,normal
TXN002453,2026-01-09 13:19:00,USER0854,REC0053,336.5,Transfer,Chennai,Android,Collect Request,0,normal
TXN000674,2026-01-09 13:24:00,USER0696,REC0303,318.19,Food,Delhi,iOS,QR,0,normal
TXN003672,2026-01-09 13:36:00,USER0163,REC0431,501.55,Food,Delhi,Android,Collect Request,0,normal
TXN002266,2026-01-09 13:37:00,USER0726,REC0091,191.42,Groceries,Mumbai,iOS,QR,0,normal
TXN007859,2026-01-09 13:37:00,USER0705,REC0157,489.63,Groceries,Delhi,Android,App,0,normal
TXN007994,2026-01-09 13:42:00,USER0837,REC0138,398.56,Food,Chennai,Android,QR,0,normal
TXN000977,2026-01-09 13:43:00,USER0627,REC0142,488.83,Transfer,Pune,Android,App,0,normal
TXN006420,2026-01-09 13:57:00,USER0961,REC0452,737.96,Groceries,Hyderabad,iOS,App,0,normal
TXN008212,2026-01-09 14:14:00,USER0730,REC0161,521.0,Food,Hyderabad,Android,QR,0,normal
TXN000791,2026-01-09 14:39:00,USER0618,REC0297,1675.31,Shopping,Delhi,Android,QR,0,normal
TXN004671,2026-01-09 15:03:00,USER0931,REC0132,587.59,Groceries,Pune,Android,QR,0,normal
TXN002306,2026-01-09 15:33:00,USER0359,REC0116,321.11,Transfer,Bengaluru,Android,App,0,normal
TXN006334,2026-01-09 15:46:00,USER0689,REC0093,567.19,Groceries,Bengaluru,Android,App,0,normal
TXN000218,2026-01-09 16:12:00,USER0510,REC0431,454.42,Food,Chennai,Android,QR,0,normal
TXN006149,2026-01-09 16:32:00,USER0799,REC0114,410.36,Shopping,Mumbai,Android,App,0,normal
TXN005028,2026-01-09 16:59:00,USER0699,REC0352,290.57,Groceries,Delhi,Android,App,0,normal
TXN007813,2026-01-09 17:05:00,USER0912,REC0444,470.45,Food,Chennai,iOS,App,0,normal
TXN002742,2026-01-09 17:06:00,USER0882,REC0086,195.72,Food,Mumbai,Android,App,0,normal
TXN006637,2026-01-09 17:19:00,USER0744,REC0214,456.05,Shopping,Mumbai,Android,QR,0,normal
TXN008149,2026-01-09 17:20:00,USER0195,REC0391,1385.01,Travel,Pune,Android,App,0,normal
TXN004848,2026-01-09 17:22:00,USER0497,REC0006,2543.18,Travel,Chennai,Android,App,0,normal
TXN001842,2026-01-09 17:28:00,USER0466,REC0264,438.43,Food,Pune,Android,App,0,normal
TXN004071,2026-01-09 17:50:00,USER0501,REC0408,345.93,Bills,Pune,iOS,App,0,normal
TXN000087,2026-01-09 18:00:00,USER0556,REC0181,398.28,Travel,Chennai,Android,App,0,normal
TXN003419,2026-01-09 18:13:00,USER0430,REC0391,1285.63,Bills,Bengaluru,Android,QR,0,normal
TXN008395,2026-01-09 18:26:00,USER0281,REC0117,277.48,Bills,Hyderabad,Android,App,0,normal
TXN006104,2026-01-09 18:41:00,USER0752,REC0416,1390.37,Shopping,Hyderabad,iOS,Collect Request,0,normal
TXN003284,2026-01-09 19:13:00,USER0819,REC0039,1061.49,Bills,Mumbai,Android,App,0,normal
TXN004763,2026-01-09 19:19:00,USER0617,REC0012,620.09,Groceries,Chennai,Android,QR,0,normal
TXN004314,2026-01-09 19:25:00,USER0856,REC0423,330.01,Shopping,Pune,Android,App,0,normal
TXN003959,2026-01-09 19:28:00,USER0003,REC0321,339.81,Groceries,Mumbai,iOS,App,0,normal
TXN006000,2026-01-09 19:51:00,USER0953,REC0273,161.97,Shopping,Delhi,Android,App,0,normal
TXN004727,2026-01-09 20:13:00,USER0360,REC0396,303.02,Food,Mumbai,iOS,Collect Request,0,normal
TXN004843,2026-01-09 20:17:00,USER0530,REC0209,214.24,Food,Delhi,Android,QR,0,normal
TXN009129,2026-01-09 21:18:00,USER0821,REC0209,355.75,Food,Mumbai,Android,QR,0,normal
TXN008295,2026-01-09 21:25:00,USER0272,REC0137,996.1,Travel,Mumbai,Android,QR,0,normal
TXN002321,2026-01-09 21:28:00,USER0153,REC0382,2186.14,Groceries,Chennai,Android,App,0,normal
TXN001788,2026-01-09 21:40:00,USER0848,REC0232,589.17,Travel,Mumbai,Android,App,0,normal
TXN003343,2026-01-09 21:45:00,USER0246,REC0083,174.3,Food,Mumbai,Android,Collect Request,0,normal
TXN002957,2026-01-09 21:49:00,USER0484,REC0348,1152.47,Groceries,Pune,Android,App,0,normal
TXN009663,2026-01-09 21:50:00,USER0193,REC0385,663.25,Food,Hyderabad,Android,App,0,normal
TXN004553,2026-01-09 21:55:00,USER0082,REC0171,729.74,Shopping,Chennai,Android,App,0,normal
TXN007857,2026-01-09 21:58:00,USER0826,REC0096,306.36,Groceries,Pune,Android,App,0,normal
TXN000588,2026-01-09 22:05:00,USER0669,REC0174,284.78,Transfer,Mumbai,Android,QR,0,normal
TXN002472,2026-01-09 22:10:00,USER0076,REC0296,493.92,Food,Bengaluru,Android,App,0,normal
TXN005966,2026-01-09 22:56:00,USER0927,REC0375,344.42,Transfer,Pune,Android,QR,0,normal
TXN003035,2026-01-09 23:26:00,USER0906,REC0297,305.83,Groceries,Hyderabad,Android,QR,0,normal
TXN002502,2026-01-09 23:38:00,USER0834,REC0232,897.04,Food,Pune,iOS,App,0,normal
TXN001738,2026-01-09 23:42:00,USER0129,REC0348,942.99,Transfer,Mumbai,iOS,QR,0,normal
TXN006468,2026-01-09 23:51:00,USER0608,REC0327,450.1,Transfer,Bengaluru,Android,Collect Request,0,normal
TXN005136,2026-01-09 23:53:00,USER0634,REC0176,1102.42,Food,Mumbai,Android,App,0,normal
TXN000891,2026-01-09 23:57:00,USER0476,REC0348,474.67,Food,Hyderabad,Android,QR,0,normal
TXN008867,2026-01-10 00:09:00,USER0648,REC0064,1308.69,Bills,Hyderabad,Android,App,0,normal
TXN009079,2026-01-10 00:09:00,USER0212,REC0411,1301.89,Groceries,Delhi,Android,App,0,normal
TXN004070,2026-01-10 00:37:00,USER0167,REC0160,577.97,Food,Delhi,iOS,App,0,normal
TXN001880,2026-01-10 00:51:00,USER0837,REC0460,259.96,Transfer,Pune,Android,App,0,normal
TXN007589,2026-01-10 00:55:00,USER0578,REC0144,690.54,Food,Mumbai,iOS,Collect Request,0,normal
TXN005526,2026-01-10 01:07:00,USER0255,REC0214,1144.44,Groceries,Chennai,Android,App,0,normal
TXN007459,2026-01-10 01:31:00,USER0952,REC0042,1282.76,Food,Delhi,Android,App,0,normal
TXN005926,2026-01-10 01:38:00,USER0692,REC0396,828.59,Groceries,Mumbai,Android,QR,0,normal
TXN006820,2026-01-10 01:45:00,USER0682,REC0099,320.42,Food,Delhi,Android,QR,0,normal
TXN008182,2026-01-10 02:03:00,USER0663,REC0248,803.9,Groceries,Mumbai,Android,App,0,normal
TXN004183,2026-01-10 02:14:00,USER0713,REC0398,359.98,Shopping,Delhi,Android,Collect Request,0,normal
TXN002682,2026-01-10 02:23:00,USER0874,REC0307,487.0,Bills,Hyderabad,Android,App,0,normal
TXN004916,2026-01-10 02:34:00,USER0808,REC0201,530.87,Travel,Delhi,Android,App,0,normal
TXN001436,2026-01-10 02:35:00,USER0997,REC0384,674.64,Bills,Hyderabad,Android,QR,1,late_night_payment
TXN006514,2026-01-10 03:05:00,USER0767,REC0233,282.52,Food,Pune,Android,App,0,normal
TXN005557,2026-01-10 03:13:00,USER0664,REC0139,198.27,Groceries,Chennai,Android,QR,0,normal
TXN000580,2026-01-10 03:36:00,USER0609,REC0063,362.77,Travel,Mumbai,iOS,App,0,normal
TXN008662,2026-01-10 03:49:00,USER0624,REC0117,272.89,Food,Chennai,iOS,QR,0,normal
TXN006636,2026-01-10 03:51:00,USER0871,REC0167,121.05,Transfer,Mumbai,Android,App,0,normal
TXN006889,2026-01-10 03:57:00,USER0923,REC0059,839.34,Groceries,Pune,Android,QR,0,normal
TXN005211,2026-01-10 03:58:00,USER0017,REC0465,1546.52,Groceries,Mumbai,Android,Collect Request,0,normal
TXN001289,2026-01-10 04:06:00,USER0268,REC0278,699.94,Bills,Pune,Android,QR,0,normal
TXN009839,2026-01-10 04:10:00,USER0787,REC0318,1061.56,Groceries,Delhi,Android,QR,0,normal
TXN008400,2026-01-10 05:06:00,USER0500,REC0300,1358.13,Bills,Delhi,Android,QR,0,normal
TXN006567,2026-01-10 05:25:00,USER0110,REC0148,854.29,Shopping,Mumbai,Android,Collect Request,0,normal
TXN004461,2026-01-10 05:30:00,USER0960,REC0074,312.55,Shopping,Bengaluru,Android,App,0,normal
TXN003807,2026-01-10 05:38:00,USER0840,REC0150,485.42,Food,Delhi,iOS,QR,0,normal
TXN003872,2026-01-10 06:02:00,USER0707,REC0322,1075.73,Groceries,Chennai,Android,App,0,normal
TXN003497,2026-01-10 06:06:00,USER0772,REC0300,334.98,Bills,Bengaluru,iOS,QR,0,normal
TXN004107,2026-01-10 06:16:00,USER0988,REC0100,2416.2,Groceries,Hyderabad,Android,QR,0,normal
TXN001450,2026-01-10 06:29:00,USER0801,REC0494,1382.39,Food,Pune,iOS,Collect Request,0,normal
TXN001359,2026-01-10 06:31:00,USER0385,REC0250,929.74,Groceries,Bengaluru,Android,App,0,normal
TXN009980,2026-01-10 06:41:00,USER0335,REC0425,479.22,Food,Delhi,Android,QR,0,normal
TXN002556,2026-01-10 07:05:00,USER0657,REC0064,797.85,Groceries,Bengaluru,Android,QR,0,normal
TXN005564,2026-01-10 07:10:00,USER0295,REC0368,457.07,Groceries,Pune,Android,App,0,normal
TXN000258,2026-01-10 07:21:00,USER0917,REC0062,688.6,Transfer,Mumbai,Android,QR,0,normal
TXN002515,2026-01-10 07:22:00,USER0826,REC0436,737.48,Food,Hyderabad,Android,QR,0,normal
TXN006688,2026-01-10 07:34:00,USER0355,REC0030,138.08,Food,Chennai,Android,App,0,normal
TXN002423,2026-01-10 08:14:00,USER0490,REC0411,1864.4,Transfer,Pune,Android,App,0,normal
TXN002623,2026-01-10 08:28:00,USER0324,REC0024,720.14,Groceries,Bengaluru,Android,QR,0,normal
TXN008374,2026-01-10 08:55:00,USER0747,REC0164,797.49,Transfer,Delhi,Android,QR,0,normal
TXN004420,2026-01-10 08:58:00,USER0624,REC0075,387.03,Bills,Mumbai,Android,App,0,normal
TXN005728,2026-01-10 09:10:00,USER0500,REC0081,1274.22,Bills,Pune,Android,QR,0,normal
TXN009331,2026-01-10 09:19:00,USER0858,REC0323,242.56,Food,Hyderabad,Android,App,0,normal
TXN007559,2026-01-10 09:49:00,USER0015,REC0158,168.91,Groceries,Bengaluru,Android,App,0,normal
TXN002615,2026-01-10 09:55:00,USER0448,REC0493,875.01,Food,Chennai,Android,QR,0,normal
TXN004917,2026-01-10 09:56:00,USER0851,REC0156,541.19,Shopping,Hyderabad,Android,App,0,normal
TXN001730,2026-01-10 09:58:00,USER0674,REC0273,705.85,Groceries,Hyderabad,iOS,App,0,normal
TXN002475,2026-01-10 10:02:00,USER0826,REC0020,428.72,Food,Pune,Android,App,0,normal
TXN007809,2026-01-10 10:20:00,USER0337,REC0475,31952.22,Groceries,Hyderabad,Android,App,1,unusually_high_amount
TXN003853,2026-01-10 10:24:00,USER0341,REC0399,605.49,Travel,Bengaluru,Android,App,0,normal
TXN003783,2026-01-10 10:24:00,USER0475,REC0065,345.21,Travel,Chennai,iOS,QR,0,normal
TXN001166,2026-01-10 10:45:00,USER0325,REC0255,251.65,Bills,Mumbai,Android,QR,0,normal
TXN001827,2026-01-10 11:17:00,USER0553,REC0477,469.51,Bills,Mumbai,Android,App,0,normal
TXN002177,2026-01-10 11:19:00,USER0851,REC0256,281.33,Groceries,Hyderabad,iOS,App,0,normal
TXN006560,2026-01-10 11:21:00,USER0322,REC0283,879.06,Bills,Hyderabad,iOS,App,0,normal
TXN000516,2026-01-10 11:24:00,USER0423,REC0206,290.36,Shopping,Pune,Android,App,0,normal
TXN009219,2026-01-10 11:54:00,USER0201,REC0369,437.55,Bills,Bengaluru,Android,App,0,normal
TXN003687,2026-01-10 12:00:00,USER0141,REC0315,900.05,Bills,Hyderabad,iOS,App,0,normal
TXN004966,2026-01-10 12:25:00,USER0551,REC0043,408.11,Groceries,Mumbai,Android,App,0,normal
TXN008769,2026-01-10 12:29:00,USER0038,REC0486,233.73,Food,Hyderabad,Android,QR,0,normal
TXN008406,2026-01-10 12:33:00,USER0447,REC0438,447.13,Bills,Delhi,Android,App,0,normal
TXN000460,2026-01-10 12:44:00,USER0236,REC0181,390.21,Groceries,Chennai,iOS,Collect Request,0,normal
TXN003353,2026-01-10 12:50:00,USER0342,REC0191,247.79,Food,Chennai,Android,Collect Request,0,normal
TXN005318,2026-01-10 12:50:00,USER0143,REC0475,469.56,Transfer,Hyderabad,Android,App,0,normal
TXN002265,2026-01-10 12:53:00,USER0312,REC0280,469.66,Food,Pune,iOS,QR,0,normal
TXN007918,2026-01-10 12:57:00,USER0003,REC0376,255.12,Food,Hyderabad,iOS,App,0,normal
TXN004853,2026-01-10 13:02:00,USER0692,REC0449,522.22,Groceries,Hyderabad,iOS,App,0,normal
TXN000171,2026-01-10 13:16:00,USER0081,REC0258,662.74,Groceries,Delhi,iOS,QR,0,normal
TXN009218,2026-01-10 13:46:00,USER0982,REC0369,835.81,Shopping,Pune,Android,QR,0,normal
TXN007262,2026-01-10 13:47:00,USER0509,REC0083,337.12,Shopping,Delhi,Android,App,0,normal
TXN000818,2026-01-10 13:51:00,USER0227,REC0324,749.24,Bills,Chennai,Android,App,0,normal
TXN004779,2026-01-10 14:22:00,USER0500,REC0259,285.08,Transfer,Pune,Android,App,0,normal
TXN001855,2026-01-10 14:24:00,USER0730,REC0312,161.86,Shopping,Mumbai,Android,App,0,normal
TXN000583,2026-01-10 14:33:00,USER0634,REC0030,713.07,Shopping,Chennai,Android,QR,0,normal
TXN008167,2026-01-10 14:36:00,USER0897,REC0307,435.91,Food,Hyderabad,Android,QR,0,normal
TXN007645,2026-01-10 15:03:00,USER0759,REC0340,698.4,Transfer,Delhi,Android,QR,0,normal
TXN009961,2026-01-10 15:20:00,USER0419,REC0145,1639.31,Shopping,Hyderabad,iOS,QR,0,normal
TXN008988,2026-01-10 15:34:00,USER0591,REC0447,451.13,Groceries,Mumbai,Android,QR,0,normal
TXN001227,2026-01-10 15:39:00,USER0925,REC0058,1889.29,Groceries,Pune,iOS,QR,0,normal
TXN004832,2026-01-10 15:44:00,USER0836,REC0483,290.91,Groceries,Chennai,Android,QR,0,normal
TXN002946,2026-01-10 15:47:00,USER0992,REC0020,835.27,Food,Chennai,Android,App,0,normal
TXN009316,2026-01-10 15:54:00,USER0049,REC0167,1867.44,Shopping,Delhi,Android,QR,0,normal
TXN007339,2026-01-10 15:56:00,USER0244,REC0022,124.58,Groceries,Bengaluru,Android,App,0,normal
TXN002504,2026-01-10 15:59:00,USER0205,REC0391,201.64,Transfer,Delhi,Android,App,0,normal
TXN000322,2026-01-10 16:43:00,USER0992,REC0074,217.12,Food,Pune,Android,App,0,normal
TXN003491,2026-01-10 17:07:00,USER0359,REC0100,603.29,Bills,Mumbai,iOS,QR,0,normal
TXN009775,2026-01-10 17:38:00,USER0567,REC0137,495.35,Groceries,Hyderabad,Android,QR,0,normal
TXN004238,2026-01-10 17:49:00,USER0230,REC0036,766.97,Transfer,Mumbai,iOS,QR,0,normal
TXN005778,2026-01-10 17:56:00,USER0707,REC0447,455.35,Food,Bengaluru,iOS,QR,0,normal
TXN005507,2026-01-10 18:02:00,USER0590,REC0281,454.54,Shopping,Mumbai,Android,QR,0,normal
TXN005639,2026-01-10 18:22:00,USER0681,REC0461,347.53,Food,Bengaluru,Android,Collect Request,0,normal
TXN000310,2026-01-10 18:31:00,USER0063,REC0176,359.29,Travel,Hyderabad,Android,App,0,normal
TXN007054,2026-01-10 18:32:00,USER0821,REC0368,174.43,Bills,Chennai,Android,App,0,normal
TXN003150,2026-01-10 18:41:00,USER0434,REC0404,470.61,Groceries,Hyderabad,Android,QR,0,normal
TXN004044,2026-01-10 18:43:00,USER0980,REC0225,1017.19,Groceries,Chennai,iOS,QR,0,normal
TXN003077,2026-01-10 19:27:00,USER0035,REC0325,994.65,Transfer,Delhi,Android,QR,0,normal
TXN009774,2026-01-10 19:33:00,USER0749,REC0281,256.59,Bills,Hyderabad,Android,App,0,normal
TXN005105,2026-01-10 19:35:00,USER0669,REC0487,444.84,Food,Mumbai,iOS,App,0,normal
TXN000480,2026-01-10 19:45:00,USER0565,REC0201,751.98,Food,Bengaluru,Android,QR,0,normal
TXN009250,2026-01-10 20:01:00,USER0785,REC0494,905.3,Transfer,Mumbai,Android,App,0,normal
TXN001272,2026-01-10 20:02:00,USER0669,REC0037,1430.46,Food,Delhi,Android,QR,0,normal
TXN003727,2026-01-10 20:12:00,USER0088,REC0450,2194.33,Bills,Delhi,Android,QR,0,normal
TXN006418,2026-01-10 20:29:00,USER0638,REC0269,233.33,Shopping,Mumbai,iOS,QR,0,normal
TXN008890,2026-01-10 20:48:00,USER0711,REC0308,503.52,Transfer,Hyderabad,Android,App,0,normal
TXN007046,2026-01-10 20:51:00,USER0968,REC0271,582.94,Bills,Chennai,Android,App,0,normal
TXN006847,2026-01-10 21:00:00,USER0654,REC0080,417.75,Food,Mumbai,iOS,App,0,normal
TXN006796,2026-01-10 21:58:00,USER0757,REC0196,1121.98,Groceries,Hyderabad,Android,App,0,normal
TXN000808,2026-01-10 22:52:00,USER0147,REC0293,237.31,Bills,Hyderabad,Android,QR,0,normal
TXN001538,2026-01-10 22:57:00,USER0352,REC0401,799.11,Shopping,Bengaluru,Android,App,0,normal
TXN001816,2026-01-10 23:05:00,USER0624,REC0012,410.96,Travel,Bengaluru,Android,App,0,normal
TXN003034,2026-01-10 23:09:00,USER0732,REC0494,192.39,Shopping,Pune,iOS,QR,0,normal
TXN006016,2026-01-10 23:13:00,USER0816,REC0213,1016.47,Groceries,Chennai,Android,App,0,normal
TXN009500,2026-01-10 23:20:00,USER0134,REC0448,666.68,Food,Bengaluru,Android,QR,0,normal
TXN004978,2026-01-10 23:22:00,USER0161,REC0441,254.46,Shopping,Bengaluru,iOS,App,0,normal
TXN009315,2026-01-10 23:32:00,USER0459,REC0500,482.31,Transfer,Delhi,iOS,App,0,normal
TXN001867,2026-01-10 23:44:00,USER0598,REC0051,211.81,Food,Mumbai,iOS,App,0,normal
TXN001489,2026-01-10 23:57:00,USER0363,REC0423,1385.41,Groceries,Pune,iOS,QR,0,normal
TXN008117,2026-01-11 00:04:00,USER0193,REC0121,1322.49,Shopping,Bengaluru,Android,App,1,late_night_payment
TXN009354,2026-01-11 00:32:00,USER0591,REC0289,398.07,Transfer,Delhi,Android,App,0,normal
TXN007746,2026-01-11 00:53:00,USER0017,REC0448,678.75,Food,Hyderabad,Android,App,0,normal
TXN003591,2026-01-11 00:55:00,USER0199,REC0488,712.49,Transfer,Pune,iOS,App,0,normal
TXN001466,2026-01-11 01:03:00,USER0681,REC0355,568.12,Groceries,Delhi,iOS,QR,0,normal
TXN004221,2026-01-11 01:24:00,USER0932,REC0395,1423.15,Food,Mumbai,Android,QR,0,normal
TXN007491,2026-01-11 01:25:00,USER0732,REC0387,768.44,Bills,Delhi,iOS,QR,0,normal
TXN007909,2026-01-11 01:35:00,USER0679,REC0416,389.64,Travel,Mumbai,Android,App,0,normal
TXN002244,2026-01-11 01:35:00,USER0365,REC0276,382.17,Food,Chennai,Android,App,0,normal
TXN003791,2026-01-11 01:56:00,USER0103,REC0345,273.84,Groceries,Delhi,Android,App,0,normal
TXN008951,2026-01-11 02:01:00,USER0289,REC0031,102.13,Travel,Chennai,iOS,QR,0,normal
TXN001484,2026-01-11 02:04:00,USER0641,REC0395,770.18,Groceries,Bengaluru,iOS,QR,0,normal
TXN008976,2026-01-11 02:08:00,USER0512,REC0408,414.32,Bills,Hyderabad,Android,App,0,normal
TXN006464,2026-01-11 02:11:00,USER0209,REC0276,990.04,Groceries,Pune,iOS,App,0,normal
TXN004729,2026-01-11 02:17:00,USER0421,REC0303,372.53,Groceries,Pune,Android,QR,0,normal
TXN002911,2026-01-11 02:18:00,USER0986,REC0178,587.03,Bills,Pune,Android,QR,0,normal
TXN006047,2026-01-11 03:27:00,USER0101,REC0300,310.83,Travel,Hyderabad,Android,App,0,normal
TXN001579,2026-01-11 04:00:00,USER0999,REC0418,1465.05,Shopping,Bengaluru,Android,QR,0,normal
TXN005929,2026-01-11 04:15:00,USER0489,REC0442,189.76,Groceries,Hyderabad,Android,App,0,normal
TXN003027,2026-01-11 04:55:00,USER0207,REC0085,884.98,Bills,Bengaluru,Android,QR,0,normal
TXN008428,2026-01-11 05:07:00,USER0110,REC0134,1550.39,Food,Pune,Android,App,0,normal
TXN004769,2026-01-11 05:12:00,USER0527,REC0157,1578.1,Food,Hyderabad,Android,App,0,normal
TXN002723,2026-01-11 05:22:00,USER0137,REC0489,974.67,Food,Pune,iOS,App,0,normal
TXN007285,2026-01-11 05:38:00,USER0219,REC0025,2183.34,Groceries,Mumbai,Android,QR,0,normal
TXN000873,2026-01-11 05:39:00,USER0507,REC0110,799.16,Food,Chennai,Android,QR,0,normal
TXN000501,2026-01-11 05:39:00,USER0093,REC0020,260.3,Shopping,Delhi,Android,App,0,normal
TXN006164,2026-01-11 06:02:00,USER0616,REC0214,512.37,Transfer,Delhi,Android,Collect Request,0,normal
TXN004434,2026-01-11 06:16:00,USER0691,REC0215,296.92,Bills,Bengaluru,Android,App,0,normal
TXN002853,2026-01-11 06:24:00,USER0284,REC0146,249.88,Transfer,Bengaluru,Android,QR,0,normal
TXN001216,2026-01-11 06:27:00,USER0598,REC0468,979.5,Food,Pune,iOS,App,0,normal
TXN007175,2026-01-11 06:28:00,USER0237,REC0109,157.73,Shopping,Mumbai,iOS,QR,0,normal
TXN007901,2026-01-11 06:41:00,USER0231,REC0108,179.89,Food,Pune,Android,QR,0,normal
TXN009030,2026-01-11 06:48:00,USER0176,REC0277,604.12,Food,Pune,Android,Collect Request,0,normal
TXN009071,2026-01-11 07:08:00,USER0834,REC0062,253.48,Bills,Hyderabad,Android,App,0,normal
TXN007098,2026-01-11 07:12:00,USER0744,REC0163,177.94,Shopping,Mumbai,iOS,QR,0,normal
TXN000120,2026-01-11 07:23:00,USER0056,REC0486,1303.45,Transfer,Bengaluru,iOS,App,0,normal
TXN001321,2026-01-11 07:26:00,USER0742,REC0305,399.1,Food,Chennai,Android,App,0,normal
TXN006490,2026-01-11 08:02:00,USER0944,REC0150,333.01,Food,Pune,iOS,App,0,normal
TXN004382,2026-01-11 08:48:00,USER0527,REC0328,343.77,Food,Mumbai,Android,App,0,normal
TXN009732,2026-01-11 08:59:00,USER0424,REC0064,109.14,Transfer,Delhi,iOS,QR,0,normal
TXN002506,2026-01-11 09:06:00,USER0430,REC0121,395.51,Groceries,Mumbai,Android,QR,0,normal
TXN002215,2026-01-11 09:08:00,USER0003,REC0121,514.3,Food,Chennai,Android,App,0,normal
TXN005125,2026-01-11 09:16:00,USER0125,REC0445,264.66,Shopping,Mumbai,Android,QR,0,normal
TXN000538,2026-01-11 09:27:00,USER0917,REC0396,352.32,Groceries,Chennai,Android,QR,0,normal
TXN002214,2026-01-11 09:55:00,USER0980,REC0400,899.83,Groceries,Delhi,Android,Collect Request,0,normal
TXN001020,2026-01-11 10:15:00,USER0592,REC0392,682.82,Travel,Mumbai,iOS,QR,0,normal
TXN004010,2026-01-11 10:20:00,USER0891,REC0088,101.67,Groceries,Chennai,Android,App,0,normal
TXN000365,2026-01-11 10:31:00,USER0589,REC0428,757.55,Bills,Pune,Android,App,0,normal
TXN006704,2026-01-11 10:46:00,USER0883,REC0445,814.89,Food,Mumbai,Android,QR,0,normal
TXN006621,2026-01-11 10:53:00,USER0826,REC0376,541.61,Bills,Chennai,iOS,QR,0,normal
TXN004459,2026-01-11 11:38:00,USER0783,REC0323,116.47,Bills,Hyderabad,Android,QR,0,normal
TXN005562,2026-01-11 12:36:00,USER0764,REC0051,1399.48,Food,Hyderabad,Android,QR,0,normal
TXN000726,2026-01-11 12:56:00,USER0143,REC0097,304.03,Shopping,Delhi,iOS,QR,0,normal
TXN002681,2026-01-11 13:20:00,USER0528,REC0238,1430.54,Shopping,Hyderabad,iOS,QR,0,normal
TXN008394,2026-01-11 13:45:00,USER0566,REC0096,532.9,Transfer,Pune,Android,Collect Request,0,normal
TXN002786,2026-01-11 13:48:00,USER0319,REC0352,2124.02,Food,Delhi,Android,App,0,normal
TXN003370,2026-01-11 14:32:00,USER0223,REC0423,234.18,Groceries,Pune,Android,QR,0,normal
TXN000198,2026-01-11 14:53:00,USER0828,REC0070,399.91,Food,Pune,Android,QR,0,normal
TXN008732,2026-01-11 15:09:00,USER0263,REC0389,728.49,Bills,Bengaluru,Android,App,0,normal
TXN002269,2026-01-11 15:23:00,USER0276,REC0177,399.27,Bills,Bengaluru,Android,Collect Request,0,normal
TXN002700,2026-01-11 15:44:00,USER0689,REC0484,592.4,Shopping,Pune,Android,QR,0,normal
TXN000778,2026-01-11 15:54:00,USER0456,REC0072,1631.19,Shopping,Mumbai,Android,App,0,normal
TXN005750,2026-01-11 15:55:00,USER0542,REC0182,834.51,Bills,Bengaluru,Android,QR,0,normal
TXN003161,2026-01-11 16:02:00,USER0353,REC0132,833.74,Bills,Bengaluru,Android,QR,0,normal
TXN009695,2026-01-11 16:03:00,USER0483,REC0497,167.66,Shopping,Delhi,Android,QR,0,normal
TXN003305,2026-01-11 16:05:00,USER0630,REC0475,864.99,Shopping,Chennai,Android,App,0,normal
TXN004402,2026-01-11 16:20:00,USER0375,REC0427,4093.7,Shopping,Pune,Android,QR,0,normal
TXN008130,2026-01-11 16:33:00,USER0196,REC0219,310.74,Groceries,Pune,Android,QR,0,normal
TXN008744,2026-01-11 16:40:00,USER0085,REC0172,236.92,Food,Bengaluru,Android,App,0,normal
TXN000313,2026-01-11 16:46:00,USER0421,REC0145,259.27,Groceries,Pune,Android,App,0,normal
TXN000497,2026-01-11 16:48:00,USER0550,REC0405,1635.26,Shopping,Delhi,Android,App,0,normal
TXN002364,2026-01-11 16:50:00,USER0528,REC0009,591.6,Food,Delhi,Android,App,0,normal
TXN007591,2026-01-11 16:54:00,USER0377,REC0296,358.01,Bills,Chennai,Android,QR,0,normal
TXN001946,2026-01-11 16:56:00,USER0536,REC0457,325.45,Shopping,Hyderabad,iOS,App,0,normal
TXN005610,2026-01-11 17:05:00,USER0223,REC0318,612.82,Shopping,Hyderabad,Android,App,0,normal
TXN009835,2026-01-11 17:24:00,USER0293,REC0077,105.63,Shopping,Hyderabad,Android,App,0,normal
TXN000946,2026-01-11 17:30:00,USER0945,REC0384,406.99,Groceries,Pune,Android,App,0,normal
TXN001343,2026-01-11 17:46:00,USER0583,REC0339,645.65,Travel,Delhi,iOS,App,0,normal
TXN005753,2026-01-11 17:54:00,USER0037,REC0420,947.11,Bills,Mumbai,Android,App,0,normal
TXN005026,2026-01-11 18:00:00,USER0060,REC0129,2072.36,Bills,Hyderabad,Android,App,0,normal
TXN001050,2026-01-11 18:29:00,USER0282,REC0449,107.23,Travel,Bengaluru,Android,Collect Request,0,normal
TXN000724,2026-01-11 18:37:00,USER0078,REC0271,492.47,Food,Hyderabad,Android,QR,0,normal
TXN007748,2026-01-11 18:56:00,USER0774,REC0449,2410.88,Groceries,Chennai,Android,App,0,normal
TXN003651,2026-01-11 19:12:00,USER0372,REC0356,419.41,Transfer,Hyderabad,Android,QR,0,normal
TXN003530,2026-01-11 19:26:00,USER0318,REC0468,208.75,Groceries,Delhi,Android,App,0,normal
TXN001157,2026-01-11 19:33:00,USER0231,REC0028,1181.19,Groceries,Pune,iOS,QR,0,normal
TXN000863,2026-01-11 19:41:00,USER0012,REC0412,1149.78,Food,Hyderabad,Android,QR,0,normal
TXN006323,2026-01-11 20:07:00,USER0570,REC0346,295.67,Food,Bengaluru,iOS,App,0,normal
TXN009822,2026-01-11 20:26:00,USER0108,REC0130,874.04,Transfer,Bengaluru,iOS,App,0,normal
TXN004411,2026-01-11 20:30:00,USER0998,REC0083,601.88,Shopping,Bengaluru,Android,App,0,normal
TXN001876,2026-01-11 20:36:00,USER0394,REC0309,552.75,Groceries,Delhi,Android,QR,0,normal
TXN005847,2026-01-11 20:55:00,USER0943,REC0096,1962.31,Shopping,Bengaluru,Android,App,0,normal
TXN001619,2026-01-11 22:07:00,USER0338,REC0316,455.32,Bills,Mumbai,Android,Collect Request,0,normal
TXN005353,2026-01-11 22:32:00,USER0270,REC0207,524.84,Food,Chennai,iOS,Collect Request,0,normal
TXN009816,2026-01-11 22:51:00,USER0788,REC0052,933.17,Food,Bengaluru,Android,QR,0,normal
TXN006501,2026-01-11 22:56:00,USER0519,REC0125,723.27,Groceries,Mumbai,Android,Collect Request,0,normal
TXN003349,2026-01-11 23:00:00,USER0642,REC0239,326.04,Bills,Pune,Android,App,0,normal
TXN000418,2026-01-11 23:09:00,USER0073,REC0130,1177.18,Groceries,Bengaluru,iOS,QR,0,normal
TXN004285,2026-01-11 23:09:00,USER0249,REC0463,876.59,Food,Mumbai,iOS,App,0,normal
TXN000784,2026-01-11 23:21:00,USER0388,REC0467,312.9,Bills,Bengaluru,Android,App,0,normal
TXN002510,2026-01-11 23:27:00,USER0913,REC0238,476.37,Groceries,Pune,Android,App,0,normal
TXN009028,2026-01-11 23:33:00,USER0808,REC0317,212.76,Transfer,Hyderabad,Android,App,0,normal
TXN008783,2026-01-11 23:42:00,USER0414,REC0338,603.9,Food,Mumbai,Android,App,0,normal
TXN005158,2026-01-12 00:08:00,USER0019,REC0140,317.99,Bills,Delhi,Android,App,0,normal
TXN004655,2026-01-12 00:11:00,USER0385,REC0402,1134.14,Groceries,Hyderabad,Android,App,0,normal
TXN000783,2026-01-12 01:07:00,USER0438,REC0429,258.57,Groceries,Delhi,iOS,Collect Request,0,normal
TXN000386,2026-01-12 01:09:00,USER0123,REC0153,891.85,Bills,Delhi,Android,QR,0,normal
TXN004513,2026-01-12 01:29:00,USER0316,REC0384,604.06,Travel,Hyderabad,iOS,Collect Request,0,normal
TXN009678,2026-01-12 01:37:00,USER0851,REC0264,40985.99,Groceries,Bengaluru,Android,Collect Request,1,unusually_high_amount
TXN003499,2026-01-12 01:54:00,USER0113,REC0312,433.83,Groceries,Chennai,Android,App,0,normal
TXN002923,2026-01-12 03:05:00,USER0160,REC0341,924.49,Shopping,Delhi,iOS,Collect Request,0,normal
TXN000436,2026-01-12 03:18:00,USER0038,REC0001,1684.89,Travel,Mumbai,Android,App,0,normal
TXN009723,2026-01-12 03:20:00,USER0585,REC0156,1328.3,Shopping,Mumbai,iOS,App,0,normal
TXN006308,2026-01-12 03:22:00,USER0886,REC0330,984.49,Bills,Chennai,Android,QR,0,normal
TXN004842,2026-01-12 03:30:00,USER0106,REC0148,285.73,Shopping,Chennai,iOS,App,0,normal
TXN005732,2026-01-12 03:31:00,USER0465,REC0442,241.32,Travel,Chennai,iOS,App,0,normal
TXN001238,2026-01-12 03:33:00,USER0606,REC0480,339.97,Travel,Bengaluru,Android,Collect Request,0,normal
TXN004798,2026-01-12 03:40:00,USER1000,REC0047,73.09,Shopping,Delhi,iOS,Collect Request,0,normal
TXN004198,2026-01-12 03:42:00,USER0235,REC0433,724.89,Groceries,Pune,Android,QR,0,normal
TXN009283,2026-01-12 03:49:00,USER0183,REC0053,236.68,Bills,Pune,Android,App,0,normal
TXN008070,2026-01-12 03:52:00,USER0463,REC0292,203.75,Travel,Bengaluru,Android,App,0,normal
TXN009465,2026-01-12 03:52:00,USER0800,REC0477,1513.82,Food,Chennai,Android,QR,0,normal
TXN009019,2026-01-12 04:02:00,USER0088,REC0426,597.23,Bills,Pune,Android,App,0,normal
TXN003973,2026-01-12 04:03:00,USER0193,REC0146,164.12,Groceries,Chennai,iOS,App,0,normal
TXN007025,2026-01-12 04:07:00,USER0780,REC0179,172.13,Transfer,Hyderabad,Android,App,0,normal
TXN001605,2026-01-12 04:13:00,USER0685,REC0042,236.65,Groceries,Mumbai,Android,QR,0,normal
TXN005761,2026-01-12 04:38:00,USER0127,REC0242,505.3,Travel,Mumbai,iOS,App,1,late_night_payment
TXN005801,2026-01-12 04:38:00,USER0359,REC0014,1517.0,Groceries,Bengaluru,Android,QR,0,normal
TXN005188,2026-01-12 04:43:00,USER0812,REC0183,462.03,Food,Mumbai,Android,QR,0,normal
TXN009308,2026-01-12 04:48:00,USER0674,REC0306,280.09,Food,Chennai,Android,App,0,normal
TXN006261,2026-01-12 04:54:00,USER0929,REC0253,847.09,Shopping,Pune,iOS,App,0,normal
TXN008684,2026-01-12 05:09:00,USER0005,REC0152,123.71,Groceries,Hyderabad,Android,QR,0,normal
TXN008273,2026-01-12 05:43:00,USER0110,REC0229,223.66,Food,Pune,Android,App,0,normal
TXN000874,2026-01-12 05:50:00,USER0830,REC0116,322.08,Groceries,Hyderabad,Android,App,0,normal
TXN005893,2026-01-12 06:45:00,USER0738,REC0224,1158.44,Food,Hyderabad,Android,App,0,normal
TXN006729,2026-01-12 07:06:00,USER0381,REC0263,167.71,Shopping,Chennai,Android,App,0,normal
TXN008612,2026-01-12 07:21:00,USER0466,REC0236,565.78,Bills,Bengaluru,Android,App,0,normal
TXN001928,2026-01-12 07:26:00,USER0311,REC0345,583.22,Shopping,Delhi,Android,App,0,normal
TXN002080,2026-01-12 07:44:00,USER0426,REC0424,1629.27,Food,Delhi,iOS,QR,0,normal
TXN001610,2026-01-12 08:13:00,USER0509,REC0276,224.39,Food,Pune,Android,App,0,normal
TXN003821,2026-01-12 08:31:00,USER0437,REC0163,615.62,Food,Pune,Android,App,0,normal
TXN009097,2026-01-12 08:39:00,USER0436,REC0145,901.1,Groceries,Delhi,Android,QR,0,normal
TXN009306,2026-01-12 08:40:00,USER0164,REC0219,261.59,Shopping,Chennai,Android,App,0,normal
TXN000157,2026-01-12 08:45:00,USER0106,REC0005,340.19,Transfer,Bengaluru,iOS,App,0,normal
TXN004532,2026-01-12 09:22:00,USER0055,REC0052,286.53,Food,Bengaluru,Android,App,0,normal
TXN005780,2026-01-12 10:00:00,USER0660,REC0227,425.18,Travel,Bengaluru,iOS,Collect Request,0,normal
TXN001630,2026-01-12 10:07:00,USER0524,REC0051,151.68,Shopping,Pune,Android,QR,0,normal
TXN002830,2026-01-12 10:10:00,USER0535,REC0474,2014.81,Bills,Pune,Android,QR,0,normal
TXN002823,2026-01-12 10:13:00,USER0396,REC0100,32732.86,Groceries,Hyderabad,Android,App,1,unusually_high_amount
TXN003774,2026-01-12 10:48:00,USER0426,REC0489,769.97,Bills,Bengaluru,iOS,Collect Request,0,normal
TXN003064,2026-01-12 10:54:00,USER0993,REC0025,256.81,Bills,Bengaluru,Android,App,0,normal
TXN008364,2026-01-12 11:09:00,USER0100,REC0419,199.79,Groceries,Bengaluru,iOS,App,0,normal
TXN008682,2026-01-12 11:14:00,USER0054,REC0301,2114.82,Bills,Hyderabad,Android,QR,0,normal
TXN008545,2026-01-12 11:20:00,USER0927,REC0280,1507.78,Bills,Mumbai,Android,QR,0,normal
TXN002819,2026-01-12 11:23:00,USER0131,REC0038,420.1,Groceries,Pune,Android,App,0,normal
TXN000221,2026-01-12 11:33:00,USER0349,REC0172,483.69,Shopping,Mumbai,Android,App,0,normal
TXN002909,2026-01-12 11:36:00,USER0265,REC0312,352.48,Travel,Delhi,Android,QR,0,normal
TXN009771,2026-01-12 11:42:00,USER0600,REC0204,504.29,Food,Pune,iOS,Collect Request,0,normal
TXN002697,2026-01-12 12:00:00,USER0503,REC0285,408.27,Food,Hyderabad,Android,QR,0,normal
TXN007576,2026-01-12 12:13:00,USER0660,REC0119,268.37,Shopping,Hyderabad,Android,App,0,normal
TXN000759,2026-01-12 12:18:00,USER0587,REC0283,463.64,Food,Mumbai,Android,App,0,normal
TXN006353,2026-01-12 12:18:00,USER0686,REC0029,180.14,Transfer,Chennai,Android,App,0,normal
TXN001805,2026-01-12 12:24:00,USER0703,REC0344,319.4,Shopping,Hyderabad,Android,App,0,normal
TXN002550,2026-01-12 12:35:00,USER0036,REC0032,1059.36,Transfer,Pune,Android,App,0,normal
TXN000018,2026-01-12 12:43:00,USER0702,REC0091,2171.62,Transfer,Pune,Android,App,0,normal
TXN005946,2026-01-12 12:52:00,USER0525,REC0415,490.75,Food,Bengaluru,Android,QR,0,normal
TXN003165,2026-01-12 12:53:00,USER0611,REC0493,332.88,Food,Chennai,Android,App,0,normal
TXN001005,2026-01-12 13:03:00,USER0612,REC0456,1049.36,Shopping,Chennai,Android,App,0,normal
TXN008565,2026-01-12 13:04:00,USER0447,REC0350,733.02,Shopping,Pune,Android,App,0,normal
TXN003348,2026-01-12 13:06:00,USER0436,REC0389,183.15,Travel,Chennai,iOS,QR,0,normal
TXN003513,2026-01-12 13:33:00,USER0362,REC0186,645.43,Bills,Hyderabad,Android,QR,0,normal
TXN008351,2026-01-12 13:44:00,USER0963,REC0150,813.85,Travel,Delhi,Android,QR,0,normal
TXN007336,2026-01-12 13:45:00,USER0689,REC0464,31472.5,Travel,Mumbai,Android,QR,1,unusually_high_amount
TXN002699,2026-01-12 14:08:00,USER0740,REC0156,902.01,Travel,Delhi,iOS,App,0,normal
TXN006071,2026-01-12 14:21:00,USER0704,REC0410,428.8,Food,Bengaluru,Android,App,0,normal
TXN006256,2026-01-12 14:22:00,USER0699,REC0320,408.33,Shopping,Bengaluru,Android,App,0,normal
TXN004145,2026-01-12 14:25:00,USER0613,REC0256,128.64,Bills,Bengaluru,iOS,App,0,normal
TXN002006,2026-01-12 14:42:00,USER0570,REC0440,908.05,Shopping,Delhi,Android,App,0,normal
TXN006990,2026-01-12 14:56:00,USER0606,REC0310,651.69,Groceries,Bengaluru,Android,App,0,normal
TXN006189,2026-01-12 15:03:00,USER0441,REC0263,303.31,Groceries,Pune,Android,App,0,normal
TXN000945,2026-01-12 15:21:00,USER0605,REC0007,320.75,Transfer,Bengaluru,Android,QR,0,normal
TXN000705,2026-01-12 15:22:00,USER0531,REC0130,555.0,Food,Delhi,iOS,Collect Request,0,normal
TXN005661,2026-01-12 15:25:00,USER0159,REC0237,1985.22,Food,Pune,Android,QR,0,normal
TXN002104,2026-01-12 15:25:00,USER0546,REC0183,1635.43,Travel,Bengaluru,Android,App,0,normal
TXN007925,2026-01-12 15:37:00,USER0273,REC0302,479.2,Travel,Bengaluru,Android,App,0,normal
TXN007655,2026-01-12 15:42:00,USER0523,REC0334,182.96,Groceries,Pune,iOS,App,0,normal
TXN009711,2026-01-12 15:53:00,USER0532,REC0305,1194.04,Food,Mumbai,Android,Collect Request,0,normal
TXN007924,2026-01-12 16:12:00,USER0376,REC0103,666.67,Food,Bengaluru,iOS,Collect Request,0,normal
TXN008568,2026-01-12 16:16:00,USER0178,REC0349,478.83,Groceries,Mumbai,Android,App,0,normal
TXN000074,2026-01-12 16:37:00,USER0896,REC0449,545.67,Bills,Hyderabad,Android,App,0,normal
TXN007204,2026-01-12 16:51:00,USER0051,REC0027,260.55,Food,Chennai,Android,App,0,normal
TXN003945,2026-01-12 17:43:00,USER0704,REC0324,285.27,Transfer,Delhi,iOS,QR,0,normal
TXN004204,2026-01-12 18:25:00,USER0257,REC0212,1016.24,Shopping,Delhi,iOS,QR,0,normal
TXN005885,2026-01-12 18:37:00,USER0072,REC0111,687.21,Shopping,Bengaluru,Android,QR,0,normal
TXN003102,2026-01-12 18:43:00,USER0864,REC0067,926.16,Transfer,Pune,iOS,App,0,normal
TXN008901,2026-01-12 18:45:00,USER0204,REC0397,374.21,Bills,Pune,iOS,QR,0,normal
TXN004118,2026-01-12 18:47:00,USER0585,REC0195,868.08,Food,Pune,Android,QR,0,normal
TXN003287,2026-01-12 18:59:00,USER0750,REC0097,283.62,Bills,Hyderabad,Android,QR,0,normal
TXN000434,2026-01-12 19:05:00,USER0376,REC0347,1159.33,Bills,Chennai,Android,QR,0,normal
TXN001776,2026-01-12 19:11:00,USER0159,REC0425,543.9,Shopping,Pune,Android,App,0,normal
TXN003022,2026-01-12 19:17:00,USER0787,REC0136,1273.97,Shopping,Chennai,iOS,Collect Request,0,normal
TXN009478,2026-01-12 19:24:00,USER0623,REC0175,1176.59,Shopping,Chennai,iOS,QR,0,normal
TXN002085,2026-01-12 19:35:00,USER0751,REC0019,407.09,Groceries,Bengaluru,iOS,App,0,normal
TXN007601,2026-01-12 19:53:00,USER0161,REC0063,2719.36,Groceries,Pune,Android,App,0,normal
TXN001926,2026-01-12 20:35:00,USER0498,REC0482,458.95,Groceries,Hyderabad,iOS,App,0,normal
TXN000414,2026-01-12 20:44:00,USER0053,REC0256,671.68,Food,Chennai,Android,App,0,normal
TXN006465,2026-01-12 21:00:00,USER0613,REC0370,666.5,Shopping,Hyderabad,Android,App,0,normal
TXN007999,2026-01-12 21:06:00,USER0791,REC0177,247.39,Bills,Bengaluru,Android,QR,0,normal
TXN006489,2026-01-12 21:10:00,USER0028,REC0367,198.6,Bills,Mumbai,Android,QR,0,normal
TXN001645,2026-01-12 21:10:00,USER0480,REC0089,253.15,Groceries,Bengaluru,Android,App,0,normal
TXN000670,2026-01-12 21:20:00,USER0358,REC0095,504.8,Groceries,Hyderabad,Android,QR,0,normal
TXN000443,2026-01-12 21:35:00,USER0345,REC0129,104.97,Shopping,Bengaluru,Android,App,0,normal
TXN002431,2026-01-12 21:42:00,USER0277,REC0470,1101.9,Shopping,Delhi,Android,App,0,normal
TXN006599,2026-01-12 21:44:00,USER0109,REC0225,647.73,Shopping,Bengaluru,Android,Collect Request,0,normal
TXN009356,2026-01-12 21:57:00,USER0701,REC0361,523.34,Food,Pune,iOS,QR,0,normal
TXN009191,2026-01-12 22:03:00,USER0210,REC0040,1855.62,Transfer,Chennai,iOS,App,0,normal
TXN003538,2026-01-12 22:17:00,USER0820,REC0006,900.76,Food,Hyderabad,Android,Collect Request,0,normal
TXN006472,2026-01-12 22:18:00,USER0111,REC0104,761.13,Food,Mumbai,Android,QR,0,normal
TXN006579,2026-01-12 22:24:00,USER0735,REC0435,2058.46,Food,Bengaluru,Android,App,0,normal
TXN007915,2026-01-12 22:33:00,USER0771,REC0113,1343.49,Food,Pune,Android,App,0,normal
TXN004021,2026-01-12 22:37:00,USER0538,REC0335,1008.62,Groceries,Pune,iOS,Collect Request,0,normal
TXN005995,2026-01-12 22:48:00,USER0495,REC0117,340.0,Groceries,Mumbai,Android,QR,0,normal
TXN004657,2026-01-12 23:34:00,USER0142,REC0252,610.63,Transfer,Pune,Android,App,0,normal
TXN003527,2026-01-12 23:38:00,USER0960,REC0452,988.96,Groceries,Pune,Android,QR,0,normal
TXN004303,2026-01-13 00:11:00,USER0081,REC0224,162.83,Shopping,Hyderabad,Android,QR,0,normal
TXN007798,2026-01-13 00:21:00,USER0320,REC0196,502.58,Transfer,Chennai,Android,QR,0,normal
TXN000682,2026-01-13 00:33:00,USER0340,REC0387,411.49,Shopping,Mumbai,Android,Collect Request,1,late_night_payment
TXN002761,2026-01-13 00:53:00,USER0514,REC0164,259.32,Groceries,Bengaluru,Android,App,0,normal
TXN004758,2026-01-13 00:58:00,USER0426,REC0390,453.12,Travel,Delhi,Android,App,0,normal
TXN009410,2026-01-13 01:12:00,USER0308,REC0100,1922.15,Food,Chennai,Android,App,0,normal
TXN008376,2026-01-13 01:15:00,USER0609,REC0219,535.78,Shopping,Chennai,Android,QR,0,normal
TXN006824,2026-01-13 01:23:00,USER0501,REC0118,1174.63,Travel,Mumbai,iOS,App,0,normal
TXN001895,2026-01-13 01:38:00,USER0539,REC0307,850.0,Groceries,Chennai,iOS,App,0,normal
TXN000948,2026-01-13 01:38:00,USER0208,REC0418,267.74,Food,Mumbai,Android,QR,0,normal
TXN007975,2026-01-13 01:46:00,USER0906,REC0069,372.6,Transfer,Pune,iOS,QR,0,normal
TXN003269,2026-01-13 02:00:00,USER0224,REC0016,100.68,Shopping,Hyderabad,Android,App,0,normal
TXN002207,2026-01-13 02:05:00,USER0270,REC0448,1791.27,Groceries,Mumbai,Android,QR,0,normal
TXN001358,2026-01-13 02:13:00,USER0755,REC0049,1620.55,Food,Hyderabad,Android,App,0,normal
TXN000604,2026-01-13 02:37:00,USER0614,REC0287,452.69,Food,Chennai,Android,App,0,normal
TXN002480,2026-01-13 02:56:00,USER0566,REC0069,354.94,Groceries,Bengaluru,Android,App,0,normal
TXN008485,2026-01-13 02:58:00,USER0561,REC0297,1425.39,Shopping,Pune,Android,App,0,normal
TXN003308,2026-01-13 03:40:00,USER0526,REC0282,484.31,Transfer,Mumbai,iOS,Collect Request,0,normal
TXN006738,2026-01-13 03:42:00,USER0335,REC0337,233.23,Groceries,Delhi,iOS,App,0,normal
TXN003606,2026-01-13 03:46:00,USER0494,REC0352,386.2,Shopping,Chennai,Android,App,0,normal
TXN005231,2026-01-13 04:03:00,USER0875,REC0480,440.13,Shopping,Delhi,Android,Collect Request,0,normal
TXN005560,2026-01-13 04:04:00,USER0707,REC0384,1146.05,Groceries,Chennai,Android,App,0,normal
TXN008086,2026-01-13 04:12:00,USER0365,REC0362,1422.09,Bills,Delhi,Android,App,0,normal
TXN001819,2026-01-13 04:29:00,USER0767,REC0473,602.64,Travel,Chennai,Android,App,0,normal
TXN006601,2026-01-13 04:56:00,USER0994,REC0402,456.04,Shopping,Pune,Android,App,0,normal
TXN008131,2026-01-13 05:15:00,USER0370,REC0145,1018.41,Shopping,Bengaluru,Android,App,0,normal
TXN009234,2026-01-13 05:49:00,USER0011,REC0180,271.12,Shopping,Chennai,Android,App,0,normal
TXN002727,2026-01-13 06:33:00,USER0433,REC0066,821.73,Food,Hyderabad,Android,QR,0,normal
TXN004474,2026-01-13 06:46:00,USER0365,REC0342,395.33,Groceries,Hyderabad,Android,Collect Request,0,normal
TXN000823,2026-01-13 06:53:00,USER0110,REC0379,1593.35,Groceries,Pune,Android,App,0,normal
TXN009698,2026-01-13 07:03:00,USER0379,REC0124,377.15,Food,Chennai,iOS,QR,0,normal
TXN005456,2026-01-13 07:11:00,USER0266,REC0332,815.63,Groceries,Bengaluru,Android,App,0,normal
TXN006575,2026-01-13 07:17:00,USER0390,REC0099,315.15,Groceries,Bengaluru,Android,Collect Request,0,normal
TXN001342,2026-01-13 07:32:00,USER0616,REC0098,714.07,Groceries,Chennai,Android,App,0,normal
TXN009578,2026-01-13 07:33:00,USER0217,REC0250,69.86,Food,Delhi,Android,App,0,normal
TXN007089,2026-01-13 07:42:00,USER0846,REC0343,367.12,Groceries,Hyderabad,iOS,QR,0,normal
TXN009579,2026-01-13 07:43:00,USER0677,REC0212,580.57,Shopping,Mumbai,Android,App,0,normal
TXN004837,2026-01-13 07:53:00,USER0708,REC0443,1034.56,Shopping,Mumbai,Android,Collect Request,0,normal
TXN006695,2026-01-13 08:13:00,USER0744,REC0150,252.29,Transfer,Delhi,iOS,Collect Request,0,normal
TXN002378,2026-01-13 08:22:00,USER0623,REC0111,83.98,Shopping,Hyderabad,Android,App,0,normal
TXN007624,2026-01-13 09:07:00,USER0993,REC0352,183.83,Food,Pune,Android,QR,0,normal
TXN001836,2026-01-13 09:38:00,USER0778,REC0309,1046.7,Transfer,Mumbai,Android,App,0,normal
TXN005089,2026-01-13 09:42:00,USER0478,REC0165,1049.32,Shopping,Bengaluru,Android,Collect Request,0,normal
TXN009694,2026-01-13 09:51:00,USER0835,REC0105,619.09,Travel,Delhi,iOS,App,0,normal
TXN005159,2026-01-13 10:03:00,USER0817,REC0035,255.69,Groceries,Bengaluru,Android,App,0,normal
TXN002234,2026-01-13 10:04:00,USER0387,REC0083,123.13,Travel,Mumbai,Android,QR,0,normal
TXN008856,2026-01-13 10:18:00,USER0441,REC0063,1299.56,Bills,Hyderabad,iOS,App,0,normal
TXN001528,2026-01-13 10:31:00,USER0932,REC0412,221.35,Travel,Chennai,Android,App,0,normal
TXN006782,2026-01-13 10:41:00,USER0670,REC0397,625.19,Groceries,Pune,Android,QR,0,normal
TXN002210,2026-01-13 10:47:00,USER0430,REC0434,156.88,Food,Bengaluru,Android,App,0,normal
TXN004668,2026-01-13 11:20:00,USER0658,REC0151,1057.78,Bills,Chennai,Android,Collect Request,0,normal
TXN002108,2026-01-13 11:29:00,USER0226,REC0210,570.9,Shopping,Hyderabad,Android,App,0,normal
TXN006763,2026-01-13 11:36:00,USER0127,REC0174,246.04,Shopping,Delhi,Android,App,0,normal
TXN006125,2026-01-13 11:39:00,USER0186,REC0130,250.84,Groceries,Hyderabad,Android,App,0,normal
TXN007858,2026-01-13 11:55:00,USER0380,REC0353,1399.93,Groceries,Bengaluru,Android,App,0,normal
TXN006450,2026-01-13 12:15:00,USER0268,REC0292,133.59,Groceries,Chennai,Android,App,0,normal
TXN000721,2026-01-13 12:31:00,USER0416,REC0217,227.13,Food,Delhi,iOS,App,0,normal
TXN007956,2026-01-13 13:05:00,USER0919,REC0472,431.61,Travel,Hyderabad,Android,App,0,normal
TXN005428,2026-01-13 13:19:00,USER0236,REC0257,751.69,Transfer,Mumbai,iOS,QR,0,normal
TXN002736,2026-01-13 13:35:00,USER0206,REC0401,973.55,Bills,Mumbai,Android,App,0,normal
TXN001445,2026-01-13 13:41:00,USER0309,REC0356,325.43,Transfer,Hyderabad,Android,QR,0,normal
TXN003889,2026-01-13 13:44:00,USER0961,REC0151,254.84,Groceries,Bengaluru,iOS,App,0,normal
TXN000100,2026-01-13 13:51:00,USER0981,REC0353,459.15,Food,Mumbai,iOS,App,0,normal
TXN000620,2026-01-13 13:53:00,USER0282,REC0067,308.82,Food,Chennai,Android,App,0,normal
TXN004026,2026-01-13 13:56:00,USER0006,REC0447,574.37,Food,Mumbai,Android,QR,0,normal
TXN000118,2026-01-13 13:57:00,USER0603,REC0369,390.79,Transfer,Chennai,Android,App,0,normal
TXN000769,2026-01-13 14:14:00,USER0272,REC0210,630.02,Bills,Delhi,Android,App,0,normal
TXN007741,2026-01-13 14:27:00,USER0764,REC0102,1318.75,Shopping,Bengaluru,Android,QR,0,normal
TXN003204,2026-01-13 14:31:00,USER0115,REC0064,148.18,Bills,Mumbai,Android,App,0,normal
TXN006540,2026-01-13 14:47:00,USER0350,REC0391,1578.16,Groceries,Delhi,Android,QR,0,normal
TXN005985,2026-01-13 14:52:00,USER0268,REC0228,966.82,Food,Bengaluru,Android,QR,0,normal
TXN000241,2026-01-13 14:53:00,USER0697,REC0010,270.52,Groceries,Mumbai,Android,App,0,normal
TXN000306,2026-01-13 14:56:00,USER0474,REC0023,242.29,Food,Delhi,iOS,App,0,normal
TXN003993,2026-01-13 14:56:00,USER0868,REC0277,251.68,Groceries,Pune,Android,QR,0,normal
TXN003249,2026-01-13 15:07:00,USER0618,REC0014,1353.59,Groceries,Hyderabad,Android,App,0,normal
TXN000462,2026-01-13 15:08:00,USER0801,REC0264,825.41,Food,Hyderabad,Android,QR,0,normal
TXN007153,2026-01-13 15:17:00,USER0680,REC0415,1825.52,Groceries,Delhi,Android,QR,0,normal
TXN007144,2026-01-13 15:22:00,USER0944,REC0032,370.03,Groceries,Hyderabad,Android,QR,0,normal
TXN003835,2026-01-13 16:29:00,USER0047,REC0314,266.96,Shopping,Bengaluru,Android,App,0,normal
TXN003514,2026-01-13 16:37:00,USER0799,REC0480,978.51,Groceries,Bengaluru,Android,App,0,normal
TXN000329,2026-01-13 17:07:00,USER0613,REC0001,301.74,Shopping,Pune,Android,App,0,normal
TXN006052,2026-01-13 17:11:00,USER0488,REC0034,295.35,Travel,Pune,Android,Collect Request,0,normal
TXN009078,2026-01-13 17:29:00,USER0708,REC0477,106.35,Food,Delhi,Android,App,0,normal
TXN008267,2026-01-13 17:36:00,USER0122,REC0273,270.38,Shopping,Chennai,Android,App,0,normal
TXN001090,2026-01-13 17:50:00,USER0551,REC0122,446.79,Groceries,Mumbai,iOS,QR,0,normal
TXN004016,2026-01-13 17:56:00,USER0054,REC0454,333.0,Shopping,Bengaluru,Android,QR,0,normal
TXN006647,2026-01-13 18:14:00,USER0778,REC0312,482.26,Transfer,Mumbai,Android,App,0,normal
TXN006557,2026-01-13 18:53:00,USER0772,REC0014,1047.67,Food,Delhi,Android,App,0,normal
TXN004368,2026-01-13 18:56:00,USER0357,REC0316,1153.75,Groceries,Mumbai,iOS,QR,0,normal
TXN009809,2026-01-13 19:19:00,USER0622,REC0450,2482.61,Food,Mumbai,Android,QR,0,normal
TXN009352,2026-01-13 19:19:00,USER0110,REC0045,128.1,Food,Chennai,iOS,QR,0,normal
TXN001187,2026-01-13 19:35:00,USER0575,REC0494,622.12,Food,Bengaluru,iOS,App,0,normal
TXN007782,2026-01-13 19:42:00,USER0784,REC0460,793.59,Food,Hyderabad,iOS,QR,0,normal
TXN008857,2026-01-13 19:52:00,USER0247,REC0408,2084.33,Shopping,Pune,Android,App,0,normal
TXN001963,2026-01-13 19:54:00,USER0135,REC0444,232.88,Food,Bengaluru,Android,QR,0,normal
TXN006326,2026-01-13 19:57:00,USER0233,REC0414,440.38,Groceries,Hyderabad,Android,QR,0,normal
TXN006779,2026-01-13 20:14:00,USER0586,REC0172,661.92,Food,Delhi,iOS,QR,0,normal
TXN006137,2026-01-13 20:45:00,USER0855,REC0070,389.77,Groceries,Bengaluru,Android,QR,0,normal
TXN004954,2026-01-13 20:53:00,USER0481,REC0327,113.08,Groceries,Chennai,Android,App,0,normal
TXN000834,2026-01-13 20:55:00,USER0032,REC0236,641.7,Groceries,Chennai,Android,QR,0,normal
TXN007259,2026-01-13 21:04:00,USER0829,REC0267,499.57,Food,Chennai,Android,App,0,normal
TXN008269,2026-01-13 21:14:00,USER0035,REC0103,214.15,Transfer,Hyderabad,Android,App,0,normal
TXN007214,2026-01-13 21:18:00,USER0223,REC0006,685.34,Groceries,Bengaluru,iOS,QR,0,normal
TXN002519,2026-01-13 21:23:00,USER0714,REC0028,1219.01,Shopping,Delhi,Android,App,0,normal
TXN005075,2026-01-13 21:30:00,USER0337,REC0060,437.58,Travel,Pune,Android,App,0,normal
TXN006378,2026-01-13 21:31:00,USER0624,REC0039,211.1,Shopping,Mumbai,Android,App,0,normal
TXN007802,2026-01-13 21:38:00,USER0189,REC0167,834.53,Groceries,Bengaluru,iOS,QR,0,normal
TXN007757,2026-01-13 22:11:00,USER0604,REC0081,336.64,Shopping,Mumbai,Android,App,0,normal
TXN001612,2026-01-13 22:25:00,USER0727,REC0293,2988.85,Bills,Bengaluru,Android,QR,0,normal
TXN000528,2026-01-13 22:45:00,USER0886,REC0122,256.97,Groceries,Delhi,Android,Collect Request,0,normal
TXN000408,2026-01-13 22:49:00,USER0460,REC0245,355.47,Groceries,Delhi,Android,Collect Request,0,normal
TXN002302,2026-01-13 22:50:00,USER0805,REC0070,565.32,Food,Hyderabad,iOS,QR,0,normal
TXN003671,2026-01-13 23:08:00,USER0916,REC0303,938.59,Shopping,Mumbai,Android,QR,0,normal
TXN001063,2026-01-13 23:09:00,USER0476,REC0472,193.86,Transfer,Pune,Android,QR,0,normal
TXN005755,2026-01-13 23:20:00,USER0050,REC0103,1891.35,Groceries,Pune,Android,QR,0,normal
TXN005212,2026-01-13 23:22:00,USER0986,REC0378,556.43,Groceries,Pune,Android,QR,0,normal
TXN006377,2026-01-13 23:29:00,USER0497,REC0307,15720.91,Food,Bengaluru,iOS,App,1,unusually_high_amount
TXN009089,2026-01-13 23:53:00,USER0027,REC0077,632.71,Transfer,Chennai,Android,QR,0,normal
TXN000256,2026-01-14 00:10:00,USER0214,REC0476,180.95,Groceries,Hyderabad,Android,QR,0,normal
TXN007715,2026-01-14 00:20:00,USER0013,REC0480,557.5,Groceries,Hyderabad,iOS,App,0,normal
TXN004061,2026-01-14 01:02:00,USER0811,REC0297,921.36,Transfer,Delhi,iOS,QR,0,normal
TXN007944,2026-01-14 01:09:00,USER0391,REC0148,978.88,Food,Mumbai,iOS,QR,0,normal
TXN000924,2026-01-14 01:28:00,USER0111,REC0331,487.17,Food,Chennai,Android,App,0,normal
TXN007637,2026-01-14 01:59:00,USER0215,REC0437,671.03,Travel,Delhi,Android,App,0,normal
TXN006116,2026-01-14 02:38:00,USER0305,REC0284,242.16,Shopping,Pune,Android,Collect Request,1,late_night_payment
TXN005034,2026-01-14 02:59:00,USER0871,REC0257,2498.13,Travel,Pune,Android,App,0,normal
TXN006375,2026-01-14 03:26:00,USER0669,REC0380,242.74,Food,Hyderabad,Android,App,0,normal
TXN000522,2026-01-14 03:44:00,USER0651,REC0419,1225.79,Food,Bengaluru,Android,QR,0,normal
TXN006430,2026-01-14 04:18:00,USER0238,REC0415,2085.86,Shopping,Chennai,Android,QR,0,normal
TXN005921,2026-01-14 04:23:00,USER0707,REC0063,213.46,Shopping,Delhi,Android,QR,0,normal
TXN005782,2026-01-14 04:32:00,USER0536,REC0354,521.34,Groceries,Pune,Android,App,0,normal
TXN008738,2026-01-14 04:42:00,USER0766,REC0467,155.79,Groceries,Chennai,iOS,App,0,normal
TXN001935,2026-01-14 04:54:00,USER0138,REC0284,329.71,Bills,Chennai,Android,QR,0,normal
TXN004098,2026-01-14 04:57:00,USER0511,REC0270,2734.82,Shopping,Bengaluru,Android,QR,0,normal
TXN002330,2026-01-14 05:13:00,USER0892,REC0414,823.49,Bills,Chennai,Android,App,0,normal
TXN008779,2026-01-14 05:50:00,USER0978,REC0428,573.84,Food,Bengaluru,Android,QR,0,normal
TXN003058,2026-01-14 06:26:00,USER0513,REC0386,1196.09,Bills,Delhi,Android,App,0,normal
TXN007107,2026-01-14 07:04:00,USER0572,REC0151,376.75,Food,Hyderabad,iOS,App,0,normal
TXN007247,2026-01-14 07:07:00,USER0643,REC0130,33835.07,Travel,Bengaluru,iOS,QR,1,unusually_high_amount
TXN000752,2026-01-14 07:12:00,USER0682,REC0388,1156.72,Shopping,Chennai,Android,App,0,normal
TXN004631,2026-01-14 07:25:00,USER0584,REC0403,205.09,Transfer,Mumbai,Android,QR,0,normal
TXN006297,2026-01-14 07:30:00,USER0139,REC0351,430.53,Travel,Delhi,Android,App,0,normal
TXN000975,2026-01-14 07:31:00,USER0820,REC0134,2658.52,Groceries,Chennai,iOS,QR,0,normal
TXN001607,2026-01-14 07:33:00,USER0736,REC0074,370.76,Travel,Delhi,iOS,QR,0,normal
TXN005906,2026-01-14 07:33:00,USER0887,REC0120,586.97,Food,Pune,Android,App,0,normal
TXN000457,2026-01-14 08:07:00,USER0357,REC0219,359.4,Travel,Hyderabad,iOS,QR,0,normal
TXN008195,2026-01-14 08:27:00,USER0117,REC0022,930.53,Groceries,Bengaluru,Android,QR,0,normal
TXN002889,2026-01-14 08:33:00,USER0853,REC0206,274.37,Shopping,Bengaluru,Android,App,0,normal
TXN000938,2026-01-14 08:37:00,USER0519,REC0234,161.21,Groceries,Mumbai,iOS,App,0,normal
TXN001575,2026-01-14 08:43:00,USER0972,REC0035,368.4,Food,Chennai,Android,App,0,normal
TXN002891,2026-01-14 08:57:00,USER0019,REC0248,537.04,Groceries,Mumbai,Android,Collect Request,0,normal
TXN006891,2026-01-14 09:01:00,USER0776,REC0102,541.35,Shopping,Delhi,Android,Collect Request,0,normal
TXN009440,2026-01-14 09:01:00,USER0008,REC0167,1449.78,Groceries,Delhi,Android,App,0,normal
TXN007447,2026-01-14 09:07:00,USER0294,REC0333,1138.46,Bills,Hyderabad,Android,QR,0,normal
TXN008914,2026-01-14 09:47:00,USER0205,REC0132,2005.46,Shopping,Hyderabad,Android,App,0,normal
TXN003069,2026-01-14 09:56:00,USER0502,REC0027,2442.85,Groceries,Delhi,iOS,App,0,normal
TXN005824,2026-01-14 10:14:00,USER0141,REC0143,222.39,Groceries,Bengaluru,iOS,App,0,normal
TXN005806,2026-01-14 10:19:00,USER0946,REC0393,861.47,Bills,Delhi,iOS,QR,0,normal
TXN005251,2026-01-14 10:21:00,USER0342,REC0366,322.68,Food,Hyderabad,iOS,App,0,normal
TXN001698,2026-01-14 10:38:00,USER0101,REC0400,441.02,Bills,Chennai,Android,Collect Request,0,normal
TXN002063,2026-01-14 10:57:00,USER0049,REC0215,1277.79,Groceries,Bengaluru,Android,App,0,normal
TXN002663,2026-01-14 11:28:00,USER0081,REC0464,1273.29,Bills,Hyderabad,iOS,App,0,normal
TXN001677,2026-01-14 11:32:00,USER0885,REC0435,741.95,Shopping,Mumbai,Android,Collect Request,0,normal
TXN008504,2026-01-14 11:38:00,USER0343,REC0118,3062.55,Transfer,Mumbai,iOS,App,0,normal
TXN006069,2026-01-14 11:43:00,USER0457,REC0327,110.3,Shopping,Mumbai,Android,QR,0,normal
TXN004752,2026-01-14 11:52:00,USER0146,REC0095,107.81,Food,Chennai,Android,App,0,normal
TXN003830,2026-01-14 12:05:00,USER0750,REC0493,147.96,Bills,Chennai,iOS,App,0,normal
TXN001524,2026-01-14 12:58:00,USER0911,REC0344,521.87,Bills,Delhi,iOS,QR,0,normal
TXN003980,2026-01-14 13:17:00,USER0058,REC0334,308.64,Bills,Bengaluru,Android,App,0,normal
TXN004766,2026-01-14 13:17:00,USER0945,REC0388,289.89,Groceries,Chennai,iOS,App,0,normal
TXN008828,2026-01-14 13:24:00,USER0962,REC0386,1922.09,Groceries,Bengaluru,Android,QR,0,normal
TXN001104,2026-01-14 13:27:00,USER0065,REC0108,890.53,Shopping,Mumbai,Android,Collect Request,0,normal
TXN005052,2026-01-14 14:08:00,USER0231,REC0077,382.09,Travel,Hyderabad,iOS,QR,0,normal
TXN002639,2026-01-14 14:13:00,USER0642,REC0408,480.57,Shopping,Mumbai,Android,App,0,normal
TXN004211,2026-01-14 14:14:00,USER0359,REC0492,837.36,Shopping,Delhi,iOS,Collect Request,0,normal
TXN006871,2026-01-14 14:21:00,USER0651,REC0082,1111.97,Transfer,Delhi,Android,QR,0,normal
TXN007521,2026-01-14 14:31:00,USER0913,REC0315,856.19,Groceries,Mumbai,iOS,App,0,normal
TXN004113,2026-01-14 14:49:00,USER0317,REC0102,667.68,Food,Chennai,Android,App,0,normal
TXN008932,2026-01-14 14:49:00,USER0236,REC0333,476.23,Shopping,Bengaluru,iOS,App,0,normal
TXN006233,2026-01-14 15:09:00,USER0226,REC0296,2504.91,Food,Mumbai,iOS,QR,0,normal
TXN001481,2026-01-14 15:12:00,USER0239,REC0315,169.54,Shopping,Pune,Android,App,0,normal
TXN000273,2026-01-14 15:14:00,USER0526,REC0157,300.84,Groceries,Bengaluru,Android,App,0,normal
TXN000357,2026-01-14 15:19:00,USER0018,REC0238,745.8,Groceries,Pune,Android,App,0,normal
TXN009263,2026-01-14 15:31:00,USER0750,REC0406,298.23,Travel,Bengaluru,iOS,App,0,normal
TXN004348,2026-01-14 15:53:00,USER0650,REC0278,276.57,Food,Chennai,iOS,App,0,normal
TXN000182,2026-01-14 16:59:00,USER0413,REC0334,178.29,Food,Bengaluru,Android,App,0,normal
TXN002008,2026-01-14 17:01:00,USER0157,REC0485,167.03,Groceries,Pune,Android,App,0,normal
TXN005827,2026-01-14 17:10:00,USER0433,REC0452,221.58,Groceries,Chennai,iOS,QR,0,normal
TXN008016,2026-01-14 17:19:00,USER0548,REC0490,492.76,Shopping,Chennai,Android,App,0,normal
TXN008252,2026-01-14 17:32:00,USER0959,REC0471,230.84,Groceries,Mumbai,Android,Collect Request,0,normal
TXN004018,2026-01-14 17:48:00,USER0002,REC0382,331.3,Bills,Bengaluru,iOS,App,0,normal
TXN008448,2026-01-14 18:04:00,USER0688,REC0477,1822.75,Shopping,Delhi,Android,Collect Request,0,normal
TXN001970,2026-01-14 18:12:00,USER0668,REC0356,1090.79,Shopping,Chennai,Android,App,0,normal
TXN009221,2026-01-14 18:15:00,USER0648,REC0395,819.68,Transfer,Delhi,Android,QR,0,normal
TXN008177,2026-01-14 18:16:00,USER0028,REC0173,770.37,Transfer,Mumbai,Android,App,0,normal
TXN008505,2026-01-14 18:21:00,USER0583,REC0493,340.86,Transfer,Mumbai,Android,App,0,normal
TXN003701,2026-01-14 18:33:00,USER0347,REC0428,759.43,Groceries,Hyderabad,Android,Collect Request,0,normal
TXN007412,2026-01-14 18:41:00,USER0421,REC0387,235.49,Transfer,Bengaluru,Android,App,0,normal
TXN002013,2026-01-14 18:51:00,USER0617,REC0215,1213.17,Groceries,Delhi,Android,QR,0,normal
TXN004849,2026-01-14 18:56:00,USER0154,REC0491,1495.17,Transfer,Hyderabad,Android,QR,0,normal
TXN000390,2026-01-14 19:05:00,USER0881,REC0001,405.91,Shopping,Chennai,Android,QR,0,normal
TXN008885,2026-01-14 19:12:00,USER0524,REC0060,241.38,Transfer,Mumbai,Android,App,0,normal
TXN000961,2026-01-14 19:26:00,USER0760,REC0090,423.38,Shopping,Bengaluru,Android,App,0,normal
TXN005366,2026-01-14 19:32:00,USER0452,REC0018,451.19,Groceries,Delhi,Android,QR,0,normal
TXN007588,2026-01-14 19:36:00,USER0745,REC0319,112.01,Shopping,Hyderabad,Android,QR,0,normal
TXN002308,2026-01-14 19:36:00,USER0284,REC0376,446.61,Travel,Hyderabad,iOS,App,0,normal
TXN007056,2026-01-14 19:37:00,USER0695,REC0053,502.31,Groceries,Delhi,Android,App,0,normal
TXN003568,2026-01-14 19:37:00,USER0061,REC0350,2450.26,Food,Chennai,Android,QR,0,normal
TXN001537,2026-01-14 19:40:00,USER0644,REC0291,710.53,Groceries,Bengaluru,iOS,App,0,normal
TXN003928,2026-01-14 19:43:00,USER0396,REC0123,928.87,Transfer,Delhi,Android,QR,0,normal
TXN005902,2026-01-14 19:43:00,USER0656,REC0195,584.66,Transfer,Chennai,Android,QR,0,normal
TXN002886,2026-01-14 19:46:00,USER0838,REC0134,706.72,Shopping,Bengaluru,iOS,App,0,normal
TXN000536,2026-01-14 19:48:00,USER0870,REC0146,1018.22,Groceries,Chennai,Android,App,0,normal
TXN001046,2026-01-14 19:48:00,USER0430,REC0010,300.8,Transfer,Hyderabad,iOS,QR,0,normal
TXN009872,2026-01-14 20:04:00,USER0292,REC0014,1124.08,Groceries,Bengaluru,Android,App,0,normal
TXN002222,2026-01-14 20:33:00,USER0085,REC0193,347.24,Food,Hyderabad,Android,QR,0,normal
TXN001229,2026-01-14 20:40:00,USER0438,REC0256,1381.49,Bills,Bengaluru,iOS,QR,0,normal
TXN005547,2026-01-14 21:02:00,USER0678,REC0125,162.97,Transfer,Pune,Android,QR,0,normal
TXN006850,2026-01-14 21:03:00,USER0343,REC0226,242.08,Bills,Chennai,Android,QR,0,normal
TXN008776,2026-01-14 21:09:00,USER0818,REC0204,1095.49,Groceries,Mumbai,Android,QR,0,normal
TXN003686,2026-01-14 21:15:00,USER0723,REC0318,262.32,Food,Mumbai,Android,QR,0,normal
TXN000058,2026-01-14 21:15:00,USER0593,REC0440,1416.98,Transfer,Bengaluru,Android,App,0,normal
TXN009111,2026-01-14 21:16:00,USER0069,REC0345,3381.93,Bills,Hyderabad,iOS,App,0,normal
TXN006398,2026-01-14 21:17:00,USER0448,REC0005,775.22,Bills,Bengaluru,Android,App,0,normal
TXN003038,2026-01-14 21:33:00,USER0211,REC0116,2974.65,Food,Hyderabad,Android,QR,0,normal
TXN007078,2026-01-14 21:36:00,USER0113,REC0132,428.81,Groceries,Chennai,iOS,App,0,normal
TXN005832,2026-01-14 22:46:00,USER0981,REC0468,415.9,Transfer,Delhi,Android,QR,0,normal
TXN007159,2026-01-14 22:52:00,USER0009,REC0239,504.56,Food,Chennai,iOS,App,0,normal
TXN003603,2026-01-14 23:03:00,USER0319,REC0443,609.52,Bills,Hyderabad,Android,App,0,normal
TXN004663,2026-01-14 23:09:00,USER0083,REC0145,763.1,Bills,Delhi,Android,App,0,normal
TXN000884,2026-01-14 23:15:00,USER0812,REC0191,341.94,Shopping,Pune,Android,QR,0,normal
TXN003808,2026-01-14 23:39:00,USER0318,REC0141,217.32,Bills,Pune,Android,QR,0,normal
TXN001406,2026-01-14 23:45:00,USER0064,REC0072,539.06,Shopping,Bengaluru,Android,App,0,normal
TXN007755,2026-01-15 00:00:00,USER0049,REC0481,855.24,Bills,Pune,Android,App,0,normal
TXN009320,2026-01-15 00:15:00,USER0396,REC0126,687.06,Groceries,Pune,Android,QR,0,normal
TXN005881,2026-01-15 00:20:00,USER0973,REC0130,344.64,Shopping,Bengaluru,Android,QR,0,normal
TXN002249,2026-01-15 00:22:00,USER0988,REC0080,584.11,Groceries,Mumbai,iOS,App,0,normal
TXN004557,2026-01-15 00:24:00,USER0535,REC0219,404.33,Food,Pune,Android,App,0,normal
TXN002792,2026-01-15 00:26:00,USER0759,REC0340,435.63,Transfer,Chennai,Android,Collect Request,0,normal
TXN000533,2026-01-15 00:39:00,USER0732,REC0052,266.98,Shopping,Bengaluru,Android,App,0,normal
TXN009680,2026-01-15 00:58:00,USER0966,REC0025,370.57,Food,Pune,iOS,App,0,normal
TXN008158,2026-01-15 01:28:00,USER0031,REC0215,599.26,Travel,Delhi,Android,QR,0,normal
TXN003253,2026-01-15 01:28:00,USER0991,REC0219,1525.2,Food,Bengaluru,Android,App,0,normal
TXN003365,2026-01-15 01:28:00,USER0494,REC0008,361.73,Bills,Delhi,Android,App,1,late_night_payment
TXN001655,2026-01-15 01:31:00,USER0729,REC0157,380.73,Bills,Hyderabad,Android,QR,0,normal
TXN008572,2026-01-15 01:33:00,USER0103,REC0079,491.44,Food,Delhi,Android,QR,0,normal
TXN004418,2026-01-15 01:35:00,USER0174,REC0166,854.47,Food,Hyderabad,iOS,App,0,normal
TXN000847,2026-01-15 01:39:00,USER0029,REC0289,947.26,Travel,Delhi,Android,App,0,normal
TXN003707,2026-01-15 01:49:00,USER0465,REC0360,699.25,Bills,Pune,Android,QR,0,normal
TXN003403,2026-01-15 02:35:00,USER0300,REC0317,1827.71,Shopping,Chennai,Android,App,0,normal
TXN008798,2026-01-15 03:08:00,USER0785,REC0098,700.66,Groceries,Mumbai,Android,App,0,normal
TXN005914,2026-01-15 03:10:00,USER0360,REC0133,2448.82,Groceries,Delhi,Android,Collect Request,0,normal
TXN001947,2026-01-15 03:16:00,USER0476,REC0498,264.44,Food,Mumbai,Android,App,0,normal
TXN007612,2026-01-15 04:05:00,USER0550,REC0012,128.77,Food,Bengaluru,iOS,QR,0,normal
TXN009342,2026-01-15 04:14:00,USER0279,REC0230,748.67,Food,Hyderabad,Android,QR,0,normal
TXN002868,2026-01-15 04:15:00,USER0917,REC0424,370.18,Groceries,Delhi,Android,App,0,normal
TXN006686,2026-01-15 04:25:00,USER0672,REC0031,703.1,Shopping,Mumbai,iOS,App,0,normal
TXN000750,2026-01-15 04:26:00,USER0651,REC0363,548.05,Transfer,Hyderabad,Android,QR,0,normal
TXN007821,2026-01-15 04:28:00,USER0851,REC0191,2503.27,Shopping,Pune,Android,Collect Request,0,normal
TXN009603,2026-01-15 04:44:00,USER0541,REC0022,229.22,Groceries,Hyderabad,Android,App,0,normal
TXN002427,2026-01-15 04:45:00,USER0632,REC0183,733.46,Transfer,Pune,iOS,QR,0,normal
TXN000937,2026-01-15 05:06:00,USER0934,REC0159,2219.5,Transfer,Mumbai,Android,QR,0,normal
TXN007507,2026-01-15 05:32:00,USER0207,REC0393,348.73,Transfer,Hyderabad,Android,QR,0,normal
TXN005151,2026-01-15 06:23:00,USER0926,REC0218,553.74,Bills,Chennai,iOS,App,0,normal
TXN007314,2026-01-15 06:25:00,USER0187,REC0477,431.14,Groceries,Delhi,Android,QR,0,normal
TXN006523,2026-01-15 06:25:00,USER0045,REC0314,69.38,Bills,Bengaluru,iOS,App,0,normal
TXN006199,2026-01-15 06:45:00,USER0226,REC0108,740.02,Groceries,Hyderabad,Android,App,0,normal
TXN009922,2026-01-15 06:53:00,USER0460,REC0118,324.33,Travel,Bengaluru,Android,App,0,normal
TXN005937,2026-01-15 07:12:00,USER0814,REC0178,528.61,Food,Pune,iOS,App,0,normal
TXN006909,2026-01-15 07:23:00,USER0504,REC0161,154.06,Food,Bengaluru,Android,QR,0,normal
TXN003351,2026-01-15 07:29:00,USER0044,REC0254,1098.51,Groceries,Hyderabad,iOS,QR,0,normal
TXN009924,2026-01-15 07:35:00,USER0451,REC0067,2519.51,Bills,Bengaluru,iOS,QR,0,normal
TXN006234,2026-01-15 08:30:00,USER0583,REC0272,566.97,Bills,Pune,iOS,App,0,normal
TXN005457,2026-01-15 08:56:00,USER0924,REC0192,238.39,Bills,Chennai,Android,App,0,normal
TXN007236,2026-01-15 09:02:00,USER0686,REC0497,588.58,Bills,Chennai,iOS,App,0,normal
TXN001695,2026-01-15 09:37:00,USER0876,REC0195,6004.01,Groceries,Hyderabad,iOS,QR,0,normal
TXN006569,2026-01-15 09:51:00,USER0580,REC0133,150.76,Shopping,Hyderabad,Android,QR,0,normal
TXN001854,2026-01-15 10:16:00,USER0820,REC0279,651.99,Shopping,Delhi,iOS,App,0,normal
TXN003163,2026-01-15 10:18:00,USER0948,REC0483,632.51,Food,Delhi,iOS,App,0,normal
TXN005978,2026-01-15 10:19:00,USER0667,REC0314,354.76,Bills,Chennai,Android,Collect Request,0,normal
TXN004884,2026-01-15 10:26:00,USER0819,REC0322,437.89,Food,Delhi,Android,App,0,normal
TXN009130,2026-01-15 10:27:00,USER0654,REC0365,1912.21,Food,Chennai,Android,App,0,normal
TXN002660,2026-01-15 10:52:00,USER0250,REC0481,854.52,Food,Chennai,Android,QR,0,normal
TXN004957,2026-01-15 10:54:00,USER0356,REC0379,128.59,Bills,Hyderabad,Android,QR,0,normal
TXN009968,2026-01-15 10:56:00,USER0599,REC0322,647.33,Food,Delhi,Android,App,0,normal
TXN000083,2026-01-15 11:05:00,USER0219,REC0103,1040.79,Travel,Pune,iOS,QR,0,normal
TXN003327,2026-01-15 11:17:00,USER0826,REC0433,715.31,Groceries,Delhi,iOS,App,0,normal
TXN009844,2026-01-15 11:38:00,USER0535,REC0386,540.0,Shopping,Pune,Android,Collect Request,0,normal
TXN009461,2026-01-15 11:44:00,USER0703,REC0178,353.21,Bills,Pune,iOS,QR,0,normal
TXN000287,2026-01-15 11:48:00,USER0745,REC0443,1750.64,Shopping,Pune,Android,QR,0,normal
TXN005846,2026-01-15 11:51:00,USER0814,REC0090,732.73,Groceries,Mumbai,iOS,App,0,normal
TXN001908,2026-01-15 12:18:00,USER0046,REC0379,2223.47,Food,Chennai,Android,App,0,normal
TXN000178,2026-01-15 12:20:00,USER0938,REC0082,740.14,Shopping,Pune,Android,App,0,normal
TXN007097,2026-01-15 12:23:00,USER0920,REC0057,392.09,Shopping,Mumbai,iOS,QR,0,normal
TXN009529,2026-01-15 12:50:00,USER0936,REC0338,861.42,Food,Hyderabad,Android,App,0,normal
TXN008126,2026-01-15 12:56:00,USER0479,REC0377,294.16,Food,Bengaluru,Android,QR,0,normal
TXN008018,2026-01-15 13:00:00,USER0697,REC0480,1223.18,Groceries,Chennai,Android,QR,0,normal
TXN005542,2026-01-15 13:27:00,USER0053,REC0276,517.91,Groceries,Mumbai,Android,Collect Request,0,normal
TXN005762,2026-01-15 13:38:00,USER0274,REC0053,529.23,Food,Mumbai,Android,App,0,normal
TXN003322,2026-01-15 13:47:00,USER0333,REC0387,544.6,Shopping,Bengaluru,Android,QR,0,normal
TXN002933,2026-01-15 14:07:00,USER0358,REC0440,300.45,Shopping,Chennai,iOS,App,0,normal
TXN006242,2026-01-15 14:18:00,USER0377,REC0093,730.03,Shopping,Pune,Android,App,0,normal
TXN002369,2026-01-15 14:32:00,USER0686,REC0262,675.55,Bills,Delhi,Android,QR,0,normal
TXN003885,2026-01-15 14:41:00,USER0508,REC0186,37920.69,Food,Mumbai,Android,QR,1,unusually_high_amount
TXN002095,2026-01-15 14:48:00,USER0573,REC0333,732.56,Groceries,Pune,iOS,App,0,normal
TXN002433,2026-01-15 14:58:00,USER0665,REC0182,685.99,Bills,Hyderabad,Android,App,0,normal
TXN001487,2026-01-15 15:08:00,USER0307,REC0257,1054.07,Shopping,Delhi,Android,App,0,normal
TXN009573,2026-01-15 15:30:00,USER0440,REC0237,452.33,Shopping,Delhi,Android,App,0,normal
TXN001556,2026-01-15 15:31:00,USER0549,REC0239,367.04,Food,Delhi,Android,App,0,normal
TXN009146,2026-01-15 15:32:00,USER0418,REC0121,327.2,Shopping,Pune,Android,App,0,normal
TXN004220,2026-01-15 15:46:00,USER0148,REC0009,1387.85,Transfer,Pune,Android,App,0,normal
TXN001778,2026-01-15 15:48:00,USER0843,REC0189,372.65,Food,Bengaluru,Android,App,0,normal
TXN006748,2026-01-15 16:27:00,USER0406,REC0339,859.28,Transfer,Bengaluru,iOS,QR,0,normal
TXN005042,2026-01-15 16:31:00,USER0060,REC0201,839.23,Groceries,Bengaluru,iOS,Collect Request,0,normal
TXN009327,2026-01-15 16:43:00,USER0408,REC0095,1122.25,Groceries,Chennai,Android,QR,0,normal
TXN004143,2026-01-15 16:47:00,USER0783,REC0359,581.44,Food,Delhi,Android,App,0,normal
TXN007745,2026-01-15 16:52:00,USER0285,REC0232,899.22,Food,Bengaluru,Android,QR,0,normal
TXN002720,2026-01-15 16:55:00,USER0473,REC0054,436.94,Groceries,Hyderabad,Android,QR,0,normal
TXN008820,2026-01-15 17:00:00,USER0646,REC0349,499.37,Food,Bengaluru,Android,App,0,normal
TXN001936,2026-01-15 17:19:00,USER0287,REC0473,1096.48,Transfer,Pune,iOS,QR,0,normal
TXN008329,2026-01-15 17:41:00,USER0391,REC0450,242.42,Groceries,Chennai,Android,QR,0,normal
TXN001076,2026-01-15 17:42:00,USER0607,REC0388,565.53,Shopping,Pune,iOS,App,0,normal
TXN006470,2026-01-15 18:47:00,USER0894,REC0375,165.32,Groceries,Chennai,Android,QR,0,normal
TXN007068,2026-01-15 19:03:00,USER0933,REC0455,461.17,Travel,Mumbai,Android,App,0,normal
TXN001941,2026-01-15 19:05:00,USER0298,REC0011,1928.75,Food,Chennai,Android,QR,0,normal
TXN006127,2026-01-15 19:28:00,USER0630,REC0271,507.17,Bills,Mumbai,Android,App,0,normal
TXN000350,2026-01-15 19:33:00,USER0175,REC0110,323.73,Food,Mumbai,Android,QR,0,normal
TXN003271,2026-01-15 19:59:00,USER0452,REC0368,2016.92,Groceries,Chennai,Android,App,0,normal
TXN004583,2026-01-15 20:18:00,USER0205,REC0045,536.9,Transfer,Pune,Android,App,0,normal
TXN007520,2026-01-15 20:34:00,USER0194,REC0211,1299.41,Travel,Pune,Android,App,0,normal
TXN006303,2026-01-15 20:39:00,USER0221,REC0179,2861.02,Groceries,Pune,Android,App,0,normal
TXN000623,2026-01-15 20:39:00,USER0995,REC0218,356.29,Bills,Mumbai,iOS,App,0,normal
TXN000041,2026-01-15 20:53:00,USER0596,REC0342,253.33,Food,Delhi,iOS,QR,0,normal
TXN001850,2026-01-15 21:04:00,USER0562,REC0148,1253.03,Food,Mumbai,iOS,App,0,normal
TXN001637,2026-01-15 21:16:00,USER0335,REC0061,80.65,Food,Hyderabad,iOS,App,0,normal
TXN007737,2026-01-15 21:17:00,USER0471,REC0344,188.57,Transfer,Mumbai,Android,App,0,normal
TXN001596,2026-01-15 21:27:00,USER0908,REC0154,442.49,Food,Pune,Android,QR,0,normal
TXN000532,2026-01-15 21:32:00,USER0050,REC0213,161.87,Food,Pune,Android,App,0,normal
TXN008934,2026-01-15 21:32:00,USER0202,REC0066,316.07,Shopping,Chennai,Android,App,0,normal
TXN007441,2026-01-15 21:34:00,USER0461,REC0319,238.72,Bills,Pune,Android,App,0,normal
TXN008748,2026-01-15 21:46:00,USER0969,REC0062,1031.42,Groceries,Hyderabad,Android,QR,0,normal
TXN005620,2026-01-15 22:01:00,USER0031,REC0147,1149.06,Bills,Pune,Android,App,0,normal
TXN005392,2026-01-15 22:16:00,USER0585,REC0404,1642.34,Transfer,Delhi,Android,QR,0,normal
TXN001078,2026-01-15 22:21:00,USER0370,REC0260,1005.33,Food,Bengaluru,Android,App,0,normal
TXN005381,2026-01-15 22:28:00,USER0045,REC0105,440.64,Groceries,Pune,Android,Collect Request,0,normal
TXN000467,2026-01-15 22:29:00,USER0328,REC0357,163.91,Food,Mumbai,Android,QR,0,normal
TXN005176,2026-01-15 22:32:00,USER0998,REC0236,1081.77,Food,Chennai,Android,App,0,normal
TXN004367,2026-01-15 22:35:00,USER0374,REC0004,317.53,Travel,Delhi,Android,App,0,normal
TXN004379,2026-01-15 22:36:00,USER0564,REC0139,270.36,Food,Pune,iOS,QR,0,normal
TXN002596,2026-01-15 22:41:00,USER0645,REC0439,1489.99,Shopping,Bengaluru,Android,App,0,normal
TXN000187,2026-01-15 23:01:00,USER0451,REC0271,348.19,Bills,Chennai,Android,App,0,normal
TXN008377,2026-01-16 00:18:00,USER0385,REC0407,3238.13,Travel,Mumbai,iOS,App,0,normal
TXN007470,2026-01-16 01:20:00,USER0764,REC0417,199.79,Groceries,Mumbai,iOS,App,0,normal
TXN009418,2026-01-16 01:29:00,USER0790,REC0266,175.0,Shopping,Chennai,Android,App,0,normal
TXN003690,2026-01-16 01:30:00,USER0602,REC0227,828.63,Travel,Chennai,iOS,App,0,normal
TXN008161,2026-01-16 01:33:00,USER0794,REC0286,259.36,Food,Bengaluru,Android,QR,0,normal
TXN002297,2026-01-16 01:33:00,USER0734,REC0117,736.2,Groceries,Chennai,Android,QR,0,normal
TXN002200,2026-01-16 02:13:00,USER0140,REC0217,2267.14,Transfer,Chennai,Android,QR,0,normal
TXN000703,2026-01-16 02:16:00,USER0415,REC0188,409.51,Groceries,Delhi,Android,App,0,normal
TXN003559,2026-01-16 02:34:00,USER0502,REC0014,304.87,Transfer,Chennai,iOS,App,0,normal
TXN005450,2026-01-16 02:44:00,USER0857,REC0049,484.14,Transfer,Delhi,Android,App,0,normal
TXN002328,2026-01-16 02:52:00,USER0571,REC0466,694.75,Shopping,Pune,iOS,App,0,normal
TXN006461,2026-01-16 03:01:00,USER0150,REC0379,165.19,Travel,Bengaluru,iOS,App,0,normal
TXN009395,2026-01-16 03:28:00,USER0246,REC0332,792.45,Groceries,Chennai,Android,QR,0,normal
TXN009994,2026-01-16 03:43:00,USER0310,REC0291,579.76,Groceries,Mumbai,Android,App,0,normal
TXN005888,2026-01-16 04:16:00,USER0514,REC0415,260.12,Transfer,Pune,Android,App,0,normal
TXN009945,2026-01-16 04:40:00,USER0879,REC0299,133.95,Groceries,Pune,iOS,QR,0,normal
TXN002940,2026-01-16 04:45:00,USER0867,REC0379,402.1,Transfer,Pune,Android,QR,0,normal
TXN003524,2026-01-16 05:19:00,USER0592,REC0237,174.97,Food,Hyderabad,Android,App,0,normal
TXN005851,2026-01-16 05:39:00,USER0080,REC0221,1706.07,Groceries,Bengaluru,iOS,App,0,normal
TXN000685,2026-01-16 05:53:00,USER0615,REC0384,1376.67,Transfer,Chennai,Android,App,0,normal
TXN003049,2026-01-16 06:04:00,USER0101,REC0259,1442.13,Transfer,Pune,iOS,Collect Request,0,normal
TXN003517,2026-01-16 06:21:00,USER0285,REC0139,346.95,Bills,Mumbai,Android,QR,0,normal
TXN006183,2026-01-16 06:30:00,USER0740,REC0226,666.35,Groceries,Hyderabad,iOS,App,0,normal
TXN008752,2026-01-16 06:32:00,USER0218,REC0217,1391.68,Travel,Pune,Android,App,0,normal
TXN003562,2026-01-16 06:34:00,USER0381,REC0023,171.09,Food,Hyderabad,iOS,QR,0,normal
TXN003180,2026-01-16 06:46:00,USER0514,REC0105,329.18,Bills,Pune,Android,QR,0,normal
TXN004283,2026-01-16 06:50:00,USER0337,REC0286,462.37,Groceries,Chennai,Android,App,0,normal
TXN005299,2026-01-16 06:57:00,USER0972,REC0500,316.67,Food,Pune,Android,App,0,normal
TXN006200,2026-01-16 07:04:00,USER0932,REC0191,947.11,Food,Hyderabad,iOS,App,0,normal
TXN004372,2026-01-16 07:09:00,USER0403,REC0196,540.85,Shopping,Hyderabad,Android,App,0,normal
TXN004682,2026-01-16 07:53:00,USER0547,REC0225,166.07,Food,Chennai,Android,App,0,normal
TXN002534,2026-01-16 07:56:00,USER0075,REC0281,141.19,Food,Delhi,Android,App,0,normal
TXN005418,2026-01-16 08:02:00,USER0374,REC0173,1464.51,Shopping,Pune,Android,Collect Request,0,normal
TXN000262,2026-01-16 08:28:00,USER0300,REC0440,1095.53,Transfer,Chennai,Android,App,0,normal
TXN005377,2026-01-16 08:53:00,USER0664,REC0067,950.21,Transfer,Hyderabad,Android,App,0,normal
TXN007364,2026-01-16 09:22:00,USER0609,REC0075,624.19,Groceries,Bengaluru,Android,QR,0,normal
TXN001433,2026-01-16 09:47:00,USER0515,REC0059,1282.89,Shopping,Delhi,iOS,App,0,normal
TXN000704,2026-01-16 09:59:00,USER0754,REC0247,186.64,Bills,Mumbai,Android,App,0,normal
TXN009277,2026-01-16 10:54:00,USER0635,REC0072,349.66,Food,Bengaluru,Android,App,0,normal
TXN008472,2026-01-16 11:14:00,USER0306,REC0223,42258.1,Groceries,Pune,Android,QR,1,unusually_high_amount
TXN002450,2026-01-16 11:26:00,USER0510,REC0049,327.24,Transfer,Delhi,Android,App,0,normal
TXN008279,2026-01-16 11:46:00,USER0943,REC0426,1490.24,Groceries,Delhi,Android,QR,0,normal
TXN002805,2026-01-16 11:50:00,USER0107,REC0379,504.73,Groceries,Chennai,iOS,QR,0,normal
TXN002103,2026-01-16 11:52:00,USER0151,REC0031,1531.95,Groceries,Delhi,Android,App,0,normal
TXN007036,2026-01-16 11:53:00,USER0163,REC0052,199.91,Shopping,Bengaluru,iOS,App,0,normal
TXN002051,2026-01-16 12:08:00,USER0106,REC0327,640.89,Groceries,Mumbai,Android,QR,0,normal
TXN008024,2026-01-16 12:18:00,USER0685,REC0225,374.93,Groceries,Mumbai,Android,QR,0,normal
TXN003257,2026-01-16 13:15:00,USER0371,REC0078,376.24,Groceries,Bengaluru,Android,App,0,normal
TXN005096,2026-01-16 13:31:00,USER0055,REC0100,220.87,Groceries,Chennai,Android,QR,0,normal
TXN001616,2026-01-16 13:33:00,USER0831,REC0147,1153.07,Groceries,Mumbai,Android,App,0,normal
TXN001032,2026-01-16 13:40:00,USER0982,REC0086,529.96,Travel,Hyderabad,Android,App,0,normal
TXN006284,2026-01-16 13:43:00,USER0260,REC0004,147.86,Groceries,Chennai,Android,App,0,normal
TXN006957,2026-01-16 13:46:00,USER0060,REC0260,351.3,Food,Delhi,Android,QR,0,normal
TXN000908,2026-01-16 13:57:00,USER0175,REC0099,500.16,Transfer,Bengaluru,Android,QR,0,normal
TXN006545,2026-01-16 14:18:00,USER0322,REC0328,798.43,Food,Chennai,Android,QR,0,normal
TXN003289,2026-01-16 15:18:00,USER0736,REC0069,273.76,Shopping,Delhi,iOS,QR,0,normal
TXN006368,2026-01-16 15:21:00,USER0034,REC0092,479.19,Groceries,Pune,Android,QR,0,normal
TXN006345,2026-01-16 15:43:00,USER0234,REC0145,139.94,Food,Chennai,Android,App,0,normal
TXN002931,2026-01-16 16:16:00,USER0408,REC0025,359.87,Groceries,Delhi,Android,App,0,normal
TXN006423,2026-01-16 16:18:00,USER0136,REC0402,712.6,Bills,Chennai,Android,QR,0,normal
TXN006719,2026-01-16 16:20:00,USER0025,REC0202,463.2,Food,Delhi,Android,QR,0,normal
TXN000411,2026-01-16 16:26:00,USER0641,REC0052,493.47,Groceries,Chennai,Android,App,0,normal
TXN005961,2026-01-16 16:41:00,USER0686,REC0267,1204.1,Food,Pune,Android,QR,0,normal
TXN003761,2026-01-16 16:42:00,USER0968,REC0232,263.84,Groceries,Chennai,Android,QR,0,normal
TXN008595,2026-01-16 16:57:00,USER0728,REC0086,285.73,Bills,Bengaluru,Android,App,0,normal
TXN004634,2026-01-16 17:00:00,USER0870,REC0422,448.75,Food,Chennai,Android,QR,0,normal
TXN005073,2026-01-16 17:06:00,USER0615,REC0118,892.17,Groceries,Pune,Android,App,0,normal
TXN000544,2026-01-16 17:13:00,USER0876,REC0426,1563.41,Groceries,Pune,Android,QR,0,normal
TXN003097,2026-01-16 17:19:00,USER0044,REC0200,514.63,Shopping,Delhi,Android,App,0,normal
TXN003950,2026-01-16 17:35:00,USER0562,REC0052,1066.64,Shopping,Hyderabad,Android,App,0,normal
TXN008148,2026-01-16 17:36:00,USER0677,REC0284,681.22,Food,Delhi,iOS,App,0,normal
TXN007845,2026-01-16 17:48:00,USER0276,REC0223,625.31,Travel,Delhi,Android,App,0,normal
TXN008930,2026-01-16 17:49:00,USER0976,REC0384,957.94,Bills,Chennai,Android,QR,0,normal
TXN005486,2026-01-16 17:57:00,USER0817,REC0103,2316.88,Food,Bengaluru,Android,QR,0,normal
TXN008398,2026-01-16 18:00:00,USER0294,REC0469,169.67,Shopping,Mumbai,Android,App,0,normal
TXN006049,2026-01-16 18:02:00,USER0440,REC0270,1454.08,Food,Mumbai,Android,QR,0,normal
TXN003052,2026-01-16 18:23:00,USER1000,REC0396,955.89,Groceries,Chennai,Android,Collect Request,0,normal
TXN000259,2026-01-16 18:23:00,USER0508,REC0142,247.97,Travel,Chennai,Android,QR,0,normal
TXN002370,2026-01-16 18:44:00,USER0199,REC0033,1826.13,Travel,Delhi,Android,App,0,normal
TXN003196,2026-01-16 18:59:00,USER0268,REC0239,559.67,Transfer,Pune,Android,QR,0,normal
TXN009278,2026-01-16 19:50:00,USER0611,REC0159,1840.77,Food,Delhi,Android,QR,0,normal
TXN006093,2026-01-16 19:59:00,USER0682,REC0227,856.76,Bills,Mumbai,Android,QR,0,normal
TXN000761,2026-01-16 20:09:00,USER0202,REC0229,122.54,Travel,Bengaluru,Android,QR,0,normal
TXN002478,2026-01-16 20:27:00,USER0839,REC0370,690.08,Food,Hyderabad,Android,QR,0,normal
TXN009669,2026-01-16 20:39:00,USER0025,REC0215,594.35,Shopping,Mumbai,Android,App,0,normal
TXN002368,2026-01-16 20:47:00,USER0661,REC0433,721.21,Transfer,Delhi,Android,QR,0,normal
TXN002248,2026-01-16 20:55:00,USER0342,REC0039,1253.37,Bills,Delhi,Android,App,0,normal
TXN003088,2026-01-16 20:55:00,USER0518,REC0424,769.75,Bills,Delhi,Android,App,0,normal
TXN008456,2026-01-16 21:08:00,USER0776,REC0163,304.46,Bills,Hyderabad,Android,App,0,normal
TXN007288,2026-01-16 21:09:00,USER0320,REC0075,888.34,Shopping,Pune,Android,Collect Request,0,normal
TXN002147,2026-01-16 21:09:00,USER0028,REC0209,281.37,Groceries,Pune,Android,App,0,normal
TXN003888,2026-01-16 21:36:00,USER0597,REC0123,922.51,Shopping,Bengaluru,Android,QR,0,normal
TXN000661,2026-01-16 21:42:00,USER0585,REC0380,1311.83,Transfer,Hyderabad,iOS,QR,0,normal
TXN000230,2026-01-16 21:49:00,USER0117,REC0006,346.29,Bills,Mumbai,Android,App,0,normal
TXN003787,2026-01-16 21:59:00,USER0758,REC0273,992.93,Shopping,Chennai,Android,App,0,normal
TXN005493,2026-01-16 22:09:00,USER0004,REC0348,218.54,Transfer,Mumbai,iOS,App,0,normal
TXN003792,2026-01-16 22:19:00,USER0124,REC0082,692.9,Transfer,Hyderabad,iOS,App,0,normal
TXN002032,2026-01-16 22:49:00,USER0059,REC0286,225.62,Food,Pune,Android,App,0,normal
TXN004773,2026-01-16 22:54:00,USER0418,REC0183,777.88,Groceries,Bengaluru,Android,QR,0,normal
TXN005303,2026-01-16 23:01:00,USER0843,REC0326,804.24,Bills,Mumbai,Android,QR,0,normal
TXN001405,2026-01-16 23:09:00,USER0834,REC0141,941.89,Transfer,Mumbai,Android,App,0,normal
TXN001174,2026-01-16 23:24:00,USER0569,REC0305,2179.15,Shopping,Hyderabad,iOS,App,0,normal
TXN007890,2026-01-17 00:04:00,USER0786,REC0030,1040.61,Groceries,Pune,iOS,QR,0,normal
TXN002275,2026-01-17 00:07:00,USER0654,REC0259,550.12,Bills,Hyderabad,Android,App,0,normal
TXN001883,2026-01-17 00:07:00,USER0628,REC0133,2337.8,Transfer,Delhi,Android,QR,0,normal
TXN004226,2026-01-17 00:17:00,USER0680,REC0368,2874.35,Transfer,Mumbai,iOS,App,0,normal
TXN006185,2026-01-17 00:27:00,USER0106,REC0455,873.6,Groceries,Pune,Android,App,0,normal
TXN007831,2026-01-17 00:39:00,USER0971,REC0250,616.24,Shopping,Bengaluru,Android,QR,0,normal
TXN008180,2026-01-17 00:46:00,USER0425,REC0095,2176.69,Food,Hyderabad,Android,App,0,normal
TXN008975,2026-01-17 00:52:00,USER0083,REC0198,453.99,Groceries,Mumbai,Android,QR,0,normal
TXN007608,2026-01-17 00:55:00,USER0213,REC0279,387.77,Bills,Bengaluru,Android,App,0,normal
TXN003879,2026-01-17 01:02:00,USER0875,REC0379,470.34,Groceries,Hyderabad,Android,QR,0,normal
TXN006723,2026-01-17 01:12:00,USER0702,REC0428,1146.55,Bills,Mumbai,Android,App,0,normal
TXN009259,2026-01-17 01:14:00,USER0446,REC0335,246.93,Groceries,Delhi,iOS,App,0,normal
TXN001702,2026-01-17 01:26:00,USER0995,REC0227,1248.65,Transfer,Pune,iOS,QR,0,normal
TXN003824,2026-01-17 01:47:00,USER0603,REC0426,205.64,Transfer,Hyderabad,Android,App,0,normal
TXN009621,2026-01-17 02:10:00,USER0789,REC0408,755.99,Groceries,Delhi,Android,QR,0,normal
TXN009654,2026-01-17 02:28:00,USER0910,REC0425,736.25,Shopping,Chennai,Android,Collect Request,0,normal
TXN005391,2026-01-17 02:54:00,USER0300,REC0035,462.68,Groceries,Delhi,Android,App,0,normal
TXN008105,2026-01-17 03:02:00,USER0021,REC0241,367.44,Shopping,Mumbai,Android,Collect Request,0,normal
TXN000392,2026-01-17 03:13:00,USER0975,REC0461,125.27,Food,Pune,Android,App,0,normal
TXN000251,2026-01-17 03:37:00,USER0584,REC0116,719.35,Transfer,Hyderabad,Android,QR,0,normal
TXN001663,2026-01-17 03:42:00,USER0884,REC0231,1143.98,Shopping,Mumbai,Android,App,1,late_night_payment
TXN001886,2026-01-17 03:42:00,USER0148,REC0238,516.58,Transfer,Delhi,Android,App,0,normal
TXN006863,2026-01-17 03:43:00,USER0210,REC0414,4368.13,Food,Pune,Android,App,0,normal
TXN002381,2026-01-17 03:52:00,USER0048,REC0006,535.83,Transfer,Pune,Android,App,0,normal
TXN006553,2026-01-17 03:54:00,USER0848,REC0305,398.71,Bills,Chennai,iOS,App,0,normal
TXN008615,2026-01-17 03:57:00,USER0563,REC0110,558.28,Bills,Mumbai,Android,QR,0,normal
TXN009806,2026-01-17 04:33:00,USER0713,REC0046,308.23,Shopping,Chennai,iOS,QR,0,normal
TXN007141,2026-01-17 04:35:00,USER0351,REC0057,353.3,Shopping,Delhi,Android,QR,0,normal
TXN008063,2026-01-17 04:57:00,USER0520,REC0175,268.2,Shopping,Chennai,iOS,QR,0,normal
TXN002483,2026-01-17 05:25:00,USER0023,REC0428,290.27,Transfer,Chennai,Android,App,0,normal
TXN008844,2026-01-17 05:28:00,USER0035,REC0284,764.94,Food,Pune,Android,App,0,normal
TXN008794,2026-01-17 05:32:00,USER0566,REC0329,390.17,Groceries,Delhi,iOS,QR,0,normal
TXN008000,2026-01-17 05:33:00,USER0643,REC0234,370.96,Shopping,Chennai,Android,QR,0,normal
TXN004391,2026-01-17 06:10:00,USER0307,REC0142,436.3,Bills,Delhi,iOS,Collect Request,0,normal
TXN000349,2026-01-17 06:18:00,USER0744,REC0121,2165.86,Food,Pune,Android,QR,0,normal
TXN004628,2026-01-17 06:19:00,USER0619,REC0242,535.9,Groceries,Pune,Android,QR,0,normal
TXN003668,2026-01-17 06:42:00,USER0974,REC0221,889.95,Food,Hyderabad,Android,App,0,normal
TXN008103,2026-01-17 06:42:00,USER0387,REC0190,250.57,Groceries,Chennai,iOS,App,0,normal
TXN001106,2026-01-17 06:48:00,USER0351,REC0465,1737.24,Groceries,Delhi,iOS,App,0,normal
TXN008140,2026-01-17 06:58:00,USER0348,REC0372,195.58,Groceries,Delhi,iOS,App,0,normal
TXN004168,2026-01-17 07:39:00,USER0209,REC0340,194.76,Bills,Pune,Android,QR,0,normal
TXN009592,2026-01-17 07:56:00,USER0609,REC0325,376.52,Shopping,Pune,Android,QR,0,normal
TXN000469,2026-01-17 07:58:00,USER0761,REC0442,1036.41,Groceries,Chennai,Android,App,0,normal
TXN002613,2026-01-17 07:58:00,USER0077,REC0244,441.72,Groceries,Hyderabad,Android,QR,0,normal
TXN000564,2026-01-17 08:02:00,USER0303,REC0423,159.05,Shopping,Delhi,Android,App,0,normal
TXN005474,2026-01-17 08:05:00,USER0739,REC0157,2059.48,Groceries,Chennai,Android,QR,0,normal
TXN003087,2026-01-17 08:26:00,USER0717,REC0357,1117.59,Food,Chennai,Android,App,0,normal
TXN008442,2026-01-17 08:32:00,USER0978,REC0214,789.8,Food,Pune,iOS,Collect Request,0,normal
TXN009196,2026-01-17 08:43:00,USER0346,REC0139,1274.07,Shopping,Delhi,Android,App,0,normal
TXN006136,2026-01-17 08:59:00,USER0413,REC0414,1213.67,Transfer,Hyderabad,Android,App,0,normal
TXN004929,2026-01-17 09:32:00,USER0574,REC0319,1718.78,Transfer,Hyderabad,Android,App,0,normal
TXN001639,2026-01-17 09:52:00,USER0315,REC0353,411.86,Groceries,Pune,Android,QR,0,normal
TXN001929,2026-01-17 10:12:00,USER0970,REC0399,450.79,Groceries,Hyderabad,iOS,QR,0,normal
TXN000023,2026-01-17 10:18:00,USER0613,REC0040,493.61,Shopping,Pune,iOS,App,0,normal
TXN002926,2026-01-17 10:52:00,USER0716,REC0327,1452.04,Food,Pune,Android,QR,0,normal
TXN008702,2026-01-17 11:04:00,USER0777,REC0003,296.85,Food,Pune,Android,App,0,normal
TXN000635,2026-01-17 11:05:00,USER0079,REC0068,228.0,Shopping,Bengaluru,Android,App,0,normal
TXN005329,2026-01-17 11:41:00,USER0475,REC0060,36097.49,Food,Mumbai,Android,QR,1,unusually_high_amount
TXN005940,2026-01-17 11:58:00,USER0043,REC0185,330.1,Groceries,Mumbai,iOS,QR,0,normal
TXN003935,2026-01-17 12:10:00,USER0853,REC0451,1015.49,Groceries,Delhi,Android,QR,0,normal
TXN008361,2026-01-17 12:20:00,USER0455,REC0041,512.45,Bills,Delhi,Android,QR,0,normal
TXN000912,2026-01-17 12:25:00,USER0531,REC0391,340.08,Shopping,Pune,Android,QR,0,normal
TXN003099,2026-01-17 12:28:00,USER0946,REC0129,605.69,Shopping,Hyderabad,Android,App,0,normal
TXN002385,2026-01-17 12:39:00,USER0879,REC0390,1120.65,Transfer,Pune,Android,Collect Request,0,normal
TXN006300,2026-01-17 12:59:00,USER0093,REC0125,630.0,Bills,Hyderabad,Android,QR,0,normal
TXN005618,2026-01-17 13:01:00,USER0946,REC0475,475.1,Travel,Mumbai,Android,App,0,normal
TXN007423,2026-01-17 13:01:00,USER0469,REC0419,435.68,Food,Pune,Android,QR,0,normal
TXN008012,2026-01-17 13:44:00,USER0706,REC0417,856.59,Bills,Delhi,Android,QR,0,normal
TXN006078,2026-01-17 14:06:00,USER0084,REC0049,936.61,Travel,Bengaluru,iOS,App,0,normal
TXN009179,2026-01-17 14:09:00,USER0999,REC0065,390.29,Groceries,Pune,iOS,App,0,normal
TXN007128,2026-01-17 14:24:00,USER0248,REC0189,1235.57,Travel,Mumbai,Android,App,0,normal
TXN007370,2026-01-17 14:27:00,USER0247,REC0163,101.43,Transfer,Chennai,iOS,QR,0,normal
TXN008113,2026-01-17 15:16:00,USER0523,REC0496,194.71,Groceries,Mumbai,Android,App,0,normal
TXN009661,2026-01-17 15:16:00,USER0272,REC0449,444.54,Food,Pune,iOS,App,0,normal
TXN005271,2026-01-17 15:21:00,USER0710,REC0287,1215.75,Bills,Mumbai,Android,App,0,normal
TXN004331,2026-01-17 15:50:00,USER0061,REC0244,424.19,Shopping,Delhi,Android,QR,0,normal
TXN001432,2026-01-17 15:59:00,USER0199,REC0148,585.88,Shopping,Bengaluru,Android,QR,0,normal
TXN001891,2026-01-17 16:06:00,USER0472,REC0144,436.25,Shopping,Pune,Android,QR,0,normal
TXN003290,2026-01-17 16:24:00,USER0629,REC0296,717.04,Shopping,Hyderabad,Android,App,0,normal
TXN008432,2026-01-17 16:43:00,USER0744,REC0161,437.03,Food,Pune,Android,App,0,normal
TXN002929,2026-01-17 16:53:00,USER0043,REC0341,1099.53,Food,Chennai,iOS,QR,0,normal
TXN007884,2026-01-17 17:01:00,USER0118,REC0172,458.71,Food,Delhi,Android,QR,0,normal
TXN002741,2026-01-17 17:10:00,USER0458,REC0110,777.67,Shopping,Delhi,iOS,QR,0,normal
TXN001798,2026-01-17 17:15:00,USER0530,REC0012,495.61,Bills,Chennai,Android,QR,0,normal
TXN004408,2026-01-17 17:42:00,USER0983,REC0454,196.0,Groceries,Bengaluru,Android,QR,0,normal
TXN006310,2026-01-17 18:03:00,USER0624,REC0455,1377.0,Transfer,Chennai,Android,App,0,normal
TXN009443,2026-01-17 18:27:00,USER0848,REC0435,319.38,Groceries,Hyderabad,Android,App,0,normal
TXN008188,2026-01-17 18:44:00,USER0223,REC0328,664.49,Groceries,Delhi,Android,App,0,normal
TXN004156,2026-01-17 18:48:00,USER0994,REC0496,1181.36,Travel,Chennai,iOS,App,0,normal
TXN009475,2026-01-17 18:48:00,USER0437,REC0404,2371.96,Food,Mumbai,Android,QR,0,normal
TXN005496,2026-01-17 19:11:00,USER0645,REC0172,1390.26,Transfer,Mumbai,iOS,App,0,normal
TXN006218,2026-01-17 19:15:00,USER0601,REC0401,87.37,Food,Pune,Android,App,0,normal
TXN001345,2026-01-17 19:15:00,USER0685,REC0440,690.71,Shopping,Hyderabad,Android,App,0,normal
TXN008854,2026-01-17 19:22:00,USER0139,REC0055,207.21,Food,Pune,Android,QR,0,normal
TXN008506,2026-01-17 19:23:00,USER0705,REC0355,540.04,Transfer,Chennai,Android,App,0,normal
TXN004019,2026-01-17 20:06:00,USER0574,REC0040,295.21,Bills,Hyderabad,Android,App,0,normal
TXN004983,2026-01-17 20:16:00,USER0446,REC0490,1078.18,Transfer,Pune,Android,QR,0,normal
TXN001960,2026-01-17 20:26:00,USER0666,REC0290,483.86,Transfer,Mumbai,Android,App,0,normal
TXN008605,2026-01-17 20:30:00,USER0107,REC0168,224.24,Travel,Hyderabad,iOS,QR,0,normal
TXN003359,2026-01-17 20:34:00,USER0101,REC0415,615.49,Groceries,Pune,Android,App,0,normal
TXN006671,2026-01-17 20:40:00,USER0285,REC0238,733.58,Groceries,Pune,Android,App,0,normal
TXN003529,2026-01-17 20:46:00,USER0660,REC0083,471.58,Groceries,Hyderabad,Android,QR,0,normal
TXN009083,2026-01-17 20:47:00,USER0873,REC0128,1063.99,Groceries,Pune,iOS,QR,0,normal
TXN009594,2026-01-17 21:04:00,USER0018,REC0242,446.24,Shopping,Mumbai,Android,Collect Request,0,normal
TXN001326,2026-01-17 21:12:00,USER0529,REC0497,238.56,Bills,Bengaluru,iOS,App,0,normal
TXN002674,2026-01-17 21:14:00,USER0428,REC0123,677.35,Travel,Pune,iOS,QR,0,normal
TXN006681,2026-01-17 21:23:00,USER0479,REC0431,1398.18,Food,Mumbai,Android,Collect Request,0,normal
TXN009016,2026-01-17 21:27:00,USER0187,REC0034,521.38,Bills,Pune,Android,Collect Request,0,normal
TXN009880,2026-01-17 21:46:00,USER0707,REC0106,161.04,Food,Bengaluru,iOS,App,0,normal
TXN006884,2026-01-17 21:46:00,USER0308,REC0053,444.02,Food,Hyderabad,Android,Collect Request,0,normal
TXN005905,2026-01-17 21:49:00,USER0284,REC0273,655.49,Groceries,Hyderabad,iOS,App,0,normal
TXN002944,2026-01-17 21:52:00,USER0608,REC0171,874.06,Groceries,Chennai,Android,QR,0,normal
TXN006449,2026-01-17 22:16:00,USER0204,REC0414,1469.89,Transfer,Hyderabad,iOS,App,0,normal
TXN004564,2026-01-17 22:18:00,USER0086,REC0476,174.74,Shopping,Delhi,Android,App,0,normal
TXN004491,2026-01-17 22:21:00,USER0702,REC0178,807.01,Bills,Hyderabad,iOS,App,0,normal
TXN000253,2026-01-17 22:33:00,USER0645,REC0146,599.07,Food,Bengaluru,Android,App,0,normal
TXN001534,2026-01-17 22:46:00,USER0359,REC0125,642.34,Food,Hyderabad,Android,QR,0,normal
TXN002738,2026-01-17 23:06:00,USER0554,REC0316,1028.93,Food,Bengaluru,Android,QR,0,normal
TXN003394,2026-01-17 23:13:00,USER0343,REC0367,241.59,Travel,Delhi,iOS,App,0,normal
TXN007937,2026-01-17 23:34:00,USER0722,REC0036,729.87,Food,Bengaluru,Android,App,0,normal
TXN003776,2026-01-17 23:37:00,USER0265,REC0054,524.06,Groceries,Chennai,iOS,App,0,normal
TXN006534,2026-01-17 23:45:00,USER0935,REC0317,1222.69,Food,Chennai,Android,QR,0,normal
TXN003256,2026-01-17 23:53:00,USER0584,REC0490,728.44,Food,Delhi,Android,QR,0,normal
TXN007484,2026-01-18 00:09:00,USER0661,REC0300,253.84,Shopping,Bengaluru,Android,App,0,normal
TXN003045,2026-01-18 00:21:00,USER0357,REC0489,288.83,Groceries,Hyderabad,Android,App,0,normal
TXN004905,2026-01-18 00:45:00,USER0268,REC0251,514.51,Groceries,Hyderabad,Android,App,0,normal
TXN008025,2026-01-18 00:51:00,USER0075,REC0298,149.59,Bills,Hyderabad,iOS,QR,0,normal
TXN002810,2026-01-18 01:01:00,USER0195,REC0308,554.46,Groceries,Mumbai,Android,QR,0,normal
TXN000072,2026-01-18 01:15:00,USER0199,REC0471,611.48,Food,Delhi,Android,App,0,normal
TXN002071,2026-01-18 01:18:00,USER0368,REC0129,936.05,Groceries,Mumbai,iOS,QR,0,normal
TXN004796,2026-01-18 01:18:00,USER0320,REC0188,418.25,Food,Delhi,iOS,App,0,normal
TXN009976,2026-01-18 01:38:00,USER0815,REC0173,433.97,Food,Mumbai,Android,App,0,normal
TXN004009,2026-01-18 01:43:00,USER0004,REC0243,780.7,Transfer,Hyderabad,iOS,Collect Request,0,normal
TXN007260,2026-01-18 01:53:00,USER0865,REC0229,1222.48,Transfer,Mumbai,Android,QR,0,normal
TXN001651,2026-01-18 01:53:00,USER0497,REC0100,249.68,Bills,Bengaluru,Android,QR,0,normal
TXN004448,2026-01-18 02:29:00,USER0136,REC0362,1201.04,Groceries,Delhi,Android,QR,0,normal
TXN009851,2026-01-18 02:30:00,USER0155,REC0003,458.57,Transfer,Bengaluru,Android,QR,0,normal
TXN008414,2026-01-18 02:31:00,USER0626,REC0379,480.75,Bills,Chennai,Android,App,0,normal
TXN004103,2026-01-18 02:33:00,USER0332,REC0296,344.41,Groceries,Chennai,iOS,App,0,normal
TXN005681,2026-01-18 02:45:00,USER0925,REC0469,321.66,Groceries,Delhi,Android,QR,0,normal
TXN006250,2026-01-18 03:18:00,USER0945,REC0467,144.53,Bills,Pune,Android,QR,0,normal
TXN004871,2026-01-18 03:28:00,USER0426,REC0037,829.05,Shopping,Delhi,Android,QR,0,normal
TXN004875,2026-01-18 03:34:00,USER0476,REC0397,728.66,Bills,Delhi,iOS,App,0,normal
TXN009152,2026-01-18 03:47:00,USER0556,REC0112,1339.93,Travel,Bengaluru,Android,QR,0,normal
TXN006570,2026-01-18 03:58:00,USER0106,REC0487,474.54,Food,Hyderabad,Android,QR,0,normal
TXN007886,2026-01-18 04:18:00,USER0069,REC0354,459.43,Shopping,Pune,Android,QR,0,normal
TXN001523,2026-01-18 05:19:00,USER0247,REC0484,646.92,Shopping,Hyderabad,Android,QR,0,normal
TXN003913,2026-01-18 05:29:00,USER0266,REC0283,802.87,Food,Pune,Android,QR,0,normal
TXN008437,2026-01-18 05:43:00,USER0016,REC0431,1696.58,Shopping,Hyderabad,Android,App,0,normal
TXN001178,2026-01-18 05:51:00,USER0490,REC0070,210.4,Transfer,Pune,Android,App,0,normal
TXN006687,2026-01-18 06:28:00,USER0924,REC0422,465.76,Travel,Hyderabad,Android,QR,0,normal
TXN003194,2026-01-18 06:32:00,USER0245,REC0191,296.22,Shopping,Chennai,iOS,App,0,normal
TXN009295,2026-01-18 07:12:00,USER0030,REC0172,497.87,Travel,Mumbai,Android,QR,0,normal
TXN003295,2026-01-18 07:13:00,USER0300,REC0200,240.49,Travel,Bengaluru,iOS,QR,0,normal
TXN000523,2026-01-18 07:22:00,USER0331,REC0056,248.49,Transfer,Delhi,iOS,QR,0,normal
TXN002392,2026-01-18 07:22:00,USER0416,REC0306,903.77,Shopping,Chennai,Android,App,0,normal
TXN007800,2026-01-18 07:23:00,USER0176,REC0280,628.58,Food,Pune,iOS,App,0,normal
TXN006633,2026-01-18 07:41:00,USER0360,REC0385,382.76,Groceries,Chennai,Android,App,0,normal
TXN004985,2026-01-18 07:47:00,USER0268,REC0313,1022.03,Shopping,Chennai,Android,App,0,normal
TXN005969,2026-01-18 07:54:00,USER0603,REC0498,1049.76,Bills,Delhi,Android,QR,0,normal
TXN001113,2026-01-18 07:55:00,USER0871,REC0103,332.92,Food,Chennai,Android,QR,0,normal
TXN002220,2026-01-18 07:59:00,USER0601,REC0181,1546.19,Food,Delhi,iOS,App,0,normal
TXN004248,2026-01-18 08:45:00,USER0869,REC0474,729.52,Shopping,Bengaluru,Android,QR,0,normal
TXN006252,2026-01-18 08:53:00,USER0357,REC0100,1362.86,Bills,Hyderabad,iOS,QR,0,normal
TXN004956,2026-01-18 08:56:00,USER0275,REC0285,714.85,Shopping,Delhi,Android,QR,0,normal
TXN000888,2026-01-18 08:58:00,USER0739,REC0310,1641.0,Groceries,Mumbai,Android,App,0,normal
TXN002993,2026-01-18 09:04:00,USER0657,REC0491,1005.71,Food,Delhi,iOS,App,0,normal
TXN002554,2026-01-18 09:19:00,USER0211,REC0068,376.29,Food,Chennai,Android,QR,0,normal
TXN008044,2026-01-18 09:42:00,USER0993,REC0125,1145.9,Shopping,Mumbai,iOS,QR,0,normal
TXN002861,2026-01-18 10:14:00,USER0927,REC0301,3326.94,Groceries,Delhi,Android,QR,0,normal
TXN005781,2026-01-18 10:15:00,USER0079,REC0381,223.32,Food,Delhi,Android,App,0,normal
TXN009432,2026-01-18 10:35:00,USER0488,REC0023,1009.43,Transfer,Mumbai,Android,QR,0,normal
TXN004581,2026-01-18 11:12:00,USER0187,REC0187,364.3,Bills,Pune,Android,App,0,normal
TXN005953,2026-01-18 11:36:00,USER0815,REC0436,199.05,Shopping,Mumbai,Android,App,0,normal
TXN001115,2026-01-18 11:52:00,USER0560,REC0278,1710.84,Travel,Delhi,Android,QR,0,normal
TXN009507,2026-01-18 12:19:00,USER0807,REC0328,761.73,Groceries,Chennai,Android,QR,0,normal
TXN005168,2026-01-18 12:23:00,USER0791,REC0376,948.85,Groceries,Chennai,Android,QR,0,normal
TXN000052,2026-01-18 12:25:00,USER0610,REC0065,217.77,Food,Chennai,iOS,App,0,normal
TXN005763,2026-01-18 12:36:00,USER0455,REC0228,1764.14,Travel,Pune,Android,App,0,normal
TXN000543,2026-01-18 12:48:00,USER0658,REC0119,1331.32,Shopping,Bengaluru,Android,App,0,normal
TXN006456,2026-01-18 12:50:00,USER0163,REC0274,120.92,Shopping,Delhi,Android,QR,0,normal
TXN002851,2026-01-18 12:56:00,USER0914,REC0180,1559.35,Groceries,Chennai,Android,QR,0,normal
TXN007573,2026-01-18 12:58:00,USER0236,REC0381,221.19,Shopping,Pune,Android,App,0,normal
TXN006519,2026-01-18 13:01:00,USER0010,REC0337,1095.64,Transfer,Mumbai,Android,App,0,normal
TXN006382,2026-01-18 13:15:00,USER0669,REC0142,132.03,Groceries,Bengaluru,iOS,App,0,normal
TXN002890,2026-01-18 13:28:00,USER0226,REC0141,527.44,Transfer,Hyderabad,Android,QR,0,normal
TXN009258,2026-01-18 13:30:00,USER0950,REC0357,322.92,Travel,Bengaluru,Android,App,0,normal
TXN003182,2026-01-18 13:36:00,USER0255,REC0212,391.96,Shopping,Pune,Android,App,0,normal
TXN003693,2026-01-18 13:41:00,USER0602,REC0414,255.71,Shopping,Delhi,Android,Collect Request,0,normal
TXN008756,2026-01-18 13:43:00,USER0175,REC0308,1287.03,Bills,Hyderabad,iOS,QR,0,normal
TXN008585,2026-01-18 13:46:00,USER0803,REC0195,1061.83,Transfer,Mumbai,Android,QR,0,normal
TXN006204,2026-01-18 14:06:00,USER0180,REC0084,1108.17,Transfer,Hyderabad,Android,App,0,normal
TXN002466,2026-01-18 14:15:00,USER0819,REC0028,1635.9,Food,Pune,Android,App,0,normal
TXN003258,2026-01-18 14:16:00,USER0202,REC0161,635.89,Food,Hyderabad,Android,App,0,normal
TXN008498,2026-01-18 14:51:00,USER0625,REC0003,515.45,Groceries,Delhi,Android,App,0,normal
TXN003909,2026-01-18 15:46:00,USER0429,REC0131,223.04,Transfer,Mumbai,Android,QR,0,normal
TXN000398,2026-01-18 16:17:00,USER0754,REC0315,922.76,Shopping,Delhi,iOS,QR,0,normal
TXN005911,2026-01-18 16:20:00,USER0815,REC0408,315.54,Food,Chennai,iOS,QR,0,normal
TXN003837,2026-01-18 16:23:00,USER0091,REC0419,656.15,Bills,Delhi,iOS,QR,0,normal
TXN009502,2026-01-18 16:48:00,USER0957,REC0096,1958.15,Groceries,Pune,iOS,App,0,normal
TXN001770,2026-01-18 16:57:00,USER0493,REC0448,273.73,Groceries,Pune,Android,Collect Request,0,normal
TXN003153,2026-01-18 17:02:00,USER0199,REC0342,1053.45,Bills,Bengaluru,Android,Collect Request,0,normal
TXN004827,2026-01-18 17:22:00,USER0161,REC0469,291.06,Shopping,Mumbai,Android,QR,0,normal
TXN004492,2026-01-18 17:25:00,USER0988,REC0281,43.26,Bills,Bengaluru,iOS,Collect Request,0,normal
TXN000993,2026-01-18 17:27:00,USER0916,REC0162,223.02,Groceries,Delhi,Android,App,0,normal
TXN007948,2026-01-18 17:28:00,USER0057,REC0216,1477.55,Bills,Bengaluru,Android,QR,0,normal
TXN004791,2026-01-18 17:44:00,USER0957,REC0096,164.45,Groceries,Delhi,Android,QR,0,normal
TXN008581,2026-01-18 17:46:00,USER0937,REC0210,506.68,Groceries,Chennai,iOS,App,0,normal
TXN005234,2026-01-18 18:33:00,USER0294,REC0279,255.71,Groceries,Delhi,Android,App,0,normal
TXN003040,2026-01-18 18:57:00,USER0304,REC0285,587.44,Groceries,Mumbai,iOS,App,0,normal
TXN006115,2026-01-18 19:12:00,USER0395,REC0101,1931.78,Transfer,Delhi,Android,QR,0,normal
TXN005465,2026-01-18 19:15:00,USER0150,REC0197,310.37,Transfer,Delhi,Android,Collect Request,0,normal
TXN002094,2026-01-18 19:16:00,USER0393,REC0444,51.92,Travel,Mumbai,Android,App,0,normal
TXN005001,2026-01-18 19:23:00,USER0076,REC0456,1434.26,Travel,Mumbai,Android,QR,0,normal
TXN002813,2026-01-18 19:32:00,USER0636,REC0202,373.59,Bills,Mumbai,iOS,App,0,normal
TXN004844,2026-01-18 19:38:00,USER0198,REC0149,23430.74,Transfer,Mumbai,Android,App,1,unusually_high_amount
TXN004656,2026-01-18 19:56:00,USER0429,REC0072,801.43,Transfer,Pune,Android,QR,0,normal
TXN001787,2026-01-18 20:06:00,USER0536,REC0041,292.78,Transfer,Pune,Android,QR,0,normal
TXN000838,2026-01-18 20:07:00,USER0148,REC0009,154.54,Food,Chennai,iOS,QR,0,normal
TXN005280,2026-01-18 20:30:00,USER0373,REC0245,258.09,Transfer,Bengaluru,Android,App,0,normal
TXN003024,2026-01-18 20:56:00,USER0149,REC0499,1520.01,Shopping,Chennai,iOS,App,0,normal
TXN002745,2026-01-18 21:17:00,USER0313,REC0408,473.28,Groceries,Pune,Android,QR,0,normal
TXN006915,2026-01-18 21:39:00,USER0299,REC0036,2307.93,Travel,Mumbai,Android,App,0,normal
TXN007218,2026-01-18 21:44:00,USER0261,REC0198,172.76,Bills,Mumbai,Android,App,0,normal
TXN006971,2026-01-18 22:00:00,USER0695,REC0304,2102.78,Food,Hyderabad,iOS,App,0,normal
TXN002511,2026-01-18 22:12:00,USER0581,REC0400,2828.55,Groceries,Bengaluru,Android,QR,0,normal
TXN001704,2026-01-18 23:00:00,USER0864,REC0211,501.36,Groceries,Mumbai,Android,App,0,normal
TXN009971,2026-01-18 23:18:00,USER0755,REC0361,852.23,Groceries,Hyderabad,Android,App,0,normal
TXN004159,2026-01-18 23:29:00,USER0285,REC0255,700.46,Food,Bengaluru,Android,QR,0,normal
TXN000426,2026-01-18 23:30:00,USER0963,REC0002,979.95,Groceries,Hyderabad,Android,App,0,normal
TXN004578,2026-01-18 23:33:00,USER0575,REC0470,566.82,Food,Pune,Android,App,0,normal
TXN003965,2026-01-18 23:34:00,USER0572,REC0299,939.98,Travel,Pune,iOS,App,0,normal
TXN005943,2026-01-18 23:35:00,USER0209,REC0161,1578.69,Groceries,Pune,iOS,App,0,normal
TXN005717,2026-01-18 23:36:00,USER0741,REC0424,569.56,Shopping,Chennai,Android,QR,0,normal
TXN002815,2026-01-18 23:46:00,USER0112,REC0284,169.44,Groceries,Hyderabad,Android,App,0,normal
TXN000102,2026-01-18 23:48:00,USER0226,REC0001,695.56,Bills,Bengaluru,iOS,QR,0,normal
TXN005177,2026-01-19 00:20:00,USER0740,REC0202,340.54,Groceries,Hyderabad,Android,Collect Request,0,normal
TXN006709,2026-01-19 00:21:00,USER0524,REC0067,456.5,Groceries,Bengaluru,Android,QR,0,normal
TXN004164,2026-01-19 00:23:00,USER0839,REC0439,960.18,Travel,Hyderabad,iOS,App,0,normal
TXN007500,2026-01-19 00:35:00,USER0546,REC0289,237.83,Groceries,Hyderabad,Android,App,0,normal
TXN008191,2026-01-19 00:39:00,USER0824,REC0312,15066.61,Shopping,Mumbai,Android,App,1,unusually_high_amount
TXN006651,2026-01-19 00:40:00,USER0757,REC0068,2445.25,Food,Delhi,Android,App,0,normal
TXN008343,2026-01-19 00:45:00,USER0376,REC0082,509.15,Travel,Chennai,iOS,App,0,normal
TXN001085,2026-01-19 01:02:00,USER0015,REC0407,425.43,Food,Bengaluru,iOS,QR,0,normal
TXN009791,2026-01-19 01:12:00,USER0934,REC0196,319.76,Shopping,Delhi,Android,Collect Request,0,normal
TXN003288,2026-01-19 01:12:00,USER0340,REC0305,297.26,Groceries,Hyderabad,Android,QR,0,normal
TXN009282,2026-01-19 01:26:00,USER0725,REC0322,1769.4,Shopping,Delhi,Android,App,0,normal
TXN009301,2026-01-19 01:46:00,USER0048,REC0172,560.67,Transfer,Hyderabad,Android,Collect Request,0,normal
TXN008129,2026-01-19 01:57:00,USER0317,REC0282,108.55,Groceries,Pune,Android,QR,1,late_night_payment
TXN008782,2026-01-19 02:11:00,USER0630,REC0341,298.66,Groceries,Mumbai,Android,App,0,normal
TXN005623,2026-01-19 02:14:00,USER0862,REC0040,414.02,Shopping,Hyderabad,iOS,App,0,normal
TXN003894,2026-01-19 02:54:00,USER0724,REC0072,99.13,Groceries,Chennai,Android,QR,0,normal
TXN002349,2026-01-19 03:10:00,USER0784,REC0448,2175.31,Food,Mumbai,Android,App,0,normal
TXN000009,2026-01-19 03:10:00,USER0939,REC0351,394.27,Food,Chennai,Android,QR,0,normal
TXN003504,2026-01-19 03:18:00,USER0271,REC0058,243.32,Groceries,Pune,Android,QR,0,normal
TXN008650,2026-01-19 03:21:00,USER0470,REC0230,645.92,Groceries,Bengaluru,iOS,QR,0,normal
TXN009702,2026-01-19 03:38:00,USER0255,REC0299,469.2,Groceries,Bengaluru,Android,Collect Request,0,normal
TXN007913,2026-01-19 03:41:00,USER0216,REC0409,594.82,Food,Mumbai,Android,QR,0,normal
TXN000872,2026-01-19 03:50:00,USER0092,REC0499,424.61,Transfer,Chennai,iOS,QR,0,normal
TXN002900,2026-01-19 04:01:00,USER0761,REC0272,578.37,Groceries,Pune,Android,App,0,normal
TXN001364,2026-01-19 04:16:00,USER0374,REC0416,419.4,Food,Chennai,Android,QR,0,normal
TXN001796,2026-01-19 04:30:00,USER0841,REC0381,309.65,Bills,Mumbai,Android,QR,0,normal
TXN004262,2026-01-19 04:34:00,USER0451,REC0258,4894.47,Food,Bengaluru,Android,App,0,normal
TXN005667,2026-01-19 04:39:00,USER0412,REC0144,139.94,Groceries,Chennai,Android,App,0,normal
TXN007952,2026-01-19 04:59:00,USER0079,REC0410,641.92,Food,Bengaluru,iOS,App,0,normal
TXN000653,2026-01-19 05:05:00,USER0922,REC0358,407.01,Transfer,Mumbai,Android,App,0,normal
TXN000224,2026-01-19 05:06:00,USER0613,REC0149,557.15,Groceries,Delhi,Android,QR,0,normal
TXN004886,2026-01-19 05:11:00,USER0714,REC0216,138.47,Groceries,Bengaluru,Android,App,0,normal
TXN000664,2026-01-19 05:11:00,USER0743,REC0423,778.55,Transfer,Pune,Android,App,0,normal
TXN009977,2026-01-19 05:16:00,USER0642,REC0444,1253.82,Food,Pune,Android,App,0,normal
TXN008420,2026-01-19 05:22:00,USER0746,REC0112,1822.65,Bills,Chennai,iOS,App,0,normal
TXN002116,2026-01-19 05:26:00,USER0571,REC0129,1216.85,Bills,Hyderabad,Android,QR,0,normal
TXN006770,2026-01-19 05:47:00,USER0172,REC0330,349.59,Travel,Pune,Android,QR,0,normal
TXN009188,2026-01-19 05:52:00,USER0638,REC0458,6605.15,Groceries,Bengaluru,Android,QR,0,normal
TXN000339,2026-01-19 05:54:00,USER0882,REC0075,302.87,Groceries,Chennai,Android,QR,0,normal
TXN003832,2026-01-19 06:01:00,USER0886,REC0409,265.75,Food,Chennai,iOS,QR,0,normal
TXN007261,2026-01-19 06:03:00,USER0236,REC0490,207.59,Shopping,Delhi,Android,App,0,normal
TXN008611,2026-01-19 06:11:00,USER0783,REC0270,1013.08,Travel,Chennai,iOS,QR,0,normal
TXN002643,2026-01-19 06:39:00,USER0239,REC0217,268.41,Travel,Pune,Android,App,0,normal
TXN007308,2026-01-19 06:48:00,USER0120,REC0191,1744.2,Shopping,Bengaluru,Android,QR,0,normal
TXN002773,2026-01-19 07:26:00,USER0520,REC0165,1620.41,Transfer,Chennai,Android,App,0,normal
TXN007493,2026-01-19 07:32:00,USER0697,REC0106,482.64,Shopping,Delhi,Android,QR,0,normal
TXN004811,2026-01-19 07:37:00,USER0810,REC0439,1959.24,Transfer,Pune,Android,QR,0,normal
TXN007744,2026-01-19 07:58:00,USER0875,REC0213,1056.72,Bills,Delhi,Android,App,0,normal
TXN003736,2026-01-19 08:20:00,USER0044,REC0393,339.98,Shopping,Pune,iOS,App,0,normal
TXN005796,2026-01-19 08:40:00,USER0075,REC0293,426.69,Transfer,Mumbai,Android,QR,0,normal
TXN004570,2026-01-19 09:24:00,USER0933,REC0315,851.37,Shopping,Mumbai,Android,Collect Request,0,normal
TXN001740,2026-01-19 09:29:00,USER0196,REC0487,294.35,Shopping,Pune,Android,QR,0,normal
TXN002765,2026-01-19 09:39:00,USER0366,REC0233,438.35,Bills,Chennai,Android,QR,0,normal
TXN005175,2026-01-19 09:56:00,USER0601,REC0210,1615.08,Travel,Mumbai,Android,App,0,normal
TXN009737,2026-01-19 10:52:00,USER0331,REC0259,564.25,Bills,Delhi,Android,App,0,normal
TXN008402,2026-01-19 10:54:00,USER0163,REC0270,737.59,Bills,Chennai,iOS,QR,0,normal
TXN006174,2026-01-19 11:21:00,USER0940,REC0179,1205.75,Shopping,Mumbai,Android,QR,0,normal
TXN004059,2026-01-19 11:24:00,USER0984,REC0487,216.91,Transfer,Bengaluru,iOS,App,0,normal
TXN002496,2026-01-19 11:38:00,USER0964,REC0246,375.91,Groceries,Chennai,Android,App,0,normal
TXN005979,2026-01-19 12:30:00,USER0478,REC0370,1465.32,Food,Hyderabad,Android,App,0,normal
TXN002870,2026-01-19 12:34:00,USER0600,REC0258,245.37,Shopping,Mumbai,Android,App,0,normal
TXN009623,2026-01-19 12:40:00,USER0434,REC0241,271.92,Bills,Pune,Android,App,0,normal
TXN006615,2026-01-19 12:44:00,USER0419,REC0446,206.69,Groceries,Pune,Android,QR,0,normal
TXN009095,2026-01-19 12:50:00,USER0897,REC0259,841.22,Groceries,Pune,Android,QR,0,normal
TXN003079,2026-01-19 13:09:00,USER0927,REC0321,351.18,Groceries,Pune,Android,App,0,normal
TXN005494,2026-01-19 13:32:00,USER0542,REC0426,865.07,Food,Mumbai,Android,App,0,normal
TXN003583,2026-01-19 14:05:00,USER0788,REC0498,548.16,Groceries,Pune,Android,QR,0,normal
TXN007604,2026-01-19 14:19:00,USER0281,REC0386,351.56,Food,Delhi,Android,Collect Request,0,normal
TXN006101,2026-01-19 14:22:00,USER0902,REC0031,1251.29,Bills,Hyderabad,Android,App,0,normal
TXN001872,2026-01-19 14:43:00,USER0553,REC0062,522.44,Food,Pune,Android,QR,0,normal
TXN007753,2026-01-19 14:44:00,USER0978,REC0292,1373.43,Groceries,Pune,iOS,App,0,normal
TXN008593,2026-01-19 14:57:00,USER0766,REC0236,689.27,Groceries,Hyderabad,iOS,App,0,normal
TXN002474,2026-01-19 15:05:00,USER0421,REC0220,371.5,Shopping,Chennai,iOS,QR,0,normal
TXN001474,2026-01-19 15:09:00,USER0613,REC0181,941.72,Bills,Pune,Android,QR,0,normal
TXN007255,2026-01-19 15:51:00,USER0621,REC0288,434.17,Groceries,Pune,Android,App,0,normal
TXN007850,2026-01-19 15:52:00,USER0441,REC0334,628.36,Food,Mumbai,Android,QR,0,normal
TXN008320,2026-01-19 15:55:00,USER0408,REC0474,948.7,Groceries,Mumbai,Android,Collect Request,0,normal
TXN003433,2026-01-19 16:09:00,USER0626,REC0409,607.94,Food,Bengaluru,Android,QR,0,normal
TXN004119,2026-01-19 16:10:00,USER0307,REC0244,1322.84,Bills,Delhi,Android,App,0,normal
TXN005864,2026-01-19 16:29:00,USER0558,REC0287,342.64,Travel,Delhi,Android,App,0,normal
TXN001940,2026-01-19 16:40:00,USER0800,REC0203,309.73,Travel,Delhi,iOS,QR,0,normal
TXN005625,2026-01-19 17:01:00,USER0688,REC0230,767.28,Groceries,Bengaluru,Android,App,0,normal
TXN003242,2026-01-19 17:16:00,USER0809,REC0394,1669.85,Groceries,Delhi,Android,QR,0,normal
TXN000735,2026-01-19 17:51:00,USER0389,REC0182,382.33,Bills,Pune,iOS,App,0,normal
TXN009956,2026-01-19 17:53:00,USER0841,REC0283,1962.88,Groceries,Pune,Android,QR,0,normal
TXN002360,2026-01-19 18:05:00,USER0431,REC0300,452.61,Food,Hyderabad,iOS,App,0,normal
TXN006978,2026-01-19 18:40:00,USER0800,REC0262,1417.61,Transfer,Hyderabad,Android,App,0,normal
TXN005313,2026-01-19 18:46:00,USER0202,REC0086,415.61,Travel,Mumbai,Android,App,0,normal
TXN009604,2026-01-19 18:51:00,USER0608,REC0339,882.29,Food,Chennai,Android,App,0,normal
TXN003241,2026-01-19 19:05:00,USER0583,REC0448,699.71,Groceries,Chennai,Android,App,0,normal
TXN004654,2026-01-19 19:21:00,USER0969,REC0294,96.05,Food,Mumbai,Android,QR,0,normal
TXN001072,2026-01-19 19:33:00,USER0753,REC0175,328.16,Groceries,Hyderabad,iOS,QR,0,normal
TXN005276,2026-01-19 20:02:00,USER0950,REC0394,474.83,Food,Hyderabad,Android,App,0,normal
TXN005690,2026-01-19 20:21:00,USER0108,REC0090,357.26,Transfer,Delhi,Android,App,0,normal
TXN009482,2026-01-19 20:22:00,USER0511,REC0309,836.42,Food,Hyderabad,iOS,App,0,normal
TXN007894,2026-01-19 21:04:00,USER0054,REC0405,2912.05,Groceries,Pune,Android,QR,0,normal
TXN002523,2026-01-19 21:31:00,USER0450,REC0355,1339.69,Shopping,Pune,iOS,QR,0,normal
TXN002277,2026-01-19 21:33:00,USER0869,REC0182,1582.79,Transfer,Hyderabad,Android,App,0,normal
TXN004027,2026-01-19 21:33:00,USER0396,REC0283,647.08,Travel,Mumbai,iOS,App,0,normal
TXN007967,2026-01-19 21:35:00,USER0944,REC0157,373.03,Groceries,Delhi,Android,QR,0,normal
TXN005996,2026-01-19 21:47:00,USER0480,REC0178,388.35,Groceries,Delhi,Android,QR,0,normal
TXN007304,2026-01-19 22:00:00,USER0949,REC0133,479.27,Transfer,Mumbai,Android,App,0,normal
TXN008751,2026-01-19 22:20:00,USER0861,REC0267,623.47,Shopping,Mumbai,Android,Collect Request,0,normal
TXN001745,2026-01-19 22:20:00,USER0577,REC0316,715.58,Bills,Bengaluru,Android,App,0,normal
TXN004673,2026-01-19 22:42:00,USER0199,REC0073,1515.28,Transfer,Delhi,iOS,App,0,normal
TXN006091,2026-01-19 22:55:00,USER0777,REC0092,80.11,Food,Delhi,Android,App,0,normal
TXN001989,2026-01-19 22:58:00,USER0979,REC0208,527.52,Shopping,Hyderabad,Android,App,0,normal
TXN008927,2026-01-19 23:26:00,USER0187,REC0201,1142.12,Groceries,Hyderabad,iOS,QR,0,normal
TXN004605,2026-01-19 23:34:00,USER0115,REC0497,721.83,Travel,Delhi,iOS,App,0,normal
TXN003328,2026-01-19 23:37:00,USER0850,REC0194,323.89,Groceries,Pune,Android,QR,0,normal
TXN008067,2026-01-20 00:04:00,USER0093,REC0443,247.36,Travel,Mumbai,Android,QR,0,normal
TXN007482,2026-01-20 00:10:00,USER0009,REC0272,799.39,Shopping,Chennai,iOS,App,0,normal
TXN009929,2026-01-20 00:14:00,USER0620,REC0168,243.25,Bills,Chennai,Android,App,0,normal
TXN007334,2026-01-20 00:14:00,USER0457,REC0290,160.35,Groceries,Delhi,Android,Collect Request,0,normal
TXN009190,2026-01-20 00:29:00,USER0494,REC0069,1724.98,Groceries,Hyderabad,iOS,App,0,normal
TXN009794,2026-01-20 00:39:00,USER0656,REC0031,253.2,Transfer,Pune,Android,App,1,late_night_payment
TXN006417,2026-01-20 00:50:00,USER0844,REC0010,1627.11,Shopping,Chennai,iOS,App,0,normal
TXN008550,2026-01-20 01:03:00,USER0601,REC0202,636.9,Food,Pune,Android,App,0,normal
TXN004996,2026-01-20 01:21:00,USER0503,REC0196,1074.2,Shopping,Chennai,Android,QR,0,normal
TXN003297,2026-01-20 01:23:00,USER0939,REC0171,304.5,Groceries,Chennai,Android,App,0,normal
TXN003526,2026-01-20 01:25:00,USER0910,REC0035,646.86,Shopping,Bengaluru,iOS,Collect Request,0,normal
TXN007463,2026-01-20 01:32:00,USER0021,REC0157,742.16,Food,Hyderabad,iOS,App,0,normal
TXN009135,2026-01-20 01:36:00,USER0674,REC0109,934.14,Shopping,Mumbai,Android,QR,0,normal
TXN001988,2026-01-20 01:49:00,USER0908,REC0091,184.0,Bills,Hyderabad,Android,App,0,normal
TXN004755,2026-01-20 01:52:00,USER0960,REC0278,1667.98,Bills,Delhi,Android,App,0,normal
TXN008985,2026-01-20 01:53:00,USER0152,REC0248,698.34,Groceries,Chennai,iOS,QR,0,normal
TXN001710,2026-01-20 02:14:00,USER0044,REC0448,661.39,Food,Delhi,Android,Collect Request,0,normal
TXN009511,2026-01-20 02:19:00,USER0633,REC0256,756.49,Food,Hyderabad,Android,App,0,normal
TXN002444,2026-01-20 02:31:00,USER0216,REC0325,1073.39,Food,Chennai,Android,App,0,normal
TXN007322,2026-01-20 03:22:00,USER0273,REC0306,528.77,Groceries,Pune,Android,App,0,normal
TXN003232,2026-01-20 04:14:00,USER0126,REC0073,585.75,Groceries,Chennai,Android,QR,0,normal
TXN007891,2026-01-20 04:20:00,USER0497,REC0214,810.9,Food,Pune,Android,App,0,normal
TXN005487,2026-01-20 04:21:00,USER0658,REC0314,770.67,Travel,Hyderabad,Android,App,0,normal
TXN004188,2026-01-20 05:52:00,USER0770,REC0197,2869.7,Groceries,Pune,Android,App,0,normal
TXN002470,2026-01-20 06:26:00,USER0353,REC0371,1729.57,Shopping,Hyderabad,Android,App,0,normal
TXN002734,2026-01-20 06:56:00,USER0433,REC0086,551.33,Bills,Mumbai,Android,App,0,normal
TXN008193,2026-01-20 06:58:00,USER0820,REC0145,181.55,Shopping,Mumbai,Android,App,0,normal
TXN009538,2026-01-20 06:59:00,USER0694,REC0096,400.17,Transfer,Bengaluru,Android,QR,0,normal
TXN002602,2026-01-20 07:24:00,USER0205,REC0251,641.48,Food,Mumbai,iOS,App,0,normal
TXN000142,2026-01-20 07:30:00,USER0295,REC0263,158.09,Food,Hyderabad,Android,Collect Request,0,normal
TXN004587,2026-01-20 07:39:00,USER0797,REC0449,590.76,Bills,Chennai,iOS,QR,0,normal
TXN005725,2026-01-20 07:42:00,USER0700,REC0417,808.67,Food,Delhi,Android,App,0,normal
TXN002665,2026-01-20 08:05:00,USER0269,REC0318,317.71,Transfer,Mumbai,Android,QR,0,normal
TXN009195,2026-01-20 08:27:00,USER0811,REC0440,548.76,Bills,Hyderabad,Android,QR,0,normal
TXN005040,2026-01-20 08:41:00,USER0020,REC0102,2082.74,Groceries,Pune,Android,Collect Request,0,normal
TXN002462,2026-01-20 08:47:00,USER0908,REC0031,625.4,Groceries,Hyderabad,Android,QR,0,normal
TXN009242,2026-01-20 09:10:00,USER0168,REC0306,2213.69,Groceries,Pune,Android,QR,0,normal
TXN003179,2026-01-20 09:20:00,USER0329,REC0405,555.96,Food,Hyderabad,Android,App,0,normal
TXN003683,2026-01-20 09:27:00,USER0510,REC0135,469.32,Food,Mumbai,Android,QR,0,normal
TXN003018,2026-01-20 09:28:00,USER0589,REC0430,572.73,Travel,Chennai,Android,Collect Request,0,normal
TXN002839,2026-01-20 09:33:00,USER0615,REC0190,1873.64,Groceries,Chennai,Android,App,0,normal
TXN006118,2026-01-20 09:37:00,USER0710,REC0201,408.81,Food,Hyderabad,Android,App,0,normal
TXN001395,2026-01-20 09:45:00,USER0585,REC0002,2479.05,Bills,Chennai,iOS,QR,0,normal
TXN003476,2026-01-20 10:23:00,USER0597,REC0405,289.48,Groceries,Mumbai,Android,QR,0,normal
TXN009854,2026-01-20 10:48:00,USER0665,REC0235,972.71,Shopping,Pune,Android,QR,0,normal
TXN006389,2026-01-20 11:05:00,USER0845,REC0333,163.46,Groceries,Mumbai,iOS,App,0,normal
TXN004556,2026-01-20 11:08:00,USER0657,REC0333,970.21,Groceries,Pune,Android,App,0,normal
TXN001582,2026-01-20 11:19:00,USER0820,REC0469,208.26,Food,Delhi,Android,QR,0,normal
TXN008576,2026-01-20 11:24:00,USER0561,REC0051,301.22,Food,Hyderabad,iOS,QR,0,normal
TXN003586,2026-01-20 11:54:00,USER0715,REC0327,30043.15,Food,Delhi,iOS,QR,1,unusually_high_amount
TXN005570,2026-01-20 11:55:00,USER0379,REC0300,120.73,Travel,Pune,Android,QR,0,normal
TXN007276,2026-01-20 11:57:00,USER0393,REC0131,371.4,Groceries,Pune,iOS,Collect Request,0,normal
TXN009820,2026-01-20 12:05:00,USER0859,REC0322,360.32,Bills,Hyderabad,Android,App,0,normal
TXN005752,2026-01-20 12:16:00,USER0124,REC0199,2363.11,Shopping,Chennai,Android,App,0,normal
TXN002553,2026-01-20 12:24:00,USER0664,REC0392,115.59,Bills,Chennai,iOS,QR,0,normal
TXN003670,2026-01-20 12:32:00,USER0401,REC0134,366.32,Food,Mumbai,Android,App,0,normal
TXN008767,2026-01-20 12:45:00,USER0469,REC0257,216.13,Shopping,Chennai,Android,QR,0,normal
TXN000964,2026-01-20 14:04:00,USER0001,REC0026,1018.23,Shopping,Bengaluru,Android,App,0,normal
TXN009216,2026-01-20 14:26:00,USER0529,REC0266,338.2,Shopping,Delhi,Android,App,0,normal
TXN007842,2026-01-20 14:31:00,USER0411,REC0378,457.21,Shopping,Hyderabad,iOS,QR,0,normal
TXN005957,2026-01-20 14:45:00,USER0416,REC0081,368.95,Travel,Chennai,iOS,QR,0,normal
TXN007971,2026-01-20 15:27:00,USER0976,REC0387,1592.76,Bills,Delhi,Android,QR,0,normal
TXN008450,2026-01-20 15:46:00,USER0050,REC0212,2029.72,Bills,Pune,Android,Collect Request,0,normal
TXN006973,2026-01-20 16:20:00,USER0514,REC0065,402.22,Transfer,Delhi,Android,QR,0,normal
TXN002874,2026-01-20 16:24:00,USER0507,REC0169,408.86,Food,Pune,Android,QR,0,normal
TXN005545,2026-01-20 16:39:00,USER0790,REC0119,613.79,Food,Bengaluru,Android,QR,0,normal
TXN002194,2026-01-20 16:43:00,USER0066,REC0026,1092.8,Food,Bengaluru,iOS,App,0,normal
TXN009823,2026-01-20 17:11:00,USER0583,REC0244,849.46,Groceries,Mumbai,Android,App,0,normal
TXN008997,2026-01-20 17:15:00,USER0768,REC0251,607.96,Food,Delhi,Android,Collect Request,0,normal
TXN000903,2026-01-20 17:19:00,USER0040,REC0345,146.03,Food,Chennai,Android,App,0,normal
TXN009101,2026-01-20 17:26:00,USER0958,REC0402,361.94,Groceries,Delhi,Android,QR,0,normal
TXN002358,2026-01-20 17:26:00,USER0372,REC0461,747.57,Shopping,Pune,Android,App,0,normal
TXN008190,2026-01-20 17:37:00,USER0223,REC0016,144.07,Groceries,Mumbai,Android,App,0,normal
TXN005549,2026-01-20 17:48:00,USER0308,REC0134,215.96,Shopping,Bengaluru,Android,QR,0,normal
TXN001355,2026-01-20 18:06:00,USER0988,REC0001,1325.88,Transfer,Mumbai,Android,App,0,normal
TXN003952,2026-01-20 18:17:00,USER0028,REC0121,1114.97,Groceries,Hyderabad,Android,App,0,normal
TXN009567,2026-01-20 18:33:00,USER0725,REC0368,382.77,Groceries,Chennai,iOS,Collect Request,0,normal
TXN007712,2026-01-20 18:57:00,USER0185,REC0286,233.11,Transfer,Hyderabad,Android,App,0,normal
TXN005656,2026-01-20 19:11:00,USER0147,REC0081,310.15,Groceries,Chennai,Android,QR,0,normal
TXN007208,2026-01-20 19:18:00,USER0988,REC0112,416.0,Food,Hyderabad,Android,App,0,normal
TXN007473,2026-01-20 19:27:00,USER0755,REC0339,226.65,Bills,Delhi,Android,QR,0,normal
TXN007974,2026-01-20 19:28:00,USER0281,REC0030,607.08,Groceries,Bengaluru,Android,App,0,normal
TXN003444,2026-01-20 19:32:00,USER0380,REC0274,774.03,Transfer,Chennai,Android,App,0,normal
TXN007729,2026-01-20 20:16:00,USER0025,REC0093,1492.63,Transfer,Delhi,Android,App,0,normal
TXN005567,2026-01-20 20:20:00,USER0917,REC0255,367.55,Groceries,Bengaluru,Android,Collect Request,0,normal
TXN007321,2026-01-20 20:45:00,USER0319,REC0469,1297.69,Groceries,Chennai,Android,App,0,normal
TXN002394,2026-01-20 20:55:00,USER0789,REC0009,356.66,Groceries,Pune,iOS,App,0,normal
TXN009280,2026-01-20 21:12:00,USER0296,REC0441,298.46,Bills,Mumbai,Android,App,0,normal
TXN002703,2026-01-20 21:49:00,USER0623,REC0294,111.99,Shopping,Bengaluru,Android,App,0,normal
TXN006203,2026-01-20 22:13:00,USER0735,REC0378,2979.36,Groceries,Hyderabad,Android,App,0,normal
TXN004803,2026-01-20 22:15:00,USER0357,REC0027,359.27,Bills,Bengaluru,iOS,App,0,normal
TXN009633,2026-01-20 22:24:00,USER0200,REC0268,189.92,Shopping,Hyderabad,Android,App,0,normal
TXN007627,2026-01-20 22:30:00,USER0006,REC0181,401.44,Shopping,Chennai,Android,QR,0,normal
TXN007582,2026-01-20 22:33:00,USER0886,REC0220,886.25,Shopping,Mumbai,Android,App,0,normal
TXN003869,2026-01-20 22:39:00,USER0686,REC0419,524.4,Travel,Delhi,Android,QR,0,normal
TXN008042,2026-01-20 22:51:00,USER0304,REC0351,715.55,Food,Mumbai,Android,App,0,normal
TXN004930,2026-01-20 22:57:00,USER0953,REC0422,851.42,Travel,Pune,iOS,QR,0,normal
TXN005772,2026-01-20 23:08:00,USER0360,REC0425,293.14,Shopping,Delhi,Android,App,0,normal
TXN009754,2026-01-20 23:18:00,USER0829,REC0462,24068.96,Transfer,Bengaluru,Android,QR,1,unusually_high_amount
TXN001257,2026-01-20 23:21:00,USER0082,REC0161,233.32,Bills,Bengaluru,iOS,App,0,normal
TXN006162,2026-01-20 23:25:00,USER0211,REC0219,288.26,Groceries,Hyderabad,Android,App,0,normal
TXN005662,2026-01-20 23:25:00,USER0968,REC0187,207.95,Shopping,Chennai,Android,App,0,normal
TXN002299,2026-01-20 23:25:00,USER0817,REC0257,1766.42,Bills,Delhi,Android,App,0,normal
TXN003413,2026-01-20 23:44:00,USER0438,REC0054,531.07,Groceries,Chennai,Android,App,0,normal
TXN007537,2026-01-21 00:08:00,USER0101,REC0437,623.14,Shopping,Pune,Android,App,0,normal
TXN001839,2026-01-21 00:18:00,USER0243,REC0052,1066.74,Shopping,Hyderabad,iOS,App,0,normal
TXN003622,2026-01-21 00:18:00,USER0168,REC0483,636.03,Transfer,Mumbai,iOS,QR,0,normal
TXN005884,2026-01-21 00:33:00,USER0363,REC0223,708.22,Groceries,Hyderabad,iOS,QR,0,normal
TXN007535,2026-01-21 00:39:00,USER0919,REC0053,393.45,Bills,Chennai,Android,Collect Request,0,normal
TXN009921,2026-01-21 01:33:00,USER0242,REC0005,831.16,Bills,Hyderabad,Android,App,0,normal
TXN000032,2026-01-21 01:38:00,USER0292,REC0052,276.94,Groceries,Chennai,Android,QR,1,late_night_payment
TXN006660,2026-01-21 01:45:00,USER0476,REC0255,1177.78,Food,Hyderabad,Android,QR,0,normal
TXN003471,2026-01-21 02:18:00,USER0613,REC0450,1310.67,Groceries,Hyderabad,iOS,QR,0,normal
TXN000363,2026-01-21 02:34:00,USER0552,REC0157,1119.93,Groceries,Bengaluru,iOS,App,0,normal
TXN009992,2026-01-21 02:51:00,USER0447,REC0438,1863.36,Groceries,Mumbai,Android,QR,0,normal
TXN003181,2026-01-21 02:53:00,USER0675,REC0393,823.81,Food,Bengaluru,Android,QR,0,normal
TXN003882,2026-01-21 02:57:00,USER0709,REC0270,659.6,Shopping,Bengaluru,Android,QR,0,normal
TXN002241,2026-01-21 02:58:00,USER0230,REC0319,828.91,Groceries,Chennai,Android,QR,0,normal
TXN005587,2026-01-21 03:39:00,USER0804,REC0485,626.44,Shopping,Bengaluru,Android,QR,0,normal
TXN009964,2026-01-21 03:41:00,USER0012,REC0362,1604.84,Groceries,Delhi,Android,QR,0,normal
TXN003714,2026-01-21 03:43:00,USER0234,REC0112,288.01,Travel,Pune,Android,App,0,normal
TXN003850,2026-01-21 04:44:00,USER0334,REC0096,1081.94,Groceries,Chennai,Android,QR,0,normal
TXN007139,2026-01-21 04:50:00,USER0197,REC0496,757.2,Food,Bengaluru,Android,QR,0,normal
TXN005739,2026-01-21 04:50:00,USER0686,REC0243,755.05,Shopping,Hyderabad,Android,QR,0,normal
TXN002747,2026-01-21 05:09:00,USER0322,REC0136,290.12,Groceries,Chennai,Android,App,0,normal
TXN003029,2026-01-21 05:09:00,USER0205,REC0483,1555.06,Groceries,Chennai,Android,Collect Request,0,normal
TXN003314,2026-01-21 05:19:00,USER0600,REC0168,2410.61,Groceries,Chennai,iOS,QR,0,normal
TXN006163,2026-01-21 05:39:00,USER0693,REC0204,886.35,Shopping,Mumbai,iOS,QR,0,normal
TXN003741,2026-01-21 05:41:00,USER0526,REC0469,234.73,Groceries,Chennai,Android,App,0,normal
TXN009782,2026-01-21 06:03:00,USER0575,REC0499,479.0,Travel,Mumbai,Android,App,0,normal
TXN008766,2026-01-21 06:09:00,USER0492,REC0354,1454.48,Shopping,Delhi,Android,App,0,normal
TXN003152,2026-01-21 06:23:00,USER0625,REC0035,709.97,Transfer,Chennai,Android,QR,0,normal
TXN007088,2026-01-21 06:32:00,USER0975,REC0134,580.62,Groceries,Bengaluru,Android,App,0,normal
TXN005502,2026-01-21 06:38:00,USER0857,REC0456,803.49,Groceries,Bengaluru,Android,App,0,normal
TXN009491,2026-01-21 06:58:00,USER0039,REC0415,231.6,Food,Pune,iOS,QR,0,normal
TXN000976,2026-01-21 07:16:00,USER0144,REC0035,326.57,Food,Pune,iOS,QR,0,normal
TXN009484,2026-01-21 07:22:00,USER0384,REC0254,168.16,Shopping,Chennai,Android,Collect Request,0,normal
TXN003197,2026-01-21 07:23:00,USER0403,REC0375,371.94,Shopping,Chennai,iOS,App,0,normal
TXN005320,2026-01-21 07:40:00,USER0552,REC0111,123.29,Transfer,Pune,iOS,QR,0,normal
TXN007220,2026-01-21 07:40:00,USER0163,REC0150,406.18,Bills,Hyderabad,Android,QR,0,normal
TXN004967,2026-01-21 07:50:00,USER0169,REC0380,925.79,Groceries,Bengaluru,Android,QR,0,normal
TXN002914,2026-01-21 08:00:00,USER0473,REC0112,1743.54,Shopping,Pune,Android,App,0,normal
TXN004261,2026-01-21 08:03:00,USER0975,REC0017,221.57,Shopping,Mumbai,iOS,App,0,normal
TXN007568,2026-01-21 08:34:00,USER0253,REC0006,414.87,Bills,Chennai,Android,App,0,normal
TXN004209,2026-01-21 08:49:00,USER0798,REC0096,355.06,Food,Hyderabad,Android,App,0,normal
TXN008759,2026-01-21 08:53:00,USER0130,REC0041,818.6,Food,Chennai,Android,QR,0,normal
TXN005432,2026-01-21 09:01:00,USER0046,REC0130,768.97,Groceries,Mumbai,Android,App,0,normal
TXN005351,2026-01-21 09:20:00,USER0053,REC0030,988.73,Travel,Chennai,Android,QR,0,normal
TXN008827,2026-01-21 09:25:00,USER0612,REC0470,991.4,Bills,Chennai,Android,QR,0,normal
TXN002315,2026-01-21 09:39:00,USER0512,REC0106,207.13,Shopping,Delhi,iOS,App,0,normal
TXN005036,2026-01-21 09:40:00,USER0673,REC0164,1461.67,Food,Chennai,Android,App,0,normal
TXN004373,2026-01-21 09:44:00,USER0996,REC0071,5604.27,Food,Hyderabad,Android,QR,0,normal
TXN004155,2026-01-21 09:48:00,USER0453,REC0137,917.49,Groceries,Chennai,Android,QR,0,normal
TXN007771,2026-01-21 09:52:00,USER0782,REC0006,311.4,Shopping,Delhi,Android,App,0,normal
TXN000078,2026-01-21 10:07:00,USER0885,REC0262,238.77,Bills,Pune,Android,App,0,normal
TXN003336,2026-01-21 11:44:00,USER0477,REC0445,509.59,Bills,Delhi,Android,App,0,normal
TXN009910,2026-01-21 12:01:00,USER0681,REC0364,714.03,Shopping,Hyderabad,Android,App,0,normal
TXN009902,2026-01-21 12:04:00,USER0005,REC0380,672.45,Groceries,Pune,Android,App,0,normal
TXN003782,2026-01-21 12:11:00,USER0623,REC0244,231.52,Groceries,Pune,Android,QR,0,normal
TXN002968,2026-01-21 12:24:00,USER0735,REC0350,410.1,Bills,Bengaluru,Android,QR,0,normal
TXN000567,2026-01-21 12:37:00,USER0180,REC0353,351.28,Transfer,Bengaluru,Android,App,0,normal
TXN006532,2026-01-21 12:39:00,USER0965,REC0256,808.83,Bills,Chennai,Android,App,0,normal
TXN001512,2026-01-21 13:01:00,USER0610,REC0233,246.91,Food,Bengaluru,Android,Collect Request,0,normal
TXN007074,2026-01-21 13:07:00,USER0112,REC0374,665.69,Groceries,Chennai,Android,App,0,normal
TXN005246,2026-01-21 13:12:00,USER0107,REC0385,38655.37,Groceries,Chennai,Android,QR,1,unusually_high_amount
TXN008848,2026-01-21 13:25:00,USER0204,REC0472,304.61,Transfer,Delhi,Android,QR,0,normal
TXN002936,2026-01-21 13:52:00,USER0736,REC0180,711.05,Food,Chennai,Android,QR,0,normal
TXN003811,2026-01-21 14:23:00,USER0648,REC0230,480.37,Bills,Mumbai,Android,QR,0,normal
TXN009031,2026-01-21 14:24:00,USER0527,REC0066,925.1,Shopping,Hyderabad,Android,App,0,normal
TXN001503,2026-01-21 14:40:00,USER0758,REC0121,855.98,Groceries,Chennai,iOS,App,0,normal
TXN000412,2026-01-21 16:03:00,USER0020,REC0285,515.76,Bills,Chennai,Android,QR,0,normal
TXN007185,2026-01-21 16:32:00,USER0386,REC0269,790.49,Groceries,Hyderabad,Android,App,0,normal
TXN005416,2026-01-21 16:41:00,USER0464,REC0078,390.52,Food,Mumbai,Android,QR,0,normal
TXN006068,2026-01-21 17:01:00,USER0320,REC0065,535.48,Shopping,Mumbai,Android,QR,0,normal
TXN000326,2026-01-21 17:15:00,USER0126,REC0188,494.93,Travel,Pune,Android,QR,0,normal
TXN006121,2026-01-21 17:47:00,USER0098,REC0136,1089.23,Bills,Bengaluru,Android,QR,0,normal
TXN008659,2026-01-21 17:55:00,USER0876,REC0484,719.3,Travel,Mumbai,Android,App,0,normal
TXN001479,2026-01-21 17:59:00,USER0169,REC0333,374.34,Food,Hyderabad,Android,QR,0,normal
TXN008319,2026-01-21 18:09:00,USER0210,REC0490,2715.71,Travel,Chennai,Android,Collect Request,0,normal
TXN003702,2026-01-21 18:16:00,USER0996,REC0064,261.36,Groceries,Mumbai,Android,App,0,normal
TXN008413,2026-01-21 18:17:00,USER0969,REC0415,373.91,Food,Chennai,Android,App,0,normal
TXN001545,2026-01-21 18:20:00,USER0842,REC0093,1613.05,Transfer,Chennai,Android,App,0,normal
TXN003484,2026-01-21 18:24:00,USER0363,REC0213,2027.31,Food,Pune,Android,QR,0,normal
TXN007079,2026-01-21 18:38:00,USER0145,REC0443,593.34,Groceries,Hyderabad,Android,App,0,normal
TXN006993,2026-01-21 19:11:00,USER0013,REC0150,1458.43,Groceries,Chennai,Android,QR,0,normal
TXN001656,2026-01-21 19:33:00,USER0249,REC0264,76.82,Food,Hyderabad,Android,QR,0,normal
TXN003089,2026-01-21 19:41:00,USER0668,REC0321,570.0,Groceries,Chennai,iOS,QR,0,normal
TXN006333,2026-01-21 20:28:00,USER0789,REC0369,320.51,Groceries,Pune,iOS,App,0,normal
TXN006832,2026-01-21 21:17:00,USER0828,REC0150,472.53,Shopping,Mumbai,iOS,QR,0,normal
TXN005216,2026-01-21 22:18:00,USER0066,REC0453,335.68,Shopping,Chennai,Android,App,0,normal
TXN005694,2026-01-21 22:18:00,USER0508,REC0214,1040.34,Groceries,Bengaluru,Android,QR,0,normal
TXN000626,2026-01-21 22:21:00,USER0347,REC0287,780.15,Food,Mumbai,iOS,App,0,normal
TXN003911,2026-01-21 22:28:00,USER0033,REC0379,347.96,Groceries,Hyderabad,Android,QR,0,normal
TXN000486,2026-01-21 22:30:00,USER0306,REC0118,214.63,Shopping,Chennai,iOS,App,0,normal
TXN008625,2026-01-21 22:40:00,USER0106,REC0121,190.68,Groceries,Hyderabad,Android,QR,0,normal
TXN005030,2026-01-21 22:42:00,USER0717,REC0255,1217.58,Food,Hyderabad,Android,App,0,normal
TXN001112,2026-01-21 22:57:00,USER0880,REC0460,1011.83,Shopping,Delhi,Android,App,0,normal
TXN001877,2026-01-21 23:05:00,USER0636,REC0469,228.19,Bills,Delhi,iOS,App,0,normal
TXN007145,2026-01-21 23:31:00,USER0949,REC0188,1032.37,Travel,Chennai,Android,App,0,normal
TXN002175,2026-01-21 23:39:00,USER0110,REC0251,774.95,Food,Mumbai,iOS,QR,0,normal
TXN009591,2026-01-21 23:40:00,USER0213,REC0332,5111.23,Transfer,Hyderabad,Android,Collect Request,0,normal
TXN006415,2026-01-22 00:19:00,USER0672,REC0281,490.19,Food,Hyderabad,Android,App,0,normal
TXN001291,2026-01-22 00:41:00,USER0822,REC0095,185.89,Groceries,Delhi,iOS,Collect Request,0,normal
TXN000148,2026-01-22 01:18:00,USER0506,REC0401,2860.95,Shopping,Delhi,Android,App,0,normal
TXN006263,2026-01-22 01:25:00,USER0925,REC0233,394.09,Groceries,Pune,Android,QR,0,normal
TXN001817,2026-01-22 01:30:00,USER0581,REC0396,249.81,Bills,Delhi,iOS,QR,0,normal
TXN005305,2026-01-22 01:37:00,USER0421,REC0177,419.28,Shopping,Mumbai,Android,App,0,normal
TXN007968,2026-01-22 01:55:00,USER0827,REC0351,632.83,Groceries,Pune,iOS,Collect Request,0,normal
TXN008688,2026-01-22 02:04:00,USER0201,REC0194,1122.67,Groceries,Mumbai,iOS,QR,0,normal
TXN009058,2026-01-22 02:13:00,USER0816,REC0109,138.42,Food,Mumbai,Android,QR,0,normal
TXN002209,2026-01-22 02:34:00,USER0724,REC0454,272.82,Travel,Mumbai,Android,App,0,normal
TXN001288,2026-01-22 02:35:00,USER0376,REC0489,276.57,Shopping,Hyderabad,Android,QR,0,normal
TXN006040,2026-01-22 02:53:00,USER0626,REC0103,591.24,Food,Hyderabad,Android,App,0,normal
TXN004706,2026-01-22 02:57:00,USER0953,REC0231,697.11,Bills,Hyderabad,Android,QR,0,normal
TXN004964,2026-01-22 03:15:00,USER0917,REC0324,411.79,Shopping,Hyderabad,iOS,App,0,normal
TXN009105,2026-01-22 03:39:00,USER0166,REC0017,703.96,Groceries,Bengaluru,Android,QR,0,normal
TXN001386,2026-01-22 03:48:00,USER0535,REC0035,311.67,Transfer,Pune,Android,App,0,normal
TXN005387,2026-01-22 03:54:00,USER0956,REC0100,300.18,Transfer,Hyderabad,iOS,App,0,normal
TXN007807,2026-01-22 03:55:00,USER0697,REC0272,725.01,Bills,Bengaluru,Android,App,0,normal
TXN002293,2026-01-22 04:04:00,USER0397,REC0258,607.47,Transfer,Mumbai,iOS,App,0,normal
TXN003210,2026-01-22 04:09:00,USER0733,REC0096,290.72,Groceries,Chennai,Android,App,0,normal
TXN003435,2026-01-22 04:27:00,USER0406,REC0233,526.38,Food,Hyderabad,iOS,Collect Request,0,normal
TXN000637,2026-01-22 04:33:00,USER0036,REC0200,1297.81,Transfer,Pune,Android,App,0,normal
TXN009182,2026-01-22 04:34:00,USER0725,REC0464,1683.61,Shopping,Delhi,Android,App,0,normal
TXN007865,2026-01-22 04:34:00,USER0015,REC0026,266.7,Transfer,Hyderabad,Android,QR,0,normal
TXN008940,2026-01-22 04:37:00,USER0226,REC0469,566.32,Transfer,Hyderabad,Android,App,0,normal
TXN008911,2026-01-22 04:55:00,USER0067,REC0272,1186.19,Groceries,Pune,Android,QR,0,normal
TXN009930,2026-01-22 05:01:00,USER0016,REC0269,600.71,Transfer,Mumbai,Android,App,0,normal
TXN000719,2026-01-22 05:07:00,USER0288,REC0449,359.8,Groceries,Mumbai,iOS,App,0,normal
TXN006083,2026-01-22 05:32:00,USER0025,REC0254,1880.79,Groceries,Chennai,Android,QR,0,normal
TXN008381,2026-01-22 05:41:00,USER0614,REC0156,726.64,Food,Hyderabad,Android,QR,0,normal
TXN003110,2026-01-22 05:45:00,USER0160,REC0352,426.96,Groceries,Hyderabad,Android,QR,0,normal
TXN007698,2026-01-22 06:20:00,USER0798,REC0439,1144.91,Bills,Pune,Android,QR,0,normal
TXN001609,2026-01-22 06:21:00,USER0616,REC0204,219.44,Bills,Mumbai,Android,App,0,normal
TXN008876,2026-01-22 06:23:00,USER0755,REC0350,582.39,Food,Pune,iOS,App,0,normal
TXN002882,2026-01-22 06:32:00,USER0495,REC0161,892.21,Food,Mumbai,Android,App,0,normal
TXN009634,2026-01-22 06:34:00,USER0027,REC0380,241.53,Transfer,Hyderabad,Android,App,0,normal
TXN000327,2026-01-22 06:44:00,USER0868,REC0255,203.53,Shopping,Pune,iOS,QR,0,normal
TXN007519,2026-01-22 06:57:00,USER0218,REC0028,1085.4,Travel,Hyderabad,Android,Collect Request,0,normal
TXN003255,2026-01-22 07:00:00,USER0522,REC0472,231.53,Shopping,Bengaluru,Android,QR,0,normal
TXN000510,2026-01-22 07:11:00,USER0752,REC0346,945.59,Bills,Mumbai,Android,QR,0,normal
TXN009468,2026-01-22 07:13:00,USER0177,REC0371,337.13,Groceries,Hyderabad,Android,App,0,normal
TXN009912,2026-01-22 07:14:00,USER0477,REC0185,796.95,Food,Chennai,Android,QR,0,normal
TXN004834,2026-01-22 07:16:00,USER0207,REC0456,1189.0,Groceries,Delhi,iOS,App,0,normal
TXN000566,2026-01-22 07:22:00,USER0987,REC0220,129.93,Transfer,Mumbai,Android,QR,0,normal
TXN007295,2026-01-22 07:31:00,USER0131,REC0380,3461.28,Bills,Bengaluru,Android,QR,0,normal
TXN008858,2026-01-22 07:37:00,USER0689,REC0200,330.16,Travel,Delhi,Android,Collect Request,0,normal
TXN003628,2026-01-22 08:03:00,USER0106,REC0499,763.97,Transfer,Hyderabad,iOS,App,0,normal
TXN009397,2026-01-22 08:32:00,USER0069,REC0460,271.92,Groceries,Mumbai,Android,QR,0,normal
TXN007383,2026-01-22 08:34:00,USER0571,REC0287,646.6,Shopping,Mumbai,Android,App,0,normal
TXN004764,2026-01-22 09:04:00,USER0379,REC0212,507.9,Food,Delhi,Android,App,0,normal
TXN001308,2026-01-22 09:20:00,USER0361,REC0072,84.81,Shopping,Pune,iOS,QR,0,normal
TXN007990,2026-01-22 09:27:00,USER0429,REC0191,458.14,Food,Bengaluru,Android,QR,0,normal
TXN007389,2026-01-22 09:27:00,USER0106,REC0490,417.2,Food,Mumbai,Android,QR,0,normal
TXN008956,2026-01-22 09:43:00,USER0755,REC0420,559.17,Groceries,Chennai,Android,QR,0,normal
TXN009736,2026-01-22 09:47:00,USER0787,REC0002,623.75,Groceries,Pune,Android,Collect Request,0,normal
TXN009906,2026-01-22 09:53:00,USER0815,REC0229,423.95,Shopping,Pune,iOS,App,0,normal
TXN006589,2026-01-22 09:56:00,USER0453,REC0138,188.41,Bills,Bengaluru,Android,QR,0,normal
TXN006463,2026-01-22 10:01:00,USER0542,REC0363,476.7,Bills,Mumbai,Android,App,0,normal
TXN003293,2026-01-22 10:02:00,USER0016,REC0184,785.18,Bills,Mumbai,iOS,QR,0,normal
TXN005115,2026-01-22 10:44:00,USER0548,REC0160,1438.52,Travel,Pune,Android,App,0,normal
TXN003372,2026-01-22 10:48:00,USER0353,REC0421,312.1,Shopping,Chennai,Android,QR,0,normal
TXN001265,2026-01-22 10:54:00,USER0974,REC0394,882.32,Shopping,Delhi,Android,QR,0,normal
TXN004200,2026-01-22 11:05:00,USER0011,REC0305,362.65,Bills,Chennai,iOS,App,0,normal
TXN000854,2026-01-22 11:16:00,USER0951,REC0056,692.33,Food,Delhi,Android,App,0,normal
TXN007199,2026-01-22 11:28:00,USER0062,REC0278,838.04,Groceries,Hyderabad,Android,App,0,normal
TXN008423,2026-01-22 11:37:00,USER0775,REC0304,1209.65,Shopping,Bengaluru,Android,App,0,normal
TXN006161,2026-01-22 11:38:00,USER0604,REC0464,265.44,Groceries,Delhi,Android,QR,0,normal
TXN000189,2026-01-22 11:44:00,USER0118,REC0058,365.48,Transfer,Delhi,Android,App,0,normal
TXN005573,2026-01-22 11:45:00,USER0455,REC0246,696.57,Transfer,Mumbai,iOS,App,0,normal
TXN005374,2026-01-22 11:46:00,USER0498,REC0373,498.39,Travel,Delhi,Android,App,0,normal
TXN002641,2026-01-22 13:17:00,USER0985,REC0323,263.78,Groceries,Bengaluru,Android,QR,0,normal
TXN008711,2026-01-22 13:23:00,USER0170,REC0304,552.86,Bills,Chennai,Android,App,0,normal
TXN000097,2026-01-22 13:26:00,USER0967,REC0483,299.4,Transfer,Hyderabad,Android,QR,0,normal
TXN000593,2026-01-22 14:08:00,USER0282,REC0234,288.56,Food,Pune,Android,App,0,normal
TXN008847,2026-01-22 14:21:00,USER0406,REC0125,2466.81,Groceries,Hyderabad,Android,App,0,normal
TXN004607,2026-01-22 14:38:00,USER0928,REC0301,778.06,Shopping,Bengaluru,iOS,QR,0,normal
TXN002182,2026-01-22 14:53:00,USER0067,REC0277,1377.78,Food,Pune,iOS,App,0,normal
TXN004240,2026-01-22 14:56:00,USER0652,REC0172,168.76,Bills,Delhi,Android,App,0,normal
TXN003073,2026-01-22 14:56:00,USER0466,REC0260,1101.41,Food,Mumbai,Android,App,0,normal
TXN007330,2026-01-22 15:25:00,USER0076,REC0392,179.77,Groceries,Chennai,Android,App,0,normal
TXN002967,2026-01-22 15:34:00,USER0794,REC0466,158.62,Shopping,Hyderabad,Android,App,0,normal
TXN006785,2026-01-22 15:44:00,USER0365,REC0265,704.25,Transfer,Bengaluru,Android,App,0,normal
TXN002667,2026-01-22 15:56:00,USER0466,REC0484,789.62,Food,Delhi,Android,App,0,normal
TXN003084,2026-01-22 16:01:00,USER0247,REC0025,340.07,Groceries,Pune,Android,App,0,normal
TXN000832,2026-01-22 16:11:00,USER0469,REC0483,2049.75,Food,Hyderabad,Android,QR,0,normal
TXN003094,2026-01-22 16:24:00,USER0036,REC0295,293.01,Transfer,Bengaluru,Android,App,0,normal
TXN007415,2026-01-22 16:26:00,USER0565,REC0279,614.47,Bills,Bengaluru,Android,QR,0,normal
TXN000384,2026-01-22 16:29:00,USER0682,REC0060,801.71,Bills,Chennai,Android,App,0,normal
TXN008008,2026-01-22 16:30:00,USER0030,REC0121,1382.22,Transfer,Chennai,Android,QR,0,normal
TXN005972,2026-01-22 17:11:00,USER0202,REC0347,320.16,Shopping,Hyderabad,Android,App,0,normal
TXN005260,2026-01-22 17:14:00,USER0839,REC0369,392.94,Travel,Hyderabad,iOS,QR,0,normal
TXN001402,2026-01-22 17:21:00,USER0824,REC0383,158.0,Food,Delhi,iOS,QR,0,normal
TXN008968,2026-01-22 17:36:00,USER0639,REC0137,1178.39,Travel,Pune,Android,App,0,normal
TXN008094,2026-01-22 17:37:00,USER0265,REC0497,321.99,Groceries,Chennai,iOS,App,0,normal
TXN005273,2026-01-22 17:45:00,USER0699,REC0346,838.55,Food,Bengaluru,Android,App,0,normal
TXN003745,2026-01-22 17:47:00,USER0320,REC0272,854.34,Travel,Pune,Android,App,0,normal
TXN001542,2026-01-22 17:56:00,USER0802,REC0017,149.36,Groceries,Pune,Android,App,0,normal
TXN006475,2026-01-22 18:00:00,USER0322,REC0189,619.13,Shopping,Pune,Android,QR,0,normal
TXN003968,2026-01-22 18:04:00,USER0767,REC0098,629.09,Groceries,Delhi,Android,App,0,normal
TXN001251,2026-01-22 18:31:00,USER0879,REC0087,169.99,Transfer,Delhi,iOS,Collect Request,0,normal
TXN008019,2026-01-22 19:00:00,USER0657,REC0197,280.67,Transfer,Bengaluru,Android,App,0,normal
TXN007991,2026-01-22 19:24:00,USER0823,REC0367,480.58,Shopping,Delhi,Android,App,0,normal
TXN005103,2026-01-22 19:40:00,USER0569,REC0042,510.87,Transfer,Pune,iOS,App,0,normal
TXN001506,2026-01-22 19:45:00,USER0760,REC0341,2259.33,Transfer,Bengaluru,Android,QR,0,normal
TXN009124,2026-01-22 20:04:00,USER0141,REC0465,345.06,Transfer,Chennai,Android,QR,0,normal
TXN006477,2026-01-22 20:08:00,USER0573,REC0139,259.84,Shopping,Hyderabad,Android,QR,0,normal
TXN006668,2026-01-22 20:10:00,USER0585,REC0160,423.31,Bills,Pune,Android,QR,0,normal
TXN008722,2026-01-22 20:24:00,USER0280,REC0080,2296.19,Travel,Delhi,Android,QR,0,normal
TXN009916,2026-01-22 20:50:00,USER0135,REC0161,1280.39,Groceries,Mumbai,iOS,App,0,normal
TXN003275,2026-01-22 21:09:00,USER0927,REC0191,454.85,Shopping,Delhi,Android,Collect Request,0,normal
TXN009747,2026-01-22 21:14:00,USER0258,REC0488,579.04,Food,Delhi,Android,App,0,normal
TXN001786,2026-01-22 22:10:00,USER0518,REC0436,476.07,Groceries,Bengaluru,Android,App,0,normal
TXN002253,2026-01-22 22:17:00,USER0509,REC0077,352.17,Travel,Hyderabad,iOS,QR,0,normal
TXN001124,2026-01-22 22:19:00,USER0364,REC0260,2909.19,Shopping,Delhi,Android,App,0,normal
TXN009928,2026-01-22 22:23:00,USER0977,REC0489,317.46,Food,Hyderabad,Android,App,0,normal
TXN001709,2026-01-22 22:31:00,USER0427,REC0259,842.47,Bills,Bengaluru,iOS,App,0,normal
TXN000315,2026-01-22 22:45:00,USER0527,REC0040,361.85,Bills,Chennai,Android,App,0,normal
TXN007404,2026-01-22 23:10:00,USER0550,REC0153,312.77,Food,Pune,Android,App,0,normal
TXN001107,2026-01-22 23:13:00,USER0618,REC0047,1351.27,Groceries,Bengaluru,Android,App,0,normal
TXN005834,2026-01-22 23:17:00,USER0885,REC0252,547.98,Groceries,Chennai,Android,App,0,normal
TXN002162,2026-01-22 23:28:00,USER0192,REC0329,1059.28,Transfer,Bengaluru,Android,App,0,normal
TXN002487,2026-01-22 23:41:00,USER0168,REC0176,3182.24,Shopping,Hyderabad,iOS,App,0,normal
TXN007099,2026-01-22 23:42:00,USER0739,REC0130,172.88,Transfer,Mumbai,Android,App,0,normal
TXN002687,2026-01-23 00:01:00,USER0334,REC0128,826.36,Groceries,Mumbai,Android,QR,0,normal
TXN004499,2026-01-23 00:04:00,USER0973,REC0326,1670.24,Transfer,Bengaluru,iOS,App,0,normal
TXN006126,2026-01-23 00:04:00,USER0545,REC0296,299.49,Bills,Chennai,Android,App,0,normal
TXN009744,2026-01-23 00:11:00,USER0821,REC0468,745.11,Food,Mumbai,Android,Collect Request,0,normal
TXN009384,2026-01-23 00:15:00,USER0186,REC0043,268.12,Shopping,Mumbai,Android,App,0,normal
TXN005878,2026-01-23 00:23:00,USER0215,REC0382,80.48,Travel,Bengaluru,Android,App,0,normal
TXN007027,2026-01-23 00:33:00,USER0295,REC0164,404.38,Groceries,Pune,Android,App,0,normal
TXN001811,2026-01-23 00:39:00,USER0268,REC0110,543.97,Shopping,Hyderabad,iOS,QR,0,normal
TXN005612,2026-01-23 00:41:00,USER0687,REC0108,182.32,Groceries,Pune,iOS,QR,0,normal
TXN001906,2026-01-23 00:45:00,USER0458,REC0182,265.97,Bills,Mumbai,Android,QR,0,normal
TXN006006,2026-01-23 00:53:00,USER0279,REC0394,949.37,Transfer,Delhi,iOS,App,0,normal
TXN000857,2026-01-23 00:56:00,USER0647,REC0211,807.51,Shopping,Hyderabad,Android,App,0,normal
TXN009969,2026-01-23 01:00:00,USER0989,REC0404,982.44,Transfer,Bengaluru,Android,QR,0,normal
TXN006385,2026-01-23 01:21:00,USER0046,REC0365,1006.72,Shopping,Chennai,Android,Collect Request,0,normal
TXN009885,2026-01-23 01:29:00,USER0589,REC0046,364.66,Shopping,Chennai,Android,App,0,normal
TXN005655,2026-01-23 01:31:00,USER0441,REC0478,479.87,Travel,Pune,Android,QR,0,normal
TXN002751,2026-01-23 01:33:00,USER0643,REC0409,542.08,Food,Delhi,iOS,App,0,normal
TXN001892,2026-01-23 01:45:00,USER0265,REC0480,993.07,Groceries,Pune,Android,App,0,normal
TXN009040,2026-01-23 01:46:00,USER0138,REC0310,758.31,Groceries,Hyderabad,Android,App,0,normal
TXN005688,2026-01-23 01:58:00,USER0600,REC0112,1265.19,Food,Bengaluru,Android,QR,0,normal
TXN007243,2026-01-23 02:09:00,USER0181,REC0307,238.16,Travel,Chennai,Android,QR,0,normal
TXN000119,2026-01-23 02:14:00,USER0509,REC0237,594.08,Travel,Hyderabad,Android,QR,0,normal
TXN003878,2026-01-23 02:25:00,USER0068,REC0180,243.81,Transfer,Bengaluru,Android,App,0,normal
TXN003482,2026-01-23 02:42:00,USER0599,REC0290,481.63,Transfer,Bengaluru,iOS,Collect Request,0,normal
TXN003278,2026-01-23 03:05:00,USER0794,REC0457,844.19,Travel,Hyderabad,Android,App,0,normal
TXN000831,2026-01-23 03:10:00,USER0300,REC0304,452.72,Transfer,Delhi,Android,App,0,normal
TXN001013,2026-01-23 03:11:00,USER0031,REC0174,195.01,Groceries,Mumbai,Android,App,0,normal
TXN009424,2026-01-23 03:12:00,USER0405,REC0301,440.31,Groceries,Hyderabad,Android,App,0,normal
TXN005328,2026-01-23 03:19:00,USER0936,REC0351,701.82,Bills,Mumbai,Android,App,0,normal
TXN007327,2026-01-23 03:23:00,USER0344,REC0098,1075.36,Transfer,Chennai,Android,App,0,normal
TXN001454,2026-01-23 03:30:00,USER0651,REC0360,1439.66,Groceries,Hyderabad,Android,QR,0,normal
TXN000989,2026-01-23 03:58:00,USER0461,REC0407,566.8,Groceries,Chennai,Android,QR,0,normal
TXN003570,2026-01-23 04:07:00,USER0656,REC0320,379.99,Bills,Pune,iOS,QR,0,normal
TXN007216,2026-01-23 04:23:00,USER0746,REC0485,1012.83,Food,Pune,Android,QR,0,normal
TXN002100,2026-01-23 04:49:00,USER0503,REC0127,2015.36,Shopping,Pune,Android,App,0,normal
TXN003386,2026-01-23 04:55:00,USER0893,REC0100,62.98,Travel,Bengaluru,Android,QR,0,normal
TXN001515,2026-01-23 05:14:00,USER0750,REC0361,1351.96,Food,Bengaluru,Android,App,0,normal
TXN007215,2026-01-23 05:33:00,USER0035,REC0337,508.68,Groceries,Pune,Android,Collect Request,0,normal
TXN007298,2026-01-23 05:39:00,USER0461,REC0049,1304.69,Shopping,Bengaluru,Android,App,0,normal
TXN004079,2026-01-23 05:46:00,USER0222,REC0485,1184.71,Groceries,Chennai,Android,QR,0,normal
TXN006789,2026-01-23 05:53:00,USER0419,REC0050,316.97,Food,Mumbai,Android,QR,0,normal
TXN005424,2026-01-23 06:04:00,USER0780,REC0116,643.16,Food,Delhi,Android,App,0,normal
TXN004812,2026-01-23 06:05:00,USER0014,REC0364,195.63,Groceries,Pune,iOS,QR,0,normal
TXN003863,2026-01-23 06:57:00,USER0415,REC0143,849.1,Bills,Pune,Android,QR,0,normal
TXN008787,2026-01-23 07:03:00,USER0126,REC0297,756.85,Groceries,Pune,Android,App,0,normal
TXN000508,2026-01-23 07:20:00,USER0805,REC0158,503.64,Food,Hyderabad,Android,QR,0,normal
TXN006868,2026-01-23 07:28:00,USER0646,REC0341,452.01,Food,Hyderabad,iOS,App,0,normal
TXN005918,2026-01-23 07:33:00,USER0105,REC0484,407.09,Groceries,Mumbai,iOS,QR,0,normal
TXN005127,2026-01-23 07:57:00,USER0054,REC0088,932.76,Bills,Bengaluru,Android,App,0,normal
TXN003333,2026-01-23 08:01:00,USER0791,REC0405,480.56,Bills,Delhi,Android,App,0,normal
TXN000925,2026-01-23 08:18:00,USER0042,REC0069,648.21,Groceries,Hyderabad,Android,App,0,normal
TXN004048,2026-01-23 08:18:00,USER0483,REC0011,1152.4,Groceries,Mumbai,Android,App,0,normal
TXN003061,2026-01-23 08:27:00,USER0292,REC0263,339.73,Shopping,Delhi,iOS,QR,0,normal
TXN009503,2026-01-23 08:33:00,USER0916,REC0072,659.4,Travel,Pune,Android,QR,0,normal
TXN001904,2026-01-23 08:33:00,USER0456,REC0470,430.93,Food,Chennai,Android,QR,0,normal
TXN001563,2026-01-23 08:42:00,USER0862,REC0391,1357.67,Groceries,Delhi,iOS,QR,0,normal
TXN006100,2026-01-23 09:08:00,USER0693,REC0037,724.71,Food,Pune,Android,App,0,normal
TXN007528,2026-01-23 09:10:00,USER0666,REC0157,349.83,Groceries,Bengaluru,Android,App,0,normal
TXN003595,2026-01-23 09:12:00,USER0977,REC0057,558.17,Shopping,Bengaluru,Android,App,0,normal
TXN006035,2026-01-23 09:20:00,USER0179,REC0261,637.12,Food,Hyderabad,iOS,QR,0,normal
TXN008332,2026-01-23 09:34:00,USER0398,REC0184,793.05,Travel,Pune,Android,App,0,normal
TXN007456,2026-01-23 09:40:00,USER0360,REC0336,724.98,Groceries,Chennai,Android,App,0,normal
TXN007853,2026-01-23 09:47:00,USER0252,REC0478,995.7,Groceries,Pune,Android,QR,0,normal
TXN009817,2026-01-23 10:25:00,USER0507,REC0006,323.71,Groceries,Bengaluru,Android,App,0,normal
TXN000568,2026-01-23 10:40:00,USER0379,REC0478,1128.78,Shopping,Mumbai,iOS,App,0,normal
TXN005277,2026-01-23 10:45:00,USER0553,REC0361,130.27,Food,Hyderabad,iOS,App,0,normal
TXN002237,2026-01-23 10:47:00,USER0534,REC0021,363.3,Bills,Mumbai,Android,Collect Request,0,normal
TXN003431,2026-01-23 10:55:00,USER0384,REC0426,903.46,Transfer,Pune,iOS,App,0,normal
TXN005748,2026-01-23 11:01:00,USER0084,REC0388,222.42,Groceries,Mumbai,Android,QR,0,normal
TXN005426,2026-01-23 11:17:00,USER0426,REC0329,379.82,Food,Mumbai,Android,App,0,normal
TXN006165,2026-01-23 11:21:00,USER0311,REC0476,340.22,Bills,Delhi,Android,App,0,normal
TXN000617,2026-01-23 11:33:00,USER0963,REC0106,638.3,Bills,Mumbai,Android,App,0,normal
TXN005088,2026-01-23 11:37:00,USER0977,REC0273,462.83,Transfer,Delhi,Android,App,0,normal
TXN008302,2026-01-23 11:58:00,USER0346,REC0137,866.02,Food,Bengaluru,Android,QR,0,normal
TXN003703,2026-01-23 11:58:00,USER0835,REC0164,209.97,Groceries,Chennai,iOS,App,0,normal
TXN007331,2026-01-23 12:01:00,USER0491,REC0281,843.96,Bills,Delhi,Android,Collect Request,0,normal
TXN007494,2026-01-23 12:22:00,USER0695,REC0430,761.31,Groceries,Delhi,Android,QR,0,normal
TXN008603,2026-01-23 12:42:00,USER0870,REC0377,812.84,Bills,Chennai,Android,App,0,normal
TXN009110,2026-01-23 12:48:00,USER0147,REC0307,290.16,Food,Bengaluru,Android,App,0,normal
TXN009455,2026-01-23 12:51:00,USER0275,REC0214,171.31,Travel,Hyderabad,Android,QR,0,normal
TXN003718,2026-01-23 12:56:00,USER0216,REC0309,1244.19,Groceries,Pune,Android,App,0,normal
TXN000483,2026-01-23 13:06:00,USER0973,REC0181,161.87,Groceries,Delhi,Android,Collect Request,0,normal
TXN001413,2026-01-23 13:17:00,USER0808,REC0291,705.52,Groceries,Hyderabad,Android,App,0,normal
TXN008034,2026-01-23 13:18:00,USER0651,REC0189,58.57,Travel,Bengaluru,Android,QR,0,normal
TXN004748,2026-01-23 13:50:00,USER0823,REC0007,542.78,Food,Mumbai,Android,App,0,normal
TXN009868,2026-01-23 13:57:00,USER0205,REC0048,206.05,Shopping,Pune,Android,App,0,normal
TXN009979,2026-01-23 14:53:00,USER0559,REC0008,568.13,Bills,Mumbai,Android,App,0,normal
TXN004007,2026-01-23 15:03:00,USER0190,REC0139,764.77,Transfer,Chennai,Android,App,0,normal
TXN006816,2026-01-23 15:41:00,USER0713,REC0304,281.12,Food,Bengaluru,Android,App,0,normal
TXN005445,2026-01-23 15:41:00,USER0257,REC0347,849.3,Groceries,Chennai,Android,App,0,normal
TXN007219,2026-01-23 16:01:00,USER0868,REC0301,955.79,Groceries,Chennai,Android,Collect Request,0,normal
TXN002399,2026-01-23 16:08:00,USER0965,REC0123,205.04,Groceries,Hyderabad,iOS,App,0,normal
TXN009096,2026-01-23 16:51:00,USER0699,REC0019,522.87,Transfer,Chennai,Android,App,0,normal
TXN001818,2026-01-23 17:15:00,USER0293,REC0405,355.83,Shopping,Hyderabad,Android,Collect Request,0,normal
TXN003391,2026-01-23 18:24:00,USER0026,REC0262,411.12,Groceries,Bengaluru,Android,App,0,normal
TXN003222,2026-01-23 18:33:00,USER0716,REC0040,138.94,Groceries,Mumbai,Android,QR,0,normal
TXN006255,2026-01-23 18:35:00,USER0779,REC0430,461.67,Transfer,Delhi,iOS,App,0,normal
TXN001942,2026-01-23 18:52:00,USER0386,REC0276,307.17,Travel,Bengaluru,Android,Collect Request,0,normal
TXN008031,2026-01-23 18:53:00,USER0154,REC0287,473.96,Food,Chennai,Android,QR,0,normal
TXN001852,2026-01-23 19:01:00,USER0170,REC0092,2583.82,Transfer,Chennai,Android,Collect Request,0,normal
TXN004452,2026-01-23 19:08:00,USER0106,REC0112,521.02,Shopping,Bengaluru,Android,App,0,normal
TXN008347,2026-01-23 19:09:00,USER0265,REC0272,543.83,Shopping,Delhi,Android,QR,0,normal
TXN000696,2026-01-23 19:18:00,USER0749,REC0283,2296.39,Groceries,Pune,Android,QR,0,normal
TXN001660,2026-01-23 19:54:00,USER0792,REC0217,399.46,Travel,Chennai,iOS,QR,0,normal
TXN006066,2026-01-23 20:24:00,USER0565,REC0060,520.9,Shopping,Delhi,Android,QR,0,normal
TXN008051,2026-01-23 20:38:00,USER0201,REC0494,679.57,Groceries,Mumbai,Android,QR,0,normal
TXN006433,2026-01-23 20:41:00,USER0729,REC0444,910.54,Food,Hyderabad,Android,QR,0,normal
TXN005027,2026-01-23 20:53:00,USER0672,REC0073,493.17,Food,Mumbai,Android,QR,0,normal
TXN001562,2026-01-23 21:12:00,USER0996,REC0233,846.55,Food,Mumbai,Android,QR,0,normal
TXN005451,2026-01-23 21:26:00,USER0951,REC0468,334.68,Bills,Hyderabad,Android,App,0,normal
TXN008851,2026-01-23 21:29:00,USER0952,REC0401,524.16,Groceries,Mumbai,Android,App,0,normal
TXN000919,2026-01-23 21:40:00,USER0134,REC0383,667.86,Transfer,Delhi,iOS,QR,0,normal
TXN004488,2026-01-23 21:49:00,USER0821,REC0412,142.74,Shopping,Chennai,Android,App,0,normal
TXN001307,2026-01-23 22:02:00,USER0190,REC0263,542.33,Food,Delhi,Android,QR,0,normal
TXN003306,2026-01-23 22:12:00,USER0670,REC0282,1893.86,Transfer,Pune,Android,App,0,normal
TXN007780,2026-01-23 22:18:00,USER0037,REC0077,725.72,Shopping,Pune,Android,App,0,normal
TXN005637,2026-01-23 22:20:00,USER0365,REC0385,558.1,Bills,Delhi,Android,App,0,normal
TXN005059,2026-01-23 22:47:00,USER0901,REC0360,291.98,Shopping,Bengaluru,iOS,QR,0,normal
TXN007474,2026-01-23 22:50:00,USER0538,REC0256,530.29,Groceries,Mumbai,Android,App,0,normal
TXN002126,2026-01-23 23:01:00,USER0155,REC0116,535.67,Travel,Chennai,Android,QR,0,normal
TXN005378,2026-01-23 23:04:00,USER0375,REC0073,245.73,Transfer,Chennai,Android,QR,0,normal
TXN006224,2026-01-23 23:12:00,USER0261,REC0049,340.43,Food,Bengaluru,Android,App,0,normal
TXN008292,2026-01-23 23:15:00,USER0719,REC0419,569.95,Shopping,Mumbai,Android,QR,0,normal
TXN005835,2026-01-23 23:19:00,USER0541,REC0299,3345.65,Travel,Pune,Android,App,0,normal
TXN003793,2026-01-23 23:21:00,USER0833,REC0181,296.04,Transfer,Chennai,Android,QR,0,normal
TXN005941,2026-01-23 23:29:00,USER0385,REC0356,1384.87,Groceries,Pune,Android,QR,0,normal
TXN005853,2026-01-23 23:33:00,USER0286,REC0445,463.9,Food,Hyderabad,Android,App,0,normal
TXN005117,2026-01-23 23:37:00,USER0619,REC0349,1162.89,Shopping,Hyderabad,iOS,QR,0,normal
TXN007619,2026-01-24 00:11:00,USER0928,REC0186,462.73,Transfer,Mumbai,Android,App,0,normal
TXN001425,2026-01-24 00:13:00,USER0321,REC0229,604.98,Transfer,Bengaluru,Android,QR,0,normal
TXN008439,2026-01-24 00:25:00,USER0724,REC0491,594.86,Transfer,Hyderabad,Android,App,0,normal
TXN008460,2026-01-24 00:29:00,USER0391,REC0181,407.13,Groceries,Pune,Android,App,0,normal
TXN003319,2026-01-24 00:35:00,USER0251,REC0198,694.97,Travel,Mumbai,iOS,App,0,normal
TXN006606,2026-01-24 00:49:00,USER0220,REC0484,318.93,Shopping,Hyderabad,Android,App,0,normal
TXN000346,2026-01-24 00:53:00,USER0838,REC0444,425.38,Groceries,Bengaluru,Android,App,0,normal
TXN002188,2026-01-24 02:09:00,USER0607,REC0188,510.12,Travel,Chennai,Android,QR,1,late_night_payment
TXN007156,2026-01-24 02:25:00,USER0261,REC0493,93.6,Shopping,Pune,Android,App,0,normal
TXN004358,2026-01-24 02:31:00,USER0923,REC0167,1155.33,Travel,Pune,Android,App,0,normal
TXN006393,2026-01-24 02:42:00,USER0726,REC0496,246.77,Bills,Mumbai,iOS,QR,0,normal
TXN005477,2026-01-24 02:53:00,USER0255,REC0207,515.6,Transfer,Bengaluru,Android,QR,0,normal
TXN000206,2026-01-24 03:02:00,USER0023,REC0469,448.26,Food,Mumbai,iOS,QR,1,late_night_payment
TXN008830,2026-01-24 03:09:00,USER0861,REC0043,1131.35,Bills,Pune,Android,App,0,normal
TXN005930,2026-01-24 03:26:00,USER0161,REC0245,155.86,Groceries,Mumbai,Android,App,0,normal
TXN004427,2026-01-24 03:31:00,USER0980,REC0465,283.35,Food,Hyderabad,Android,QR,0,normal
TXN006364,2026-01-24 03:50:00,USER0756,REC0465,780.25,Shopping,Mumbai,Android,App,0,normal
TXN004344,2026-01-24 03:55:00,USER0546,REC0422,199.28,Transfer,Bengaluru,Android,QR,0,normal
TXN007736,2026-01-24 03:57:00,USER0407,REC0414,479.4,Shopping,Delhi,Android,App,0,normal
TXN002608,2026-01-24 04:01:00,USER0162,REC0425,483.92,Bills,Pune,Android,App,0,normal
TXN002346,2026-01-24 04:05:00,USER0393,REC0403,302.67,Bills,Pune,Android,QR,0,normal
TXN000933,2026-01-24 04:11:00,USER0144,REC0048,480.1,Food,Bengaluru,Android,App,0,normal
TXN006921,2026-01-24 04:11:00,USER0035,REC0141,1469.0,Groceries,Chennai,Android,App,0,normal
TXN003468,2026-01-24 04:26:00,USER0797,REC0060,1532.13,Shopping,Pune,Android,App,0,normal
TXN004794,2026-01-24 04:27:00,USER0390,REC0112,2143.37,Groceries,Mumbai,Android,QR,0,normal
TXN006198,2026-01-24 04:36:00,USER0453,REC0391,380.97,Bills,Chennai,Android,QR,0,normal
TXN003974,2026-01-24 05:03:00,USER0598,REC0055,606.16,Food,Chennai,Android,App,0,normal
TXN006021,2026-01-24 05:29:00,USER0311,REC0412,817.5,Transfer,Pune,iOS,App,0,normal
TXN009409,2026-01-24 05:53:00,USER0501,REC0304,4485.38,Bills,Chennai,Android,App,0,normal
TXN002079,2026-01-24 06:26:00,USER0824,REC0202,904.68,Food,Chennai,Android,App,0,normal
TXN004398,2026-01-24 06:29:00,USER0705,REC0269,2777.54,Food,Mumbai,Android,App,0,normal
TXN002421,2026-01-24 06:30:00,USER0521,REC0126,3247.15,Transfer,Pune,iOS,QR,0,normal
TXN008626,2026-01-24 06:33:00,USER0255,REC0405,1314.87,Groceries,Pune,Android,App,0,normal
TXN008673,2026-01-24 06:44:00,USER0421,REC0207,916.42,Transfer,Mumbai,Android,App,0,normal
TXN004407,2026-01-24 06:53:00,USER0540,REC0246,953.09,Food,Pune,Android,App,0,normal
TXN004235,2026-01-24 07:02:00,USER0443,REC0164,182.95,Shopping,Delhi,Android,Collect Request,0,normal
TXN004138,2026-01-24 07:05:00,USER0428,REC0044,249.66,Food,Chennai,Android,QR,0,normal
TXN008583,2026-01-24 07:48:00,USER0106,REC0246,256.81,Bills,Pune,Android,App,0,normal
TXN001179,2026-01-24 07:48:00,USER0942,REC0480,584.98,Shopping,Bengaluru,Android,Collect Request,0,normal
TXN009456,2026-01-24 08:03:00,USER0251,REC0057,340.45,Groceries,Mumbai,iOS,App,0,normal
TXN001804,2026-01-24 08:23:00,USER0028,REC0157,528.53,Transfer,Pune,iOS,App,0,normal
TXN009543,2026-01-24 09:02:00,USER0566,REC0467,532.98,Food,Chennai,Android,QR,0,normal
TXN005558,2026-01-24 09:02:00,USER0202,REC0235,39108.42,Groceries,Bengaluru,Android,App,1,unusually_high_amount
TXN008092,2026-01-24 09:09:00,USER0066,REC0139,133.92,Food,Pune,iOS,App,0,normal
TXN002418,2026-01-24 09:59:00,USER0032,REC0406,292.57,Food,Chennai,Android,App,0,normal
TXN004387,2026-01-24 10:05:00,USER0066,REC0369,707.87,Bills,Mumbai,Android,Collect Request,0,normal
TXN001502,2026-01-24 10:21:00,USER0037,REC0157,445.87,Bills,Hyderabad,Android,App,0,normal
TXN008427,2026-01-24 10:53:00,USER0432,REC0463,1437.08,Food,Delhi,Android,Collect Request,0,normal
TXN004409,2026-01-24 10:59:00,USER0876,REC0136,200.67,Groceries,Hyderabad,Android,QR,0,normal
TXN003566,2026-01-24 11:07:00,USER0617,REC0289,421.96,Groceries,Mumbai,Android,QR,0,normal
TXN002895,2026-01-24 11:22:00,USER0510,REC0429,1326.94,Food,Bengaluru,Android,Collect Request,0,normal
TXN000211,2026-01-24 12:03:00,USER0219,REC0048,543.38,Food,Pune,Android,App,0,normal
TXN004405,2026-01-24 12:16:00,USER0879,REC0172,216.83,Groceries,Mumbai,Android,QR,0,normal
TXN005947,2026-01-24 12:20:00,USER0715,REC0299,647.69,Groceries,Chennai,iOS,QR,0,normal
TXN005153,2026-01-24 13:02:00,USER0537,REC0355,395.75,Food,Pune,Android,QR,0,normal
TXN007514,2026-01-24 13:10:00,USER0270,REC0470,652.49,Groceries,Pune,Android,App,0,normal
TXN007189,2026-01-24 13:27:00,USER0222,REC0286,340.12,Travel,Hyderabad,iOS,QR,0,normal
TXN004494,2026-01-24 13:41:00,USER0880,REC0262,209.63,Transfer,Delhi,Android,QR,0,normal
TXN004859,2026-01-24 14:08:00,USER1000,REC0300,579.57,Groceries,Pune,iOS,App,0,normal
TXN005116,2026-01-24 14:45:00,USER0322,REC0151,2913.91,Food,Chennai,Android,QR,0,normal
TXN000380,2026-01-24 14:54:00,USER0573,REC0110,1604.06,Food,Hyderabad,Android,App,0,normal
TXN009425,2026-01-24 14:58:00,USER0071,REC0155,183.19,Groceries,Hyderabad,Android,App,0,normal
TXN004650,2026-01-24 15:29:00,USER0731,REC0199,1245.69,Bills,Delhi,Android,App,0,normal
TXN003720,2026-01-24 15:48:00,USER0113,REC0267,296.44,Bills,Bengaluru,Android,QR,0,normal
TXN001297,2026-01-24 16:01:00,USER0991,REC0164,477.5,Shopping,Pune,Android,App,0,normal
TXN007277,2026-01-24 16:03:00,USER0012,REC0151,778.12,Food,Delhi,Android,App,0,normal
TXN006897,2026-01-24 16:10:00,USER0297,REC0099,87.72,Food,Delhi,iOS,QR,0,normal
TXN003515,2026-01-24 16:19:00,USER0293,REC0151,264.59,Food,Pune,iOS,App,0,normal
TXN007711,2026-01-24 16:21:00,USER0605,REC0006,352.77,Shopping,Hyderabad,Android,App,0,normal
TXN004734,2026-01-24 16:45:00,USER0170,REC0463,1981.29,Shopping,Delhi,Android,App,0,normal
TXN008492,2026-01-24 16:49:00,USER0594,REC0305,955.87,Bills,Delhi,Android,QR,0,normal
TXN004378,2026-01-24 17:03:00,USER0163,REC0074,184.24,Shopping,Hyderabad,Android,App,0,normal
TXN000209,2026-01-24 17:12:00,USER0744,REC0408,22248.58,Shopping,Chennai,Android,QR,1,unusually_high_amount
TXN007872,2026-01-24 17:16:00,USER0959,REC0208,32308.05,Food,Mumbai,Android,QR,1,unusually_high_amount
TXN008022,2026-01-24 17:46:00,USER0449,REC0448,798.41,Food,Pune,Android,App,0,normal
TXN001459,2026-01-24 17:54:00,USER0312,REC0063,1505.09,Travel,Pune,Android,App,0,normal
TXN006882,2026-01-24 18:18:00,USER0765,REC0390,832.25,Food,Chennai,iOS,QR,0,normal
TXN008785,2026-01-24 18:19:00,USER0252,REC0346,1497.67,Transfer,Mumbai,Android,App,0,normal
TXN007203,2026-01-24 19:13:00,USER0762,REC0093,574.9,Bills,Bengaluru,Android,App,0,normal
TXN001882,2026-01-24 19:24:00,USER0693,REC0330,2771.91,Travel,Mumbai,Android,QR,0,normal
TXN004234,2026-01-24 19:28:00,USER0383,REC0191,421.64,Travel,Mumbai,Android,App,0,normal
TXN003216,2026-01-24 19:31:00,USER0222,REC0197,547.93,Shopping,Bengaluru,iOS,QR,0,normal
TXN003200,2026-01-24 19:46:00,USER0395,REC0045,227.92,Groceries,Chennai,Android,App,0,normal
TXN004949,2026-01-24 19:57:00,USER0377,REC0296,1536.15,Transfer,Delhi,Android,App,0,normal
TXN002492,2026-01-24 19:59:00,USER0092,REC0232,668.71,Food,Delhi,iOS,App,0,normal
TXN005289,2026-01-24 20:00:00,USER0736,REC0246,834.1,Groceries,Pune,iOS,QR,0,normal
TXN004741,2026-01-24 20:01:00,USER0497,REC0131,1450.18,Shopping,Bengaluru,Android,QR,0,normal
TXN001621,2026-01-24 20:22:00,USER0816,REC0331,872.22,Groceries,Hyderabad,Android,App,0,normal
TXN006193,2026-01-24 20:25:00,USER0445,REC0071,1002.7,Groceries,Bengaluru,Android,App,0,normal
TXN009260,2026-01-24 20:26:00,USER0662,REC0234,338.73,Groceries,Chennai,Android,App,0,normal
TXN008096,2026-01-24 20:34:00,USER0409,REC0469,577.19,Transfer,Pune,Android,QR,0,normal
TXN004324,2026-01-24 20:51:00,USER0450,REC0315,1450.94,Shopping,Chennai,Android,QR,0,normal
TXN001701,2026-01-24 21:13:00,USER0681,REC0118,309.72,Groceries,Chennai,iOS,QR,0,normal
TXN004509,2026-01-24 21:49:00,USER0670,REC0109,525.69,Transfer,Chennai,Android,App,0,normal
TXN004124,2026-01-24 22:08:00,USER0013,REC0369,18047.02,Groceries,Mumbai,Android,App,1,unusually_high_amount
TXN004187,2026-01-24 22:10:00,USER0496,REC0131,618.55,Groceries,Delhi,Android,App,0,normal
TXN003302,2026-01-24 22:37:00,USER0661,REC0211,676.31,Food,Delhi,Android,App,0,normal
TXN001261,2026-01-24 22:46:00,USER0239,REC0311,611.89,Food,Hyderabad,Android,App,0,normal
TXN000618,2026-01-24 23:33:00,USER0184,REC0352,949.1,Transfer,Hyderabad,iOS,App,0,normal
TXN006054,2026-01-25 00:34:00,USER0388,REC0184,369.9,Food,Mumbai,Android,QR,0,normal
TXN000292,2026-01-25 00:40:00,USER0835,REC0461,2073.67,Food,Mumbai,Android,QR,0,normal
TXN009689,2026-01-25 00:43:00,USER0519,REC0320,179.18,Travel,Chennai,Android,QR,1,late_night_payment
TXN001429,2026-01-25 00:44:00,USER0641,REC0171,446.45,Shopping,Delhi,Android,App,0,normal
TXN006160,2026-01-25 01:22:00,USER0990,REC0497,395.33,Bills,Mumbai,Android,QR,0,normal
TXN009446,2026-01-25 01:26:00,USER0483,REC0362,1086.13,Groceries,Mumbai,iOS,QR,0,normal
TXN009985,2026-01-25 01:33:00,USER0627,REC0256,1379.64,Shopping,Hyderabad,Android,App,0,normal
TXN002301,2026-01-25 01:36:00,USER0767,REC0325,3844.85,Bills,Pune,Android,Collect Request,0,normal
TXN008003,2026-01-25 01:51:00,USER0144,REC0482,772.61,Shopping,Chennai,Android,App,0,normal
TXN001673,2026-01-25 02:10:00,USER0909,REC0473,253.46,Shopping,Chennai,iOS,App,0,normal
TXN008232,2026-01-25 02:36:00,USER0846,REC0032,268.14,Shopping,Bengaluru,Android,Collect Request,0,normal
TXN003168,2026-01-25 03:03:00,USER0179,REC0192,349.51,Bills,Hyderabad,Android,QR,0,normal
TXN002333,2026-01-25 03:46:00,USER0640,REC0415,800.57,Transfer,Pune,Android,QR,0,normal
TXN006780,2026-01-25 03:59:00,USER0566,REC0498,879.1,Bills,Mumbai,Android,QR,0,normal
TXN000509,2026-01-25 04:22:00,USER0445,REC0208,338.17,Shopping,Delhi,Android,App,0,normal
TXN009788,2026-01-25 04:25:00,USER0898,REC0423,296.85,Groceries,Pune,iOS,QR,0,normal
TXN001011,2026-01-25 04:31:00,USER0530,REC0258,240.26,Groceries,Bengaluru,Android,App,0,normal
TXN004033,2026-01-25 04:44:00,USER0509,REC0159,466.04,Groceries,Bengaluru,Android,QR,0,normal
TXN001123,2026-01-25 04:45:00,USER0260,REC0474,547.58,Food,Bengaluru,Android,App,0,normal
TXN003212,2026-01-25 04:48:00,USER0106,REC0051,1713.68,Food,Pune,iOS,QR,1,late_night_payment
TXN003754,2026-01-25 05:19:00,USER0027,REC0397,1992.01,Groceries,Chennai,Android,QR,0,normal
TXN009867,2026-01-25 05:34:00,USER0075,REC0212,123.12,Food,Delhi,Android,QR,0,normal
TXN004087,2026-01-25 06:09:00,USER0457,REC0159,866.58,Shopping,Hyderabad,Android,App,0,normal
TXN004775,2026-01-25 06:12:00,USER0777,REC0126,21784.84,Food,Pune,Android,App,1,unusually_high_amount
TXN006120,2026-01-25 06:58:00,USER0882,REC0276,1026.49,Shopping,Pune,iOS,App,0,normal
TXN002658,2026-01-25 07:56:00,USER0404,REC0415,670.88,Groceries,Hyderabad,Android,QR,0,normal
TXN004332,2026-01-25 07:56:00,USER0418,REC0041,37.01,Transfer,Chennai,Android,QR,0,normal
TXN005676,2026-01-25 08:12:00,USER0719,REC0145,360.73,Transfer,Pune,Android,App,0,normal
TXN000744,2026-01-25 08:21:00,USER0998,REC0010,701.59,Bills,Mumbai,Android,QR,0,normal
TXN006238,2026-01-25 08:31:00,USER0398,REC0270,1270.03,Bills,Hyderabad,Android,App,0,normal
TXN002238,2026-01-25 08:33:00,USER0864,REC0222,729.4,Shopping,Chennai,Android,QR,0,normal
TXN002430,2026-01-25 08:42:00,USER0248,REC0078,365.88,Travel,Mumbai,Android,QR,0,normal
TXN007654,2026-01-25 08:48:00,USER0722,REC0172,722.52,Travel,Pune,Android,App,0,normal
TXN000890,2026-01-25 08:50:00,USER0961,REC0273,644.94,Food,Delhi,Android,App,0,normal
TXN004017,2026-01-25 08:51:00,USER0254,REC0042,414.27,Shopping,Chennai,Android,App,0,normal
TXN006506,2026-01-25 09:11:00,USER0731,REC0204,1424.22,Bills,Delhi,iOS,App,0,normal
TXN002577,2026-01-25 09:12:00,USER0269,REC0457,315.35,Travel,Pune,Android,QR,0,normal
TXN000779,2026-01-25 09:17:00,USER0289,REC0468,243.84,Bills,Delhi,Android,App,0,normal
TXN005230,2026-01-25 09:39:00,USER0404,REC0080,1636.51,Groceries,Mumbai,Android,App,0,normal
TXN006289,2026-01-25 09:53:00,USER0755,REC0423,551.61,Shopping,Bengaluru,Android,App,0,normal
TXN009268,2026-01-25 09:57:00,USER0322,REC0408,1266.39,Food,Chennai,Android,QR,0,normal
TXN008990,2026-01-25 10:11:00,USER0083,REC0140,588.48,Food,Delhi,Android,Collect Request,0,normal
TXN009726,2026-01-25 10:18:00,USER0060,REC0155,733.3,Food,Pune,Android,QR,0,normal
TXN007847,2026-01-25 11:24:00,USER0074,REC0336,324.02,Transfer,Pune,Android,QR,0,normal
TXN005470,2026-01-25 11:37:00,USER0824,REC0391,467.5,Transfer,Mumbai,Android,App,0,normal
TXN000216,2026-01-25 12:02:00,USER0289,REC0474,540.58,Groceries,Bengaluru,Android,App,0,normal
TXN007297,2026-01-25 12:11:00,USER0416,REC0439,873.59,Food,Mumbai,Android,App,0,normal
TXN009532,2026-01-25 12:34:00,USER0532,REC0402,516.34,Shopping,Hyderabad,iOS,QR,0,normal
TXN003032,2026-01-25 12:47:00,USER0470,REC0177,576.17,Food,Delhi,Android,QR,0,normal
TXN003100,2026-01-25 13:15:00,USER0280,REC0327,438.34,Food,Mumbai,iOS,App,0,normal
TXN006240,2026-01-25 13:19:00,USER0726,REC0315,845.24,Bills,Hyderabad,Android,App,0,normal
TXN009290,2026-01-25 13:32:00,USER0864,REC0073,585.72,Groceries,Pune,Android,App,0,normal
TXN009262,2026-01-25 13:32:00,USER0790,REC0107,789.25,Groceries,Chennai,Android,QR,0,normal
TXN004247,2026-01-25 13:35:00,USER0577,REC0353,2106.43,Groceries,Delhi,Android,QR,0,normal
TXN005365,2026-01-25 13:49:00,USER0564,REC0488,347.26,Food,Chennai,Android,Collect Request,0,normal
TXN007609,2026-01-25 13:55:00,USER0394,REC0347,651.87,Food,Chennai,Android,QR,0,normal
TXN008808,2026-01-25 13:58:00,USER0464,REC0370,1234.21,Food,Hyderabad,Android,QR,0,normal
TXN004918,2026-01-25 14:01:00,USER0114,REC0399,569.13,Bills,Pune,Android,QR,0,normal
TXN007603,2026-01-25 14:02:00,USER0951,REC0360,333.5,Bills,Pune,Android,QR,0,normal
TXN001640,2026-01-25 14:05:00,USER0411,REC0178,158.94,Food,Delhi,Android,App,0,normal
TXN003060,2026-01-25 14:36:00,USER0084,REC0302,754.73,Food,Hyderabad,Android,QR,0,normal
TXN007600,2026-01-25 14:44:00,USER0409,REC0303,736.63,Groceries,Mumbai,Android,QR,0,normal
TXN006845,2026-01-25 14:53:00,USER0528,REC0061,103.53,Groceries,Bengaluru,Android,QR,0,normal
TXN005711,2026-01-25 15:07:00,USER0795,REC0133,1612.6,Bills,Mumbai,iOS,QR,0,normal
TXN009340,2026-01-25 15:11:00,USER0871,REC0109,160.92,Bills,Pune,Android,QR,0,normal
TXN007928,2026-01-25 15:30:00,USER0558,REC0242,1028.85,Bills,Delhi,Android,QR,0,normal
TXN006517,2026-01-25 15:34:00,USER0665,REC0087,112.51,Groceries,Hyderabad,iOS,Collect Request,0,normal
TXN004242,2026-01-25 15:38:00,USER0400,REC0196,427.34,Food,Delhi,Android,App,0,normal
TXN000505,2026-01-25 16:00:00,USER0390,REC0373,1450.87,Bills,Hyderabad,Android,Collect Request,0,normal
TXN003304,2026-01-25 16:07:00,USER0990,REC0264,1044.45,Transfer,Chennai,Android,App,0,normal
TXN006269,2026-01-25 16:12:00,USER0809,REC0091,320.89,Food,Delhi,iOS,QR,0,normal
TXN008164,2026-01-25 16:16:00,USER0361,REC0054,262.72,Travel,Pune,Android,Collect Request,0,normal
TXN009586,2026-01-25 16:20:00,USER0036,REC0445,188.42,Groceries,Pune,iOS,QR,0,normal
TXN009126,2026-01-25 16:21:00,USER0058,REC0500,2891.91,Bills,Delhi,Android,App,0,normal
TXN006442,2026-01-25 16:22:00,USER0311,REC0278,1058.11,Shopping,Bengaluru,iOS,QR,0,normal
TXN008501,2026-01-25 16:50:00,USER0230,REC0051,1262.32,Groceries,Chennai,Android,App,0,normal
TXN005754,2026-01-25 17:04:00,USER0649,REC0400,1551.28,Groceries,Hyderabad,iOS,QR,0,normal
TXN009644,2026-01-25 17:14:00,USER0913,REC0292,1299.26,Groceries,Pune,Android,QR,0,normal
TXN004633,2026-01-25 17:21:00,USER0834,REC0084,512.09,Shopping,Hyderabad,iOS,App,0,normal
TXN001322,2026-01-25 17:37:00,USER0419,REC0067,521.36,Shopping,Mumbai,iOS,QR,0,normal
TXN001491,2026-01-25 17:39:00,USER0507,REC0494,196.85,Food,Pune,Android,App,0,normal
TXN009092,2026-01-25 17:44:00,USER0276,REC0278,2909.05,Shopping,Pune,Android,QR,0,normal
TXN009686,2026-01-25 17:51:00,USER0185,REC0168,350.73,Food,Bengaluru,Android,App,0,normal
TXN006664,2026-01-25 17:56:00,USER0640,REC0226,83.57,Transfer,Bengaluru,Android,App,0,normal
TXN003796,2026-01-25 18:04:00,USER0014,REC0128,78.11,Bills,Chennai,iOS,App,0,normal
TXN006725,2026-01-25 18:05:00,USER0499,REC0028,191.25,Shopping,Hyderabad,Android,App,0,normal
TXN004579,2026-01-25 18:12:00,USER0866,REC0338,402.64,Food,Hyderabad,Android,App,0,normal
TXN002106,2026-01-25 18:19:00,USER0850,REC0436,207.06,Bills,Delhi,iOS,App,0,normal
TXN008883,2026-01-25 18:25:00,USER0179,REC0452,916.72,Groceries,Hyderabad,iOS,App,0,normal
TXN006253,2026-01-25 18:41:00,USER0414,REC0428,449.0,Shopping,Chennai,Android,App,0,normal
TXN006566,2026-01-25 19:22:00,USER0394,REC0499,784.29,Shopping,Bengaluru,Android,QR,0,normal
TXN003307,2026-01-25 19:23:00,USER0503,REC0109,241.82,Groceries,Delhi,Android,App,0,normal
TXN009558,2026-01-25 19:26:00,USER0694,REC0460,1287.94,Travel,Mumbai,Android,QR,0,normal
TXN009846,2026-01-25 19:38:00,USER0595,REC0192,578.44,Travel,Mumbai,iOS,App,0,normal
TXN000281,2026-01-25 19:49:00,USER0714,REC0449,1474.15,Food,Pune,Android,App,0,normal
TXN004316,2026-01-25 19:59:00,USER0955,REC0358,1013.5,Transfer,Bengaluru,iOS,QR,0,normal
TXN006511,2026-01-25 20:00:00,USER0753,REC0036,968.67,Food,Hyderabad,iOS,App,0,normal
TXN004301,2026-01-25 21:22:00,USER0210,REC0274,341.78,Shopping,Bengaluru,Android,App,0,normal
TXN007282,2026-01-25 21:23:00,USER0285,REC0066,2274.56,Food,Mumbai,Android,App,0,normal
TXN000039,2026-01-25 21:48:00,USER0959,REC0265,605.33,Bills,Bengaluru,Android,QR,0,normal
TXN003083,2026-01-25 21:59:00,USER0186,REC0326,298.91,Shopping,Hyderabad,iOS,QR,0,normal
TXN002955,2026-01-25 22:07:00,USER0261,REC0487,107.95,Food,Hyderabad,Android,QR,0,normal
TXN000111,2026-01-25 22:34:00,USER0549,REC0224,140.89,Groceries,Mumbai,Android,App,0,normal
TXN005010,2026-01-25 22:44:00,USER0533,REC0289,170.64,Transfer,Hyderabad,iOS,QR,0,normal
TXN005703,2026-01-25 22:51:00,USER0684,REC0087,210.49,Shopping,Delhi,iOS,App,0,normal
TXN009253,2026-01-25 23:05:00,USER0940,REC0323,253.08,Food,Hyderabad,iOS,App,0,normal
TXN005611,2026-01-25 23:25:00,USER0749,REC0037,381.48,Shopping,Mumbai,Android,QR,0,normal
TXN007244,2026-01-25 23:25:00,USER0602,REC0277,1317.11,Travel,Chennai,Android,QR,0,normal
TXN007704,2026-01-25 23:49:00,USER0150,REC0244,1191.95,Shopping,Hyderabad,Android,App,0,normal
TXN002045,2026-01-25 23:56:00,USER0733,REC0341,765.64,Food,Mumbai,Android,QR,0,normal
TXN005839,2026-01-26 00:12:00,USER0313,REC0252,1241.42,Bills,Mumbai,Android,Collect Request,0,normal
TXN001192,2026-01-26 00:31:00,USER0634,REC0228,505.52,Shopping,Bengaluru,iOS,QR,0,normal
TXN000950,2026-01-26 00:38:00,USER0683,REC0199,304.88,Groceries,Hyderabad,Android,Collect Request,0,normal
TXN007020,2026-01-26 00:38:00,USER0861,REC0410,615.23,Food,Delhi,Android,QR,0,normal
TXN007516,2026-01-26 00:47:00,USER0167,REC0213,233.38,Food,Hyderabad,iOS,App,0,normal
TXN007358,2026-01-26 00:49:00,USER0777,REC0269,244.08,Food,Mumbai,Android,App,0,normal
TXN005964,2026-01-26 00:56:00,USER0897,REC0040,1109.5,Bills,Pune,Android,QR,0,normal
TXN007293,2026-01-26 01:20:00,USER0635,REC0459,648.18,Shopping,Mumbai,Android,QR,0,normal
TXN006030,2026-01-26 01:47:00,USER0003,REC0116,468.55,Groceries,Bengaluru,Android,App,0,normal
TXN008944,2026-01-26 01:48:00,USER0098,REC0010,2646.15,Transfer,Chennai,Android,QR,0,normal
TXN009720,2026-01-26 02:00:00,USER0501,REC0238,609.34,Groceries,Chennai,Android,QR,0,normal
TXN001794,2026-01-26 02:15:00,USER0117,REC0150,515.74,Food,Chennai,iOS,App,1,late_night_payment
TXN008520,2026-01-26 02:39:00,USER0430,REC0421,922.24,Food,Hyderabad,Android,QR,0,normal
TXN006438,2026-01-26 02:39:00,USER0415,REC0306,429.89,Groceries,Chennai,Android,App,1,late_night_payment
TXN000413,2026-01-26 03:16:00,USER0984,REC0020,286.85,Groceries,Chennai,Android,App,0,normal
TXN004246,2026-01-26 03:24:00,USER0956,REC0100,1142.76,Food,Delhi,Android,App,0,normal
TXN004146,2026-01-26 03:41:00,USER0304,REC0183,199.76,Shopping,Chennai,Android,App,0,normal
TXN004034,2026-01-26 04:00:00,USER0382,REC0500,1913.48,Shopping,Hyderabad,Android,App,0,normal
TXN008390,2026-01-26 04:21:00,USER0487,REC0451,599.47,Travel,Delhi,Android,App,0,normal
TXN007565,2026-01-26 04:25:00,USER0572,REC0257,547.34,Travel,Hyderabad,Android,QR,0,normal
TXN007636,2026-01-26 04:25:00,USER0793,REC0420,416.03,Groceries,Mumbai,Android,QR,0,normal
TXN002849,2026-01-26 04:38:00,USER0260,REC0404,327.0,Bills,Delhi,iOS,Collect Request,0,normal
TXN008972,2026-01-26 05:14:00,USER0253,REC0339,529.95,Travel,Chennai,Android,App,0,normal
TXN008324,2026-01-26 05:17:00,USER0866,REC0313,906.87,Travel,Delhi,Android,App,0,normal
TXN007109,2026-01-26 05:36:00,USER0222,REC0420,219.02,Groceries,Hyderabad,Android,App,0,normal
TXN008503,2026-01-26 05:52:00,USER0011,REC0029,703.87,Shopping,Chennai,Android,App,0,normal
TXN000399,2026-01-26 05:53:00,USER0209,REC0026,4612.93,Food,Bengaluru,iOS,App,0,normal
TXN009784,2026-01-26 05:55:00,USER0504,REC0179,208.66,Shopping,Delhi,Android,App,0,normal
TXN009375,2026-01-26 05:56:00,USER0726,REC0433,314.23,Groceries,Hyderabad,Android,App,0,normal
TXN002109,2026-01-26 05:57:00,USER0264,REC0202,1368.58,Bills,Bengaluru,Android,QR,0,normal
TXN001028,2026-01-26 06:07:00,USER0328,REC0204,836.24,Travel,Hyderabad,Android,QR,0,normal
TXN001999,2026-01-26 06:10:00,USER0358,REC0082,320.65,Food,Chennai,Android,QR,0,normal
TXN001551,2026-01-26 06:14:00,USER0365,REC0038,3486.43,Bills,Mumbai,Android,App,0,normal
TXN006007,2026-01-26 06:27:00,USER0401,REC0155,113.89,Transfer,Bengaluru,Android,App,0,normal
TXN002000,2026-01-26 06:44:00,USER0819,REC0455,183.64,Food,Mumbai,Android,App,0,normal
TXN008629,2026-01-26 06:45:00,USER0775,REC0461,355.45,Travel,Pune,Android,App,0,normal
TXN002111,2026-01-26 07:11:00,USER0365,REC0459,1122.08,Transfer,Delhi,Android,QR,0,normal
TXN000314,2026-01-26 07:27:00,USER0325,REC0244,416.47,Transfer,Chennai,Android,QR,0,normal
TXN009348,2026-01-26 07:29:00,USER0535,REC0231,942.36,Shopping,Delhi,Android,App,0,normal
TXN008134,2026-01-26 07:38:00,USER0359,REC0481,567.71,Travel,Hyderabad,Android,App,0,normal
TXN006221,2026-01-26 07:44:00,USER0558,REC0376,784.16,Groceries,Delhi,Android,App,0,normal
TXN000152,2026-01-26 07:47:00,USER0224,REC0373,457.51,Food,Mumbai,Android,QR,0,normal
TXN007105,2026-01-26 08:04:00,USER0255,REC0029,496.98,Groceries,Bengaluru,Android,App,0,normal
TXN006495,2026-01-26 08:25:00,USER0790,REC0027,138.46,Food,Chennai,Android,QR,0,normal
TXN007149,2026-01-26 08:58:00,USER0442,REC0197,507.85,Shopping,Delhi,Android,QR,0,normal
TXN001917,2026-01-26 09:35:00,USER0422,REC0090,817.16,Food,Delhi,Android,App,0,normal
TXN000573,2026-01-26 09:43:00,USER0179,REC0166,463.11,Bills,Mumbai,Android,Collect Request,0,normal
TXN007515,2026-01-26 09:54:00,USER0492,REC0197,535.64,Groceries,Bengaluru,iOS,Collect Request,0,normal
TXN005634,2026-01-26 10:16:00,USER0555,REC0477,2300.91,Groceries,Chennai,iOS,App,0,normal
TXN002871,2026-01-26 10:31:00,USER0644,REC0334,960.25,Bills,Chennai,iOS,Collect Request,0,normal
TXN002787,2026-01-26 10:34:00,USER0198,REC0410,847.97,Food,Chennai,Android,QR,0,normal
TXN003039,2026-01-26 10:36:00,USER0341,REC0279,526.76,Shopping,Chennai,iOS,QR,0,normal
TXN004015,2026-01-26 10:53:00,USER0120,REC0200,282.38,Food,Bengaluru,Android,QR,0,normal
TXN002979,2026-01-26 10:56:00,USER0271,REC0006,1830.22,Bills,Chennai,Android,QR,0,normal
TXN007680,2026-01-26 11:14:00,USER0695,REC0255,1058.11,Groceries,Bengaluru,Android,App,0,normal
TXN008526,2026-01-26 11:34:00,USER0706,REC0102,411.53,Shopping,Pune,Android,QR,0,normal
TXN009241,2026-01-26 11:47:00,USER0033,REC0091,254.23,Food,Pune,Android,App,0,normal
TXN001410,2026-01-26 11:48:00,USER0537,REC0091,1020.8,Transfer,Hyderabad,Android,QR,0,normal
TXN007700,2026-01-26 11:56:00,USER0977,REC0123,452.9,Shopping,Pune,Android,QR,0,normal
TXN006841,2026-01-26 11:59:00,USER0232,REC0301,4858.03,Transfer,Hyderabad,Android,App,0,normal
TXN007393,2026-01-26 12:14:00,USER0219,REC0166,779.46,Groceries,Hyderabad,Android,QR,0,normal
TXN005936,2026-01-26 12:17:00,USER0849,REC0101,478.28,Food,Delhi,iOS,Collect Request,0,normal
TXN007827,2026-01-26 12:24:00,USER0748,REC0184,20482.36,Food,Bengaluru,iOS,QR,1,unusually_high_amount
TXN002110,2026-01-26 12:24:00,USER0028,REC0159,360.43,Shopping,Bengaluru,iOS,QR,0,normal
TXN006961,2026-01-26 12:32:00,USER0105,REC0197,161.97,Food,Pune,Android,App,0,normal
TXN005890,2026-01-26 12:34:00,USER0598,REC0258,310.58,Food,Mumbai,Android,QR,0,normal
TXN009100,2026-01-26 12:55:00,USER0148,REC0011,814.53,Bills,Bengaluru,Android,App,0,normal
TXN000814,2026-01-26 13:14:00,USER0355,REC0392,499.17,Travel,Bengaluru,iOS,App,0,normal
TXN008742,2026-01-26 13:27:00,USER0889,REC0320,1636.35,Groceries,Hyderabad,Android,App,0,normal
TXN003420,2026-01-26 13:33:00,USER0158,REC0326,158.11,Food,Bengaluru,iOS,Collect Request,0,normal
TXN007769,2026-01-26 14:02:00,USER0146,REC0262,410.99,Food,Pune,iOS,App,0,normal
TXN005541,2026-01-26 14:02:00,USER0441,REC0279,1684.59,Food,Mumbai,Android,App,0,normal
TXN009725,2026-01-26 14:03:00,USER0294,REC0086,390.74,Food,Bengaluru,Android,App,0,normal
TXN002706,2026-01-26 14:17:00,USER0764,REC0021,578.34,Bills,Bengaluru,Android,QR,0,normal
TXN007239,2026-01-26 14:18:00,USER0872,REC0488,249.64,Shopping,Bengaluru,iOS,App,0,normal
TXN009903,2026-01-26 14:34:00,USER0578,REC0279,1462.04,Transfer,Chennai,iOS,App,0,normal
TXN003599,2026-01-26 14:36:00,USER0952,REC0241,402.45,Groceries,Mumbai,Android,QR,0,normal
TXN001382,2026-01-26 14:36:00,USER0546,REC0438,677.66,Travel,Pune,Android,QR,0,normal
TXN000299,2026-01-26 14:38:00,USER0770,REC0362,1113.98,Food,Hyderabad,Android,Collect Request,0,normal
TXN008897,2026-01-26 14:57:00,USER0255,REC0114,643.83,Groceries,Bengaluru,Android,QR,0,normal
TXN000534,2026-01-26 14:59:00,USER0328,REC0237,956.89,Shopping,Delhi,Android,App,0,normal
TXN001209,2026-01-26 15:01:00,USER0533,REC0416,63.6,Transfer,Mumbai,iOS,App,0,normal
TXN004082,2026-01-26 15:11:00,USER0661,REC0035,561.55,Transfer,Hyderabad,Android,App,0,normal
TXN006476,2026-01-26 15:18:00,USER0521,REC0335,194.12,Shopping,Bengaluru,Android,Collect Request,0,normal
TXN004711,2026-01-26 15:40:00,USER0892,REC0326,1097.94,Transfer,Pune,Android,QR,0,normal
TXN003994,2026-01-26 15:51:00,USER0735,REC0030,812.79,Transfer,Mumbai,Android,App,0,normal
TXN005345,2026-01-26 16:01:00,USER0800,REC0173,423.53,Travel,Delhi,Android,QR,0,normal
TXN005110,2026-01-26 16:04:00,USER0684,REC0469,928.54,Groceries,Hyderabad,Android,App,0,normal
TXN005370,2026-01-26 16:16:00,USER0024,REC0060,231.75,Food,Bengaluru,Android,QR,0,normal
TXN004907,2026-01-26 16:36:00,USER0104,REC0210,1157.34,Transfer,Pune,Android,QR,0,normal
TXN009374,2026-01-26 16:41:00,USER0857,REC0113,359.62,Bills,Hyderabad,Android,QR,0,normal
TXN007669,2026-01-26 16:42:00,USER0850,REC0176,1968.68,Food,Pune,Android,Collect Request,0,normal
TXN009488,2026-01-26 17:35:00,USER0644,REC0273,630.66,Transfer,Delhi,Android,App,0,normal
TXN002812,2026-01-26 17:51:00,USER0725,REC0209,415.4,Groceries,Hyderabad,Android,App,0,normal
TXN007653,2026-01-26 17:55:00,USER0048,REC0064,748.1,Shopping,Pune,iOS,App,0,normal
TXN008021,2026-01-26 18:10:00,USER0692,REC0084,335.2,Food,Mumbai,iOS,QR,0,normal
TXN002193,2026-01-26 18:38:00,USER0429,REC0149,1306.49,Travel,Mumbai,iOS,QR,0,normal
TXN000450,2026-01-26 18:43:00,USER0481,REC0370,306.99,Bills,Delhi,Android,App,0,normal
TXN002219,2026-01-26 18:47:00,USER0937,REC0031,1586.47,Bills,Pune,Android,App,0,normal
TXN008859,2026-01-26 18:51:00,USER0367,REC0132,1155.55,Travel,Chennai,Android,App,0,normal
TXN004024,2026-01-26 19:02:00,USER0977,REC0027,537.42,Groceries,Chennai,Android,App,0,normal
TXN009860,2026-01-26 19:15:00,USER0509,REC0208,246.23,Bills,Hyderabad,Android,App,0,normal
TXN006762,2026-01-26 19:22:00,USER0497,REC0130,654.63,Groceries,Chennai,Android,Collect Request,0,normal
TXN009232,2026-01-26 19:25:00,USER0438,REC0023,652.16,Bills,Delhi,iOS,App,0,normal
TXN005287,2026-01-26 19:32:00,USER0609,REC0303,677.52,Food,Bengaluru,Android,Collect Request,0,normal
TXN007202,2026-01-26 19:33:00,USER0537,REC0309,1322.13,Transfer,Hyderabad,Android,App,0,normal
TXN003716,2026-01-26 19:41:00,USER0329,REC0273,495.41,Travel,Hyderabad,iOS,App,0,normal
TXN005163,2026-01-26 19:53:00,USER0684,REC0123,633.08,Food,Mumbai,Android,App,0,normal
TXN001993,2026-01-26 20:21:00,USER0765,REC0283,123.0,Groceries,Chennai,iOS,Collect Request,0,normal
TXN004632,2026-01-26 20:56:00,USER0173,REC0184,170.98,Food,Pune,Android,App,0,normal
TXN008841,2026-01-26 21:22:00,USER0066,REC0093,2440.68,Transfer,Bengaluru,Android,App,0,normal
TXN000855,2026-01-26 21:38:00,USER0297,REC0304,236.64,Shopping,Delhi,Android,Collect Request,0,normal
TXN005642,2026-01-26 21:40:00,USER0649,REC0097,238.5,Groceries,Bengaluru,Android,App,0,normal
TXN003368,2026-01-26 21:45:00,USER0825,REC0482,585.67,Transfer,Pune,Android,QR,0,normal
TXN000481,2026-01-26 21:55:00,USER0274,REC0499,180.44,Transfer,Mumbai,iOS,App,0,normal
TXN004688,2026-01-26 22:12:00,USER0055,REC0441,431.77,Bills,Mumbai,Android,QR,0,normal
TXN000660,2026-01-26 22:24:00,USER0344,REC0445,103.44,Food,Pune,Android,QR,0,normal
TXN006928,2026-01-26 22:30:00,USER0844,REC0133,231.49,Food,Mumbai,iOS,App,0,normal
TXN001230,2026-01-26 22:34:00,USER0628,REC0293,381.02,Shopping,Pune,Android,App,0,normal
TXN006380,2026-01-26 22:46:00,USER0802,REC0377,162.71,Groceries,Mumbai,Android,QR,0,normal
TXN000096,2026-01-26 22:47:00,USER0831,REC0215,1917.84,Shopping,Mumbai,Android,QR,0,normal
TXN008978,2026-01-26 22:54:00,USER0957,REC0156,729.26,Travel,Bengaluru,Android,QR,0,normal
TXN002419,2026-01-26 22:55:00,USER0147,REC0487,68.96,Food,Bengaluru,Android,App,0,normal
TXN009804,2026-01-26 23:08:00,USER0203,REC0202,200.41,Bills,Mumbai,iOS,QR,0,normal
TXN005258,2026-01-26 23:16:00,USER0049,REC0141,1145.38,Groceries,Delhi,Android,Collect Request,0,normal
TXN006447,2026-01-26 23:34:00,USER0108,REC0116,1478.11,Groceries,Delhi,Android,App,0,normal
TXN002807,2026-01-26 23:46:00,USER0083,REC0150,396.12,Bills,Bengaluru,Android,QR,0,normal
TXN000841,2026-01-27 00:02:00,USER0983,REC0485,27832.45,Groceries,Mumbai,Android,App,1,unusually_high_amount
TXN009321,2026-01-27 00:14:00,USER0637,REC0274,498.62,Transfer,Delhi,Android,QR,0,normal
TXN002398,2026-01-27 00:25:00,USER0460,REC0083,2032.39,Food,Chennai,Android,QR,0,normal
TXN008558,2026-01-27 00:27:00,USER0314,REC0319,264.49,Travel,Hyderabad,Android,App,0,normal
TXN002186,2026-01-27 00:55:00,USER0617,REC0340,497.33,Bills,Delhi,Android,App,0,normal
TXN003294,2026-01-27 01:10:00,USER0072,REC0292,245.96,Food,Hyderabad,Android,App,0,normal
TXN003389,2026-01-27 01:19:00,USER0369,REC0095,292.37,Shopping,Bengaluru,Android,QR,0,normal
TXN003699,2026-01-27 01:29:00,USER0390,REC0185,593.79,Groceries,Delhi,Android,QR,0,normal
TXN002229,2026-01-27 01:37:00,USER0559,REC0144,533.9,Bills,Chennai,Android,App,0,normal
TXN002041,2026-01-27 01:40:00,USER0464,REC0289,684.39,Transfer,Mumbai,iOS,App,0,normal
TXN002541,2026-01-27 01:55:00,USER0815,REC0161,374.62,Groceries,Mumbai,iOS,App,0,normal
TXN003596,2026-01-27 02:02:00,USER0191,REC0171,277.07,Food,Delhi,Android,App,0,normal
TXN004507,2026-01-27 02:04:00,USER0357,REC0474,1607.07,Bills,Pune,Android,App,0,normal
TXN000495,2026-01-27 02:05:00,USER0417,REC0421,235.42,Groceries,Bengaluru,Android,QR,0,normal
TXN008837,2026-01-27 02:15:00,USER0639,REC0324,794.95,Groceries,Pune,Android,QR,0,normal
TXN001483,2026-01-27 02:23:00,USER0030,REC0463,1386.97,Transfer,Chennai,iOS,QR,0,normal
TXN007875,2026-01-27 02:32:00,USER0863,REC0244,683.32,Transfer,Hyderabad,iOS,QR,0,normal
TXN007670,2026-01-27 03:04:00,USER0391,REC0369,425.18,Bills,Pune,Android,Collect Request,0,normal
TXN004725,2026-01-27 03:35:00,USER0714,REC0004,1352.68,Bills,Pune,Android,App,0,normal
TXN006209,2026-01-27 03:38:00,USER0226,REC0074,1122.49,Shopping,Delhi,Android,App,0,normal
TXN002197,2026-01-27 03:55:00,USER0023,REC0264,786.29,Transfer,Bengaluru,Android,App,0,normal
TXN006381,2026-01-27 04:10:00,USER0190,REC0398,510.3,Transfer,Hyderabad,Android,QR,0,normal
TXN000342,2026-01-27 04:22:00,USER0717,REC0252,1060.33,Food,Chennai,Android,App,0,normal
TXN003525,2026-01-27 04:29:00,USER0595,REC0234,692.66,Travel,Hyderabad,Android,App,0,normal
TXN005290,2026-01-27 04:40:00,USER0695,REC0208,857.53,Bills,Delhi,iOS,QR,0,normal
TXN004115,2026-01-27 04:45:00,USER0891,REC0384,184.18,Shopping,Hyderabad,iOS,QR,0,normal
TXN001561,2026-01-27 04:50:00,USER0383,REC0425,1171.0,Food,Bengaluru,iOS,QR,0,normal
TXN002583,2026-01-27 05:01:00,USER0902,REC0139,1391.62,Transfer,Bengaluru,Android,QR,0,normal
TXN003042,2026-01-27 05:16:00,USER0969,REC0203,499.09,Transfer,Bengaluru,Android,App,0,normal
TXN004263,2026-01-27 05:36:00,USER0432,REC0039,1161.12,Travel,Delhi,iOS,App,0,normal
TXN005049,2026-01-27 06:18:00,USER0293,REC0141,778.51,Travel,Bengaluru,Android,Collect Request,0,normal
TXN006630,2026-01-27 06:29:00,USER0205,REC0088,187.66,Bills,Mumbai,Android,Collect Request,0,normal
TXN009751,2026-01-27 06:38:00,USER0356,REC0024,734.46,Groceries,Delhi,Android,QR,0,normal
TXN001114,2026-01-27 06:50:00,USER0303,REC0198,180.76,Groceries,Bengaluru,Android,QR,0,normal
TXN004580,2026-01-27 07:23:00,USER0188,REC0170,484.77,Travel,Bengaluru,iOS,App,0,normal
TXN009479,2026-01-27 07:25:00,USER0276,REC0283,714.94,Transfer,Delhi,Android,QR,0,normal
TXN006678,2026-01-27 07:27:00,USER0401,REC0351,634.05,Food,Bengaluru,Android,App,0,normal
TXN007110,2026-01-27 07:43:00,USER0792,REC0464,600.67,Bills,Hyderabad,iOS,QR,0,normal
TXN007180,2026-01-27 08:00:00,USER0638,REC0260,1010.26,Shopping,Hyderabad,Android,App,0,normal
TXN007539,2026-01-27 08:06:00,USER0624,REC0350,397.38,Shopping,Bengaluru,Android,App,0,normal
TXN004617,2026-01-27 08:24:00,USER0773,REC0467,171.17,Shopping,Mumbai,Android,App,0,normal
TXN006022,2026-01-27 08:44:00,USER0966,REC0227,534.74,Travel,Pune,iOS,QR,0,normal
TXN004649,2026-01-27 08:51:00,USER0818,REC0426,886.19,Shopping,Chennai,iOS,App,0,normal
TXN008114,2026-01-27 08:57:00,USER0637,REC0259,1886.12,Food,Pune,iOS,QR,0,normal
TXN007129,2026-01-27 09:33:00,USER0553,REC0146,22577.0,Groceries,Delhi,Android,Collect Request,1,unusually_high_amount
TXN009734,2026-01-27 09:41:00,USER0001,REC0220,290.54,Bills,Delhi,Android,QR,0,normal
TXN000154,2026-01-27 10:09:00,USER0488,REC0279,1380.98,Transfer,Mumbai,Android,QR,0,normal
TXN008165,2026-01-27 10:12:00,USER0854,REC0346,627.81,Bills,Pune,Android,App,0,normal
TXN001451,2026-01-27 10:17:00,USER0775,REC0332,376.35,Bills,Mumbai,Android,QR,0,normal
TXN005100,2026-01-27 10:57:00,USER0008,REC0196,467.94,Travel,Delhi,Android,QR,0,normal
TXN006981,2026-01-27 11:07:00,USER0341,REC0452,570.7,Groceries,Delhi,Android,QR,0,normal
TXN006959,2026-01-27 11:15:00,USER0808,REC0083,1318.2,Food,Chennai,Android,App,0,normal
TXN003437,2026-01-27 11:20:00,USER0526,REC0085,1119.89,Groceries,Pune,Android,QR,0,normal
TXN000271,2026-01-27 12:39:00,USER0973,REC0132,1112.58,Groceries,Pune,iOS,App,0,normal
TXN001646,2026-01-27 12:40:00,USER0721,REC0092,182.89,Transfer,Pune,Android,App,0,normal
TXN001820,2026-01-27 12:42:00,USER0134,REC0465,232.77,Travel,Chennai,Android,QR,0,normal
TXN004397,2026-01-27 12:57:00,USER0255,REC0283,1001.56,Groceries,Delhi,Android,QR,0,normal
TXN003592,2026-01-27 13:14:00,USER0556,REC0369,151.32,Groceries,Hyderabad,Android,App,0,normal
TXN008202,2026-01-27 13:17:00,USER0315,REC0047,309.85,Transfer,Delhi,Android,App,0,normal
TXN008348,2026-01-27 13:19:00,USER0161,REC0279,517.35,Shopping,Delhi,Android,App,0,normal
TXN002255,2026-01-27 13:22:00,USER0971,REC0003,1871.77,Groceries,Mumbai,iOS,App,0,normal
TXN006457,2026-01-27 13:40:00,USER0022,REC0022,931.34,Transfer,Pune,Android,Collect Request,0,normal
TXN009651,2026-01-27 13:42:00,USER0467,REC0183,578.41,Food,Bengaluru,Android,App,0,normal
TXN007900,2026-01-27 13:54:00,USER0158,REC0223,1275.43,Bills,Chennai,iOS,App,0,normal
TXN000796,2026-01-27 13:58:00,USER0326,REC0199,435.67,Travel,Mumbai,Android,App,0,normal
TXN005190,2026-01-27 14:02:00,USER0617,REC0317,563.42,Food,Delhi,Android,App,0,normal
TXN004771,2026-01-27 14:15:00,USER0232,REC0251,218.26,Bills,Bengaluru,iOS,App,0,normal
TXN006913,2026-01-27 14:27:00,USER0316,REC0237,1136.6,Transfer,Hyderabad,Android,Collect Request,0,normal
TXN004939,2026-01-27 15:07:00,USER0276,REC0379,1517.0,Groceries,Bengaluru,Android,QR,0,normal
TXN001862,2026-01-27 15:25:00,USER0993,REC0129,506.51,Transfer,Hyderabad,Android,App,0,normal
TXN006299,2026-01-27 15:38:00,USER0896,REC0228,456.72,Food,Pune,Android,QR,0,normal
TXN001907,2026-01-27 15:40:00,USER0833,REC0261,875.81,Shopping,Mumbai,iOS,App,0,normal
TXN007346,2026-01-27 15:54:00,USER0986,REC0105,1468.22,Food,Chennai,Android,App,0,normal
TXN003178,2026-01-27 16:00:00,USER0864,REC0057,1265.5,Transfer,Delhi,Android,QR,0,normal
TXN006493,2026-01-27 16:06:00,USER0484,REC0082,1024.74,Groceries,Hyderabad,Android,QR,0,normal
TXN001338,2026-01-27 16:08:00,USER0658,REC0090,376.05,Food,Mumbai,Android,App,0,normal
TXN008878,2026-01-27 16:11:00,USER0518,REC0186,222.03,Shopping,Mumbai,Android,QR,0,normal
TXN001581,2026-01-27 16:19:00,USER0759,REC0004,519.22,Food,Mumbai,Android,App,0,normal
TXN000419,2026-01-27 16:30:00,USER0744,REC0029,905.09,Shopping,Hyderabad,Android,QR,0,normal
TXN004482,2026-01-27 17:14:00,USER0570,REC0337,314.01,Groceries,Pune,Android,Collect Request,0,normal
TXN000638,2026-01-27 17:15:00,USER0407,REC0488,92.37,Groceries,Pune,Android,App,0,normal
TXN009412,2026-01-27 17:23:00,USER0128,REC0014,489.15,Food,Hyderabad,Android,QR,0,normal
TXN002273,2026-01-27 17:28:00,USER0274,REC0347,1025.08,Transfer,Bengaluru,Android,App,0,normal
TXN006759,2026-01-27 17:46:00,USER0389,REC0215,303.91,Shopping,Mumbai,Android,QR,0,normal
TXN006341,2026-01-27 18:10:00,USER0836,REC0395,319.81,Transfer,Hyderabad,Android,QR,0,normal
TXN007302,2026-01-27 18:13:00,USER0323,REC0399,418.64,Food,Mumbai,Android,App,0,normal
TXN008173,2026-01-27 18:24:00,USER0548,REC0375,545.81,Bills,Hyderabad,iOS,App,0,normal
TXN004816,2026-01-27 18:24:00,USER0576,REC0104,90.89,Food,Chennai,Android,App,0,normal
TXN001239,2026-01-27 19:11:00,USER0980,REC0005,881.55,Transfer,Delhi,Android,Collect Request,0,normal
TXN003475,2026-01-27 19:33:00,USER0917,REC0056,944.08,Transfer,Hyderabad,Android,App,0,normal
TXN006525,2026-01-27 19:34:00,USER0751,REC0430,697.71,Food,Bengaluru,Android,App,0,normal
TXN007357,2026-01-27 19:35:00,USER0816,REC0123,2275.02,Bills,Mumbai,Android,App,0,normal
TXN007071,2026-01-27 20:03:00,USER0635,REC0004,430.68,Food,Mumbai,iOS,QR,0,normal
TXN009036,2026-01-27 20:51:00,USER0361,REC0022,170.8,Food,Chennai,Android,QR,0,normal
TXN000971,2026-01-27 21:07:00,USER0261,REC0440,1445.32,Food,Pune,iOS,Collect Request,0,normal
TXN005464,2026-01-27 21:19:00,USER0439,REC0050,786.8,Shopping,Chennai,Android,App,0,normal
TXN000353,2026-01-27 21:24:00,USER0247,REC0204,513.57,Travel,Mumbai,Android,QR,0,normal
TXN001316,2026-01-27 21:43:00,USER0800,REC0380,383.32,Bills,Chennai,iOS,App,0,normal
TXN008599,2026-01-27 21:55:00,USER0510,REC0061,368.88,Shopping,Bengaluru,Android,App,0,normal
TXN004590,2026-01-27 22:06:00,USER0647,REC0328,230.24,Travel,Bengaluru,Android,QR,0,normal
TXN008765,2026-01-27 22:12:00,USER0971,REC0378,414.83,Bills,Mumbai,Android,App,0,normal
TXN009664,2026-01-27 22:38:00,USER0225,REC0283,2143.56,Food,Bengaluru,Android,QR,0,normal
TXN004511,2026-01-27 22:39:00,USER0612,REC0209,1606.65,Food,Pune,Android,App,0,normal
TXN001400,2026-01-27 22:40:00,USER0054,REC0424,357.64,Groceries,Bengaluru,iOS,App,0,normal
TXN007394,2026-01-27 22:43:00,USER0150,REC0081,563.16,Food,Bengaluru,Android,App,0,normal
TXN006830,2026-01-27 22:56:00,USER0089,REC0118,412.1,Shopping,Chennai,Android,QR,0,normal
TXN005543,2026-01-27 22:59:00,USER0247,REC0070,699.78,Groceries,Hyderabad,Android,App,0,normal
TXN006711,2026-01-27 23:04:00,USER0642,REC0090,520.22,Food,Bengaluru,Android,App,0,normal
TXN001403,2026-01-27 23:20:00,USER0045,REC0392,821.78,Groceries,Pune,Android,Collect Request,0,normal
TXN005233,2026-01-27 23:28:00,USER0341,REC0056,807.13,Transfer,Chennai,Android,QR,0,normal
TXN005737,2026-01-27 23:31:00,USER0843,REC0214,176.52,Travel,Chennai,Android,App,0,normal
TXN006488,2026-01-27 23:50:00,USER0365,REC0079,665.82,Food,Bengaluru,Android,QR,0,normal
TXN000263,2026-01-27 23:59:00,USER0931,REC0386,229.7,Groceries,Chennai,Android,App,0,normal
TXN002833,2026-01-28 00:26:00,USER0096,REC0321,878.95,Bills,Bengaluru,Android,App,0,normal
TXN003844,2026-01-28 00:35:00,USER0792,REC0350,849.08,Transfer,Delhi,Android,QR,0,normal
TXN009032,2026-01-28 00:41:00,USER0933,REC0304,537.01,Shopping,Chennai,Android,App,0,normal
TXN005425,2026-01-28 01:32:00,USER0729,REC0437,665.04,Groceries,Pune,Android,App,0,normal
TXN006305,2026-01-28 01:40:00,USER0686,REC0222,372.3,Food,Delhi,iOS,App,0,normal
TXN004699,2026-01-28 01:47:00,USER0320,REC0499,4754.59,Bills,Chennai,Android,QR,0,normal
TXN008345,2026-01-28 01:58:00,USER0417,REC0429,604.14,Shopping,Chennai,Android,Collect Request,0,normal
TXN000442,2026-01-28 02:02:00,USER0103,REC0402,279.91,Bills,Mumbai,Android,App,0,normal
TXN002467,2026-01-28 02:30:00,USER0820,REC0488,1154.83,Groceries,Hyderabad,iOS,QR,0,normal
TXN006936,2026-01-28 02:42:00,USER0504,REC0369,794.27,Travel,Bengaluru,Android,App,0,normal
TXN003430,2026-01-28 02:51:00,USER0627,REC0422,520.28,Shopping,Bengaluru,Android,QR,0,normal
TXN000928,2026-01-28 02:54:00,USER0740,REC0353,282.47,Groceries,Bengaluru,Android,QR,0,normal
TXN008009,2026-01-28 02:55:00,USER0662,REC0117,1016.47,Transfer,Bengaluru,Android,QR,0,normal
TXN004158,2026-01-28 03:01:00,USER0116,REC0064,271.28,Bills,Hyderabad,Android,App,0,normal
TXN009692,2026-01-28 03:09:00,USER0554,REC0084,783.07,Groceries,Hyderabad,Android,App,0,normal
TXN001601,2026-01-28 03:14:00,USER0891,REC0028,1191.56,Groceries,Delhi,Android,QR,0,normal
TXN000190,2026-01-28 03:15:00,USER0995,REC0435,540.01,Food,Mumbai,Android,QR,0,normal
TXN001823,2026-01-28 03:30:00,USER0568,REC0202,163.69,Groceries,Mumbai,Android,QR,0,normal
TXN006077,2026-01-28 03:31:00,USER0941,REC0420,976.77,Transfer,Bengaluru,Android,App,0,normal
TXN002997,2026-01-28 03:34:00,USER0184,REC0138,876.77,Shopping,Pune,Android,App,0,normal
TXN002776,2026-01-28 03:48:00,USER0129,REC0354,642.65,Shopping,Mumbai,Android,QR,0,normal
TXN006499,2026-01-28 03:49:00,USER0038,REC0277,430.6,Travel,Delhi,Android,QR,0,normal
TXN008880,2026-01-28 03:51:00,USER0178,REC0354,617.35,Bills,Hyderabad,Android,Collect Request,0,normal
TXN006222,2026-01-28 03:52:00,USER0296,REC0208,789.0,Food,Mumbai,Android,App,0,normal
TXN005341,2026-01-28 03:52:00,USER0532,REC0396,717.05,Food,Bengaluru,Android,QR,0,normal
TXN001367,2026-01-28 03:54:00,USER0748,REC0443,204.97,Shopping,Chennai,Android,App,0,normal
TXN005483,2026-01-28 03:55:00,USER0783,REC0439,490.96,Groceries,Bengaluru,iOS,QR,0,normal
TXN000802,2026-01-28 04:09:00,USER0682,REC0464,191.39,Travel,Hyderabad,Android,App,0,normal
TXN009959,2026-01-28 04:21:00,USER0791,REC0223,152.95,Travel,Pune,Android,QR,0,normal
TXN001476,2026-01-28 04:28:00,USER0669,REC0196,105.94,Food,Mumbai,Android,App,0,normal
TXN000307,2026-01-28 04:42:00,USER0651,REC0077,219.57,Groceries,Bengaluru,Android,App,0,normal
TXN002052,2026-01-28 05:21:00,USER0872,REC0358,188.72,Bills,Mumbai,Android,QR,0,normal
TXN006167,2026-01-28 05:26:00,USER0649,REC0377,2848.11,Bills,Bengaluru,Android,App,0,normal
TXN005221,2026-01-28 05:44:00,USER0428,REC0271,1190.32,Travel,Chennai,Android,Collect Request,0,normal
TXN002021,2026-01-28 06:15:00,USER0387,REC0307,1823.29,Travel,Delhi,Android,QR,0,normal
TXN003106,2026-01-28 06:24:00,USER0840,REC0289,2782.43,Food,Pune,Android,App,0,normal
TXN003742,2026-01-28 06:54:00,USER0681,REC0020,456.79,Groceries,Pune,Android,App,0,normal
TXN008774,2026-01-28 07:01:00,USER0887,REC0268,148.45,Shopping,Pune,iOS,App,0,normal
TXN004375,2026-01-28 07:11:00,USER0642,REC0247,816.79,Food,Hyderabad,Android,App,0,normal
TXN006282,2026-01-28 07:12:00,USER0283,REC0351,143.33,Travel,Chennai,Android,App,0,normal
TXN009142,2026-01-28 07:26:00,USER0121,REC0490,309.96,Transfer,Delhi,Android,App,0,normal
TXN004177,2026-01-28 07:29:00,USER0117,REC0056,354.35,Groceries,Pune,Android,QR,0,normal
TXN007080,2026-01-28 07:44:00,USER0258,REC0451,611.82,Travel,Hyderabad,Android,App,0,normal
TXN003899,2026-01-28 07:49:00,USER0837,REC0254,211.42,Food,Bengaluru,Android,Collect Request,0,normal
TXN009224,2026-01-28 07:52:00,USER0695,REC0164,254.27,Groceries,Chennai,Android,QR,0,normal
TXN002708,2026-01-28 08:12:00,USER0434,REC0074,288.33,Food,Pune,Android,App,0,normal
TXN000136,2026-01-28 08:31:00,USER0358,REC0481,404.72,Travel,Bengaluru,iOS,App,0,normal
TXN001838,2026-01-28 09:38:00,USER0869,REC0402,1214.13,Bills,Pune,iOS,App,0,normal
TXN007271,2026-01-28 10:01:00,USER0072,REC0245,879.28,Groceries,Chennai,Android,App,0,normal
TXN000952,2026-01-28 10:09:00,USER0129,REC0034,184.41,Bills,Delhi,Android,QR,0,normal
TXN007832,2026-01-28 10:36:00,USER0264,REC0315,776.38,Groceries,Mumbai,Android,QR,0,normal
TXN008842,2026-01-28 10:42:00,USER0056,REC0462,1199.27,Groceries,Bengaluru,Android,QR,0,normal
TXN001155,2026-01-28 10:45:00,USER0597,REC0197,763.48,Travel,Pune,Android,App,0,normal
TXN002089,2026-01-28 10:52:00,USER0783,REC0456,273.94,Bills,Delhi,iOS,App,0,normal
TXN002187,2026-01-28 11:37:00,USER0133,REC0481,798.15,Transfer,Chennai,Android,App,0,normal
TXN004746,2026-01-28 11:50:00,USER0537,REC0077,259.77,Groceries,Hyderabad,Android,Collect Request,0,normal
TXN006975,2026-01-28 12:02:00,USER0770,REC0475,451.41,Bills,Pune,iOS,App,0,normal
TXN002595,2026-01-28 12:16:00,USER0935,REC0350,1052.18,Food,Hyderabad,iOS,App,0,normal
TXN003342,2026-01-28 12:31:00,USER0368,REC0221,197.53,Groceries,Delhi,Android,QR,0,normal
TXN008208,2026-01-28 12:36:00,USER0717,REC0496,693.76,Transfer,Pune,Android,QR,0,normal
TXN000226,2026-01-28 12:51:00,USER0754,REC0164,358.12,Groceries,Bengaluru,Android,QR,0,normal
TXN001391,2026-01-28 12:58:00,USER0006,REC0311,363.73,Groceries,Mumbai,Android,App,0,normal
TXN004039,2026-01-28 13:14:00,USER0035,REC0467,316.61,Travel,Pune,Android,QR,0,normal
TXN004789,2026-01-28 13:14:00,USER0888,REC0246,239.58,Food,Bengaluru,Android,App,0,normal
TXN001105,2026-01-28 13:42:00,USER0331,REC0108,739.03,Groceries,Hyderabad,Android,App,0,normal
TXN009344,2026-01-28 13:59:00,USER0967,REC0098,705.45,Transfer,Pune,Android,App,0,normal
TXN007140,2026-01-28 14:37:00,USER0795,REC0436,279.7,Transfer,Chennai,Android,App,0,normal
TXN004667,2026-01-28 15:10:00,USER0287,REC0077,325.59,Groceries,Delhi,iOS,App,0,normal
TXN007146,2026-01-28 15:13:00,USER0803,REC0480,667.34,Groceries,Delhi,Android,App,0,normal
TXN009970,2026-01-28 15:33:00,USER0608,REC0431,143.96,Shopping,Bengaluru,Android,App,0,normal
TXN004495,2026-01-28 15:39:00,USER0008,REC0265,1265.32,Food,Mumbai,iOS,App,0,normal
TXN008443,2026-01-28 15:57:00,USER0883,REC0268,603.15,Groceries,Pune,Android,QR,0,normal
TXN003549,2026-01-28 16:16:00,USER0054,REC0244,913.34,Bills,Hyderabad,Android,QR,0,normal
TXN001186,2026-01-28 16:16:00,USER0585,REC0309,770.7,Shopping,Chennai,Android,App,0,normal
TXN009153,2026-01-28 16:26:00,USER0604,REC0186,668.27,Transfer,Delhi,Android,App,0,normal
TXN004588,2026-01-28 16:28:00,USER0145,REC0315,1208.02,Food,Mumbai,Android,QR,0,normal
TXN003584,2026-01-28 16:33:00,USER0328,REC0313,386.19,Travel,Delhi,iOS,QR,0,normal
TXN002127,2026-01-28 16:39:00,USER0925,REC0278,161.6,Groceries,Mumbai,iOS,App,0,normal
TXN004447,2026-01-28 16:41:00,USER0794,REC0031,334.69,Shopping,Mumbai,iOS,App,0,normal
TXN001779,2026-01-28 16:50:00,USER0961,REC0384,437.69,Food,Pune,Android,QR,0,normal
TXN005455,2026-01-28 16:55:00,USER0373,REC0070,449.37,Groceries,Bengaluru,Android,QR,0,normal
TXN002309,2026-01-28 16:59:00,USER0844,REC0410,764.33,Food,Pune,Android,App,0,normal
TXN003697,2026-01-28 17:25:00,USER0582,REC0108,560.84,Groceries,Hyderabad,Android,App,0,normal
TXN008862,2026-01-28 17:33:00,USER0497,REC0170,1483.06,Transfer,Hyderabad,Android,QR,0,normal
TXN003062,2026-01-28 17:59:00,USER0275,REC0289,254.06,Bills,Pune,iOS,App,0,normal
TXN008917,2026-01-28 18:06:00,USER0773,REC0453,1616.3,Bills,Bengaluru,iOS,Collect Request,0,normal
TXN004290,2026-01-28 18:16:00,USER0852,REC0195,975.96,Bills,Pune,iOS,Collect Request,0,normal
TXN009562,2026-01-28 18:36:00,USER0182,REC0279,435.4,Transfer,Chennai,Android,App,0,normal
TXN000239,2026-01-28 18:43:00,USER0408,REC0222,378.57,Groceries,Chennai,Android,App,0,normal
TXN003373,2026-01-28 18:44:00,USER0028,REC0482,489.07,Travel,Pune,Android,QR,0,normal
TXN006516,2026-01-28 18:53:00,USER0250,REC0349,1008.51,Groceries,Bengaluru,Android,QR,0,normal
TXN005767,2026-01-28 19:12:00,USER0738,REC0232,286.25,Food,Hyderabad,Android,App,0,normal
TXN002355,2026-01-28 19:47:00,USER0592,REC0416,596.77,Groceries,Delhi,Android,QR,0,normal
TXN007306,2026-01-28 19:58:00,USER0980,REC0085,255.49,Bills,Bengaluru,iOS,QR,0,normal
TXN005349,2026-01-28 20:04:00,USER0349,REC0497,841.12,Shopping,Chennai,Android,QR,0,normal
TXN004569,2026-01-28 20:21:00,USER0147,REC0304,666.42,Food,Delhi,iOS,QR,0,normal
TXN008877,2026-01-28 20:38:00,USER0274,REC0452,269.83,Groceries,Mumbai,Android,QR,0,normal
TXN007498,2026-01-28 20:40:00,USER0779,REC0085,645.09,Groceries,Pune,Android,App,0,normal
TXN008168,2026-01-28 20:50:00,USER0208,REC0189,1510.65,Groceries,Hyderabad,Android,App,0,normal
TXN006403,2026-01-28 20:57:00,USER0152,REC0074,363.39,Food,Delhi,Android,Collect Request,0,normal
TXN000333,2026-01-28 21:30:00,USER0502,REC0419,158.18,Bills,Bengaluru,Android,QR,0,normal
TXN009298,2026-01-28 21:36:00,USER0201,REC0447,720.25,Transfer,Mumbai,Android,QR,0,normal
TXN007631,2026-01-28 21:36:00,USER0353,REC0398,487.82,Food,Chennai,Android,QR,0,normal
TXN003987,2026-01-28 21:51:00,USER0252,REC0334,716.38,Shopping,Chennai,iOS,App,0,normal
TXN000400,2026-01-28 22:17:00,USER0543,REC0405,1619.95,Shopping,Hyderabad,Android,QR,0,normal
TXN000526,2026-01-28 22:19:00,USER0155,REC0034,372.56,Shopping,Bengaluru,Android,Collect Request,0,normal
TXN006938,2026-01-28 22:22:00,USER0523,REC0074,1150.8,Shopping,Hyderabad,Android,QR,0,normal
TXN003503,2026-01-28 22:34:00,USER0437,REC0015,706.8,Food,Hyderabad,iOS,App,0,normal
TXN002808,2026-01-28 23:00:00,USER0525,REC0087,860.29,Shopping,Hyderabad,Android,App,0,normal
TXN008115,2026-01-28 23:02:00,USER0204,REC0177,1118.92,Transfer,Mumbai,Android,App,0,normal
TXN009966,2026-01-28 23:11:00,USER0987,REC0465,772.94,Groceries,Mumbai,iOS,QR,0,normal
TXN001060,2026-01-28 23:40:00,USER0811,REC0255,622.2,Food,Pune,Android,App,0,normal
TXN002781,2026-01-28 23:40:00,USER0419,REC0382,585.99,Transfer,Delhi,iOS,App,0,normal
TXN007197,2026-01-28 23:47:00,USER0659,REC0220,291.01,Food,Chennai,Android,App,0,normal
TXN005415,2026-01-28 23:52:00,USER0664,REC0214,1642.36,Bills,Delhi,Android,QR,0,normal
TXN007794,2026-01-28 23:53:00,USER0239,REC0195,397.72,Transfer,Hyderabad,Android,App,0,normal
TXN008495,2026-01-29 00:41:00,USER0950,REC0050,798.72,Food,Delhi,Android,QR,0,normal
TXN005227,2026-01-29 00:48:00,USER0383,REC0378,2447.58,Transfer,Bengaluru,Android,App,0,normal
TXN005705,2026-01-29 01:36:00,USER0186,REC0496,430.97,Food,Mumbai,iOS,QR,0,normal
TXN006320,2026-01-29 02:08:00,USER0345,REC0018,1059.13,Food,Pune,iOS,App,0,normal
TXN003942,2026-01-29 02:22:00,USER0774,REC0388,214.56,Travel,Mumbai,iOS,QR,0,normal
TXN000088,2026-01-29 02:42:00,USER0398,REC0330,746.73,Bills,Pune,Android,App,0,normal
TXN007606,2026-01-29 02:45:00,USER0128,REC0058,117.8,Food,Delhi,Android,App,0,normal
TXN001462,2026-01-29 03:09:00,USER0276,REC0260,558.87,Shopping,Pune,Android,QR,0,normal
TXN004665,2026-01-29 03:10:00,USER0433,REC0177,830.41,Bills,Pune,Android,App,0,normal
TXN006543,2026-01-29 03:20:00,USER0387,REC0300,338.46,Shopping,Delhi,iOS,QR,0,normal
TXN001821,2026-01-29 03:24:00,USER0720,REC0132,319.55,Transfer,Chennai,Android,QR,0,normal
TXN000749,2026-01-29 04:07:00,USER0069,REC0148,1526.97,Shopping,Bengaluru,iOS,App,0,normal
TXN006640,2026-01-29 04:12:00,USER0429,REC0021,996.52,Bills,Hyderabad,Android,QR,1,late_night_payment
TXN004603,2026-01-29 04:21:00,USER0752,REC0312,21621.36,Shopping,Bengaluru,iOS,QR,1,unusually_high_amount
TXN008074,2026-01-29 04:46:00,USER0901,REC0456,724.53,Groceries,Hyderabad,Android,QR,0,normal
TXN008209,2026-01-29 05:18:00,USER0574,REC0253,704.25,Food,Chennai,iOS,App,0,normal
TXN007527,2026-01-29 05:31:00,USER0153,REC0201,455.72,Shopping,Delhi,Android,QR,0,normal
TXN000447,2026-01-29 05:40:00,USER0435,REC0415,729.1,Shopping,Delhi,Android,App,0,normal
TXN003098,2026-01-29 05:54:00,USER0722,REC0139,784.62,Food,Delhi,Android,App,0,normal
TXN008716,2026-01-29 05:59:00,USER0649,REC0483,1605.81,Food,Pune,iOS,App,0,normal
TXN001034,2026-01-29 06:00:00,USER0177,REC0031,220.05,Food,Hyderabad,Android,QR,0,normal
TXN006050,2026-01-29 06:34:00,USER0245,REC0054,2218.64,Food,Delhi,Android,App,0,normal
TXN005569,2026-01-29 06:48:00,USER0256,REC0497,436.71,Food,Pune,iOS,QR,0,normal
TXN003164,2026-01-29 06:59:00,USER0602,REC0382,1004.62,Bills,Chennai,Android,QR,0,normal
TXN000748,2026-01-29 07:11:00,USER0598,REC0123,811.53,Food,Delhi,Android,Collect Request,0,normal
TXN001014,2026-01-29 07:12:00,USER0169,REC0292,1077.93,Transfer,Mumbai,Android,QR,0,normal
TXN004425,2026-01-29 07:16:00,USER0942,REC0032,502.38,Travel,Hyderabad,Android,QR,0,normal
TXN004274,2026-01-29 07:29:00,USER0136,REC0241,670.88,Food,Mumbai,Android,App,0,normal
TXN006095,2026-01-29 07:33:00,USER0234,REC0019,222.09,Groceries,Pune,iOS,App,0,normal
TXN005765,2026-01-29 07:36:00,USER0103,REC0153,991.57,Groceries,Bengaluru,Android,App,0,normal
TXN008884,2026-01-29 07:43:00,USER0949,REC0323,316.85,Food,Pune,Android,App,0,normal
TXN006730,2026-01-29 07:45:00,USER0554,REC0190,636.4,Groceries,Delhi,Android,App,0,normal
TXN008221,2026-01-29 07:46:00,USER0681,REC0425,487.58,Food,Pune,Android,App,0,normal
TXN004440,2026-01-29 07:47:00,USER0196,REC0346,541.96,Transfer,Mumbai,Android,App,0,normal
TXN002434,2026-01-29 07:51:00,USER0534,REC0444,630.49,Bills,Delhi,iOS,QR,0,normal
TXN008046,2026-01-29 08:08:00,USER0909,REC0356,340.65,Food,Delhi,Android,QR,0,normal
TXN007851,2026-01-29 08:11:00,USER0619,REC0007,638.16,Bills,Pune,Android,App,0,normal
TXN005321,2026-01-29 08:16:00,USER0779,REC0103,2637.96,Bills,Delhi,Android,QR,0,normal
TXN002867,2026-01-29 08:52:00,USER0594,REC0076,557.41,Transfer,Pune,Android,App,0,normal
TXN000799,2026-01-29 09:14:00,USER0097,REC0351,805.14,Food,Bengaluru,Android,QR,0,normal
TXN007922,2026-01-29 09:33:00,USER0244,REC0465,663.08,Bills,Pune,Android,App,0,normal
TXN006881,2026-01-29 09:37:00,USER0717,REC0072,609.25,Food,Pune,Android,App,0,normal
TXN000309,2026-01-29 09:53:00,USER0102,REC0222,235.86,Shopping,Hyderabad,Android,App,0,normal
TXN005528,2026-01-29 10:03:00,USER0282,REC0360,900.51,Groceries,Pune,Android,QR,0,normal
TXN009590,2026-01-29 10:11:00,USER0192,REC0208,39139.07,Shopping,Pune,Android,QR,1,unusually_high_amount
TXN000368,2026-01-29 10:24:00,USER0674,REC0025,739.3,Bills,Chennai,iOS,App,0,normal
TXN002167,2026-01-29 10:39:00,USER0662,REC0319,1295.49,Shopping,Pune,Android,App,0,normal
TXN000988,2026-01-29 11:01:00,USER0324,REC0220,646.39,Shopping,Hyderabad,iOS,QR,0,normal
TXN005081,2026-01-29 11:06:00,USER0462,REC0095,401.9,Food,Chennai,Android,App,0,normal
TXN006172,2026-01-29 11:09:00,USER0819,REC0365,335.76,Groceries,Hyderabad,iOS,App,0,normal
TXN003790,2026-01-29 11:20:00,USER0155,REC0017,804.18,Food,Mumbai,iOS,App,0,normal
TXN009607,2026-01-29 11:20:00,USER0057,REC0095,665.65,Travel,Bengaluru,Android,App,0,normal
TXN009462,2026-01-29 11:33:00,USER0299,REC0373,1208.31,Groceries,Mumbai,iOS,App,0,normal
TXN001177,2026-01-29 11:34:00,USER0575,REC0321,278.11,Transfer,Delhi,Android,App,0,normal
TXN004377,2026-01-29 11:42:00,USER0303,REC0071,172.86,Food,Mumbai,Android,App,0,normal
TXN008327,2026-01-29 11:49:00,USER0992,REC0267,1600.73,Groceries,Hyderabad,Android,App,0,normal
TXN006141,2026-01-29 12:04:00,USER0029,REC0005,470.66,Shopping,Delhi,Android,App,0,normal
TXN008111,2026-01-29 12:07:00,USER0367,REC0092,551.46,Travel,Mumbai,Android,QR,0,normal
TXN000968,2026-01-29 12:48:00,USER0367,REC0323,361.67,Travel,Delhi,Android,QR,0,normal
TXN009946,2026-01-29 12:48:00,USER0985,REC0217,214.42,Bills,Delhi,Android,App,0,normal
TXN009064,2026-01-29 12:58:00,USER0640,REC0049,2299.39,Bills,Delhi,Android,App,0,normal
TXN005031,2026-01-29 13:01:00,USER0780,REC0242,123.73,Shopping,Mumbai,Android,App,0,normal
TXN000338,2026-01-29 13:01:00,USER0125,REC0447,678.33,Groceries,Mumbai,Android,QR,0,normal
TXN001604,2026-01-29 13:03:00,USER0606,REC0125,1250.82,Food,Bengaluru,Android,App,0,normal
TXN006023,2026-01-29 13:42:00,USER0557,REC0477,403.57,Food,Hyderabad,Android,QR,0,normal
TXN004001,2026-01-29 13:46:00,USER0400,REC0461,272.1,Food,Mumbai,Android,App,0,normal
TXN001586,2026-01-29 14:05:00,USER0133,REC0262,363.47,Groceries,Hyderabad,Android,QR,0,normal
TXN007310,2026-01-29 14:08:00,USER0344,REC0167,2169.5,Shopping,Delhi,iOS,App,0,normal
TXN005726,2026-01-29 14:16:00,USER0128,REC0121,1848.19,Travel,Delhi,Android,QR,0,normal
TXN008607,2026-01-29 14:28:00,USER0844,REC0293,1213.19,Shopping,Bengaluru,iOS,QR,0,normal
TXN008238,2026-01-29 14:50:00,USER0619,REC0342,212.64,Shopping,Mumbai,Android,QR,0,normal
TXN000554,2026-01-29 14:51:00,USER0578,REC0373,550.65,Shopping,Pune,iOS,QR,0,normal
TXN006722,2026-01-29 15:01:00,USER0172,REC0085,1212.47,Food,Pune,Android,QR,0,normal
TXN008231,2026-01-29 15:11:00,USER0405,REC0047,464.96,Bills,Chennai,Android,Collect Request,0,normal
TXN009991,2026-01-29 15:23:00,USER0962,REC0020,652.61,Shopping,Mumbai,Android,QR,0,normal
TXN009936,2026-01-29 15:25:00,USER0621,REC0177,626.83,Groceries,Pune,Android,QR,0,normal
TXN002272,2026-01-29 15:35:00,USER0247,REC0465,533.01,Food,Chennai,Android,App,0,normal
TXN001576,2026-01-29 15:44:00,USER0815,REC0069,1774.51,Groceries,Hyderabad,Android,QR,0,normal
TXN000525,2026-01-29 16:26:00,USER0402,REC0058,554.12,Travel,Hyderabad,iOS,App,0,normal
TXN009574,2026-01-29 16:49:00,USER0215,REC0432,843.9,Bills,Pune,Android,Collect Request,0,normal
TXN001439,2026-01-29 16:55:00,USER0975,REC0194,140.38,Food,Bengaluru,Android,App,0,normal
TXN001527,2026-01-29 17:04:00,USER0344,REC0458,473.62,Groceries,Bengaluru,iOS,QR,0,normal
TXN001756,2026-01-29 17:19:00,USER0177,REC0249,249.65,Groceries,Bengaluru,iOS,QR,0,normal
TXN002016,2026-01-29 17:22:00,USER0855,REC0324,1205.62,Groceries,Bengaluru,Android,QR,0,normal
TXN006604,2026-01-29 17:24:00,USER0394,REC0447,482.08,Groceries,Bengaluru,Android,QR,0,normal
TXN009707,2026-01-29 17:59:00,USER0753,REC0405,1348.55,Groceries,Bengaluru,Android,App,0,normal
TXN001435,2026-01-29 18:00:00,USER0225,REC0320,1473.94,Shopping,Chennai,Android,Collect Request,0,normal
TXN006129,2026-01-29 18:11:00,USER0441,REC0474,1199.38,Bills,Hyderabad,Android,App,0,normal
TXN008533,2026-01-29 18:20:00,USER0217,REC0490,489.83,Shopping,Delhi,Android,QR,0,normal
TXN005098,2026-01-29 18:28:00,USER0113,REC0041,313.83,Food,Delhi,Android,App,0,normal
TXN008764,2026-01-29 19:25:00,USER0419,REC0212,137.89,Shopping,Pune,Android,QR,0,normal
TXN004476,2026-01-29 19:32:00,USER0626,REC0123,417.47,Travel,Bengaluru,Android,App,0,normal
TXN003447,2026-01-29 19:40:00,USER0071,REC0122,153.99,Shopping,Chennai,Android,QR,0,normal
TXN002484,2026-01-29 20:03:00,USER0178,REC0040,655.51,Groceries,Bengaluru,Android,App,0,normal
TXN000403,2026-01-29 20:06:00,USER0694,REC0449,194.95,Transfer,Pune,iOS,App,0,normal
TXN005934,2026-01-29 20:10:00,USER0511,REC0292,141.31,Shopping,Delhi,iOS,App,0,normal
TXN002271,2026-01-29 20:11:00,USER0838,REC0115,908.64,Groceries,Hyderabad,Android,App,0,normal
TXN002130,2026-01-29 20:15:00,USER0333,REC0111,710.08,Travel,Mumbai,Android,QR,0,normal
TXN007238,2026-01-29 20:27:00,USER0179,REC0005,622.04,Food,Bengaluru,Android,QR,0,normal
TXN006619,2026-01-29 20:39:00,USER0101,REC0284,353.56,Transfer,Chennai,iOS,App,0,normal
TXN000321,2026-01-29 20:40:00,USER0979,REC0069,353.57,Shopping,Hyderabad,iOS,App,0,normal
TXN000595,2026-01-29 20:42:00,USER0645,REC0430,418.14,Travel,Hyderabad,Android,Collect Request,0,normal
TXN002588,2026-01-29 20:44:00,USER0992,REC0276,627.97,Food,Delhi,Android,QR,0,normal
TXN002928,2026-01-29 20:47:00,USER0267,REC0145,3004.38,Groceries,Mumbai,iOS,QR,0,normal
TXN005708,2026-01-29 21:00:00,USER0484,REC0124,420.4,Food,Bengaluru,Android,Collect Request,0,normal
TXN003756,2026-01-29 21:02:00,USER0329,REC0020,1660.58,Transfer,Delhi,Android,App,0,normal
TXN009857,2026-01-29 21:05:00,USER0214,REC0267,727.83,Travel,Delhi,Android,App,0,normal
TXN007131,2026-01-29 21:29:00,USER0460,REC0478,251.82,Transfer,Pune,Android,App,0,normal
TXN002552,2026-01-29 21:32:00,USER0728,REC0177,991.63,Shopping,Hyderabad,iOS,QR,0,normal
TXN000167,2026-01-29 21:49:00,USER0360,REC0033,519.32,Groceries,Pune,Android,QR,0,normal
TXN006195,2026-01-29 21:57:00,USER0834,REC0333,1006.97,Groceries,Chennai,Android,QR,0,normal
TXN009020,2026-01-29 22:13:00,USER0074,REC0462,931.04,Shopping,Mumbai,Android,QR,0,normal
TXN009757,2026-01-29 22:25:00,USER0524,REC0094,477.14,Groceries,Mumbai,iOS,App,0,normal
TXN001950,2026-01-29 22:30:00,USER0969,REC0305,737.68,Groceries,Bengaluru,Android,Collect Request,0,normal
TXN002292,2026-01-29 22:32:00,USER0651,REC0342,350.27,Bills,Hyderabad,Android,Collect Request,0,normal
TXN005874,2026-01-29 22:37:00,USER0215,REC0162,577.64,Food,Pune,iOS,App,0,normal
TXN008222,2026-01-29 22:42:00,USER0985,REC0485,3554.64,Food,Chennai,Android,App,0,normal
TXN009212,2026-01-29 23:09:00,USER0944,REC0425,501.93,Food,Hyderabad,iOS,App,0,normal
TXN007893,2026-01-29 23:26:00,USER0944,REC0395,804.25,Shopping,Mumbai,Android,QR,0,normal
TXN007354,2026-01-29 23:35:00,USER0778,REC0246,1044.27,Bills,Hyderabad,Android,App,0,normal
TXN006480,2026-01-29 23:41:00,USER0373,REC0058,160.51,Travel,Delhi,Android,App,0,normal
TXN008653,2026-01-29 23:47:00,USER0467,REC0062,825.69,Groceries,Delhi,Android,QR,0,normal
TXN002152,2026-01-29 23:59:00,USER0524,REC0158,177.33,Food,Pune,Android,QR,0,normal
TXN007150,2026-01-30 00:12:00,USER0951,REC0271,253.35,Bills,Bengaluru,Android,App,0,normal
TXN006876,2026-01-30 00:15:00,USER0799,REC0151,1059.16,Bills,Delhi,Android,App,0,normal
TXN009521,2026-01-30 00:18:00,USER0507,REC0450,322.28,Travel,Mumbai,iOS,QR,0,normal
TXN003735,2026-01-30 00:27:00,USER0697,REC0372,539.75,Food,Pune,Android,App,0,normal
TXN004868,2026-01-30 00:31:00,USER0135,REC0488,303.66,Food,Pune,Android,App,0,normal
TXN001504,2026-01-30 00:34:00,USER0383,REC0133,487.22,Shopping,Delhi,Android,App,0,normal
TXN001404,2026-01-30 00:35:00,USER0098,REC0204,336.04,Bills,Mumbai,Android,App,0,normal
TXN009781,2026-01-30 01:14:00,USER0156,REC0474,1003.72,Food,Hyderabad,Android,App,0,normal
TXN000607,2026-01-30 01:51:00,USER0529,REC0462,116.54,Bills,Pune,Android,App,0,normal
TXN008665,2026-01-30 01:52:00,USER0979,REC0430,653.16,Groceries,Hyderabad,Android,App,0,normal
TXN005131,2026-01-30 01:56:00,USER0982,REC0266,1339.89,Groceries,Hyderabad,Android,App,0,normal
TXN009230,2026-01-30 01:57:00,USER0052,REC0409,450.98,Groceries,Mumbai,Android,QR,0,normal
TXN008192,2026-01-30 02:07:00,USER0600,REC0191,414.32,Groceries,Delhi,Android,App,0,normal
TXN004410,2026-01-30 02:15:00,USER0607,REC0260,548.19,Shopping,Pune,iOS,Collect Request,0,normal
TXN003607,2026-01-30 02:31:00,USER0846,REC0461,307.63,Transfer,Bengaluru,Android,App,1,late_night_payment
TXN007988,2026-01-30 02:55:00,USER0366,REC0182,633.54,Travel,Mumbai,Android,App,0,normal
TXN004051,2026-01-30 03:14:00,USER0213,REC0268,1133.51,Bills,Mumbai,Android,QR,0,normal
TXN002283,2026-01-30 03:17:00,USER0754,REC0052,548.11,Food,Chennai,Android,Collect Request,0,normal
TXN006558,2026-01-30 03:27:00,USER0926,REC0156,193.25,Groceries,Hyderabad,iOS,App,0,normal
TXN004110,2026-01-30 03:37:00,USER0126,REC0462,1869.14,Groceries,Mumbai,Android,Collect Request,0,normal
TXN002526,2026-01-30 03:42:00,USER0055,REC0272,863.65,Transfer,Delhi,Android,QR,0,normal
TXN009830,2026-01-30 03:47:00,USER0327,REC0016,992.99,Transfer,Chennai,Android,QR,0,normal
TXN007887,2026-01-30 03:57:00,USER0265,REC0260,808.24,Groceries,Mumbai,Android,App,0,normal
TXN007732,2026-01-30 04:06:00,USER0473,REC0063,575.56,Shopping,Chennai,Android,Collect Request,0,normal
TXN008039,2026-01-30 04:21:00,USER0873,REC0130,187.07,Food,Mumbai,iOS,App,0,normal
TXN005894,2026-01-30 04:42:00,USER0933,REC0134,179.44,Shopping,Bengaluru,iOS,App,0,normal
TXN004075,2026-01-30 05:11:00,USER0807,REC0148,627.1,Bills,Bengaluru,iOS,QR,0,normal
TXN004612,2026-01-30 05:13:00,USER0453,REC0189,128.38,Bills,Hyderabad,Android,App,0,normal
TXN007584,2026-01-30 05:30:00,USER0856,REC0431,795.03,Shopping,Pune,Android,Collect Request,0,normal
TXN004681,2026-01-30 05:40:00,USER0129,REC0431,421.09,Shopping,Hyderabad,Android,QR,0,normal
TXN002083,2026-01-30 05:44:00,USER0798,REC0149,751.86,Bills,Delhi,Android,Collect Request,0,normal
TXN006539,2026-01-30 06:02:00,USER0821,REC0494,139.59,Food,Bengaluru,Android,App,0,normal
TXN005917,2026-01-30 06:11:00,USER0420,REC0412,233.91,Bills,Delhi,Android,App,0,normal
TXN001249,2026-01-30 06:33:00,USER0927,REC0494,297.6,Travel,Mumbai,iOS,QR,0,normal
TXN001388,2026-01-30 06:44:00,USER0856,REC0113,3179.41,Bills,Bengaluru,Android,QR,0,normal
TXN003859,2026-01-30 06:51:00,USER0050,REC0040,269.51,Shopping,Delhi,iOS,App,0,normal
TXN002921,2026-01-30 07:15:00,USER0922,REC0051,114.96,Food,Chennai,Android,Collect Request,0,normal
TXN005109,2026-01-30 07:41:00,USER0636,REC0235,1895.82,Shopping,Delhi,Android,App,0,normal
TXN000066,2026-01-30 07:46:00,USER0047,REC0363,452.71,Transfer,Mumbai,Android,App,0,normal
TXN002307,2026-01-30 07:55:00,USER0935,REC0371,766.56,Shopping,Chennai,Android,QR,0,normal
TXN009266,2026-01-30 08:04:00,USER0232,REC0420,1123.83,Shopping,Delhi,Android,App,0,normal
TXN002537,2026-01-30 08:13:00,USER0470,REC0113,185.25,Transfer,Delhi,Android,App,0,normal
TXN006038,2026-01-30 08:30:00,USER0332,REC0195,437.02,Groceries,Pune,Android,App,0,normal
TXN004441,2026-01-30 08:37:00,USER0253,REC0195,255.65,Groceries,Delhi,Android,App,0,normal
TXN003694,2026-01-30 08:40:00,USER0222,REC0385,1049.65,Groceries,Hyderabad,Android,QR,0,normal
TXN002092,2026-01-30 09:20:00,USER0389,REC0403,1146.64,Groceries,Bengaluru,Android,App,0,normal
TXN006641,2026-01-30 09:48:00,USER0971,REC0039,106.58,Shopping,Chennai,Android,App,0,normal
TXN004744,2026-01-30 10:06:00,USER0841,REC0096,377.6,Food,Bengaluru,Android,App,0,normal
TXN007524,2026-01-30 10:08:00,USER0102,REC0260,73.13,Shopping,Hyderabad,Android,App,0,normal
TXN004257,2026-01-30 10:14:00,USER0844,REC0435,1136.57,Food,Delhi,Android,QR,0,normal
TXN008926,2026-01-30 10:41:00,USER0274,REC0329,484.0,Travel,Bengaluru,Android,Collect Request,0,normal
TXN002347,2026-01-30 10:56:00,USER0785,REC0446,635.36,Food,Hyderabad,iOS,QR,0,normal
TXN000632,2026-01-30 11:23:00,USER0397,REC0425,226.17,Shopping,Chennai,Android,QR,0,normal
TXN007224,2026-01-30 11:25:00,USER0730,REC0244,681.58,Groceries,Bengaluru,Android,App,0,normal
TXN004338,2026-01-30 12:03:00,USER0535,REC0139,652.09,Shopping,Hyderabad,Android,App,0,normal
TXN007656,2026-01-30 12:08:00,USER0957,REC0330,581.28,Food,Bengaluru,Android,App,0,normal
TXN004256,2026-01-30 12:18:00,USER0459,REC0332,857.71,Shopping,Pune,Android,QR,0,normal
TXN003043,2026-01-30 12:36:00,USER0242,REC0323,716.6,Transfer,Pune,iOS,App,0,normal
TXN007184,2026-01-30 12:38:00,USER0044,REC0329,669.86,Shopping,Delhi,iOS,App,0,normal
TXN006898,2026-01-30 12:41:00,USER0111,REC0443,295.22,Groceries,Pune,Android,Collect Request,0,normal
TXN002151,2026-01-30 12:44:00,USER0123,REC0213,501.43,Shopping,Pune,Android,QR,0,normal
TXN000646,2026-01-30 13:15:00,USER0864,REC0112,376.88,Food,Delhi,Android,QR,0,normal
TXN001915,2026-01-30 13:21:00,USER0085,REC0307,2192.57,Groceries,Mumbai,iOS,App,0,normal
TXN001095,2026-01-30 13:45:00,USER0710,REC0031,274.14,Shopping,Hyderabad,Android,QR,0,normal
TXN004041,2026-01-30 13:59:00,USER0511,REC0493,812.22,Shopping,Pune,Android,App,0,normal
TXN005614,2026-01-30 14:09:00,USER0782,REC0465,592.44,Food,Pune,iOS,QR,0,normal
TXN006874,2026-01-30 14:10:00,USER0421,REC0166,627.14,Groceries,Chennai,Android,QR,0,normal
TXN006708,2026-01-30 14:31:00,USER0200,REC0369,784.9,Bills,Mumbai,Android,App,0,normal
TXN005768,2026-01-30 14:48:00,USER0709,REC0434,242.88,Groceries,Mumbai,iOS,Collect Request,0,normal
TXN006735,2026-01-30 15:00:00,USER0307,REC0157,1267.63,Travel,Hyderabad,Android,QR,0,normal
TXN004151,2026-01-30 15:03:00,USER0395,REC0486,1108.38,Transfer,Hyderabad,Android,QR,0,normal
TXN002576,2026-01-30 15:12:00,USER0969,REC0466,604.71,Food,Bengaluru,Android,QR,0,normal
TXN006699,2026-01-30 15:31:00,USER0013,REC0460,1967.37,Travel,Hyderabad,Android,Collect Request,0,normal
TXN008909,2026-01-30 15:59:00,USER0096,REC0202,355.68,Groceries,Mumbai,Android,App,0,normal
TXN004497,2026-01-30 16:19:00,USER0847,REC0236,728.51,Shopping,Pune,Android,App,0,normal
TXN004818,2026-01-30 16:20:00,USER0590,REC0325,946.34,Transfer,Hyderabad,Android,App,0,normal
TXN005077,2026-01-30 16:29:00,USER0108,REC0102,365.94,Groceries,Pune,Android,QR,0,normal
TXN009371,2026-01-30 16:30:00,USER0906,REC0188,967.39,Shopping,Chennai,iOS,App,0,normal
TXN000254,2026-01-30 16:30:00,USER0440,REC0006,385.72,Transfer,Delhi,Android,QR,0,normal
TXN008305,2026-01-30 16:39:00,USER0690,REC0149,238.95,Bills,Delhi,iOS,App,0,normal
TXN007090,2026-01-30 16:51:00,USER0342,REC0049,148.75,Groceries,Chennai,Android,App,0,normal
TXN000077,2026-01-30 17:13:00,USER0562,REC0353,551.11,Shopping,Chennai,Android,QR,0,normal
TXN003574,2026-01-30 17:14:00,USER0454,REC0316,280.24,Groceries,Mumbai,Android,App,0,normal
TXN005831,2026-01-30 17:20:00,USER0783,REC0103,819.3,Shopping,Hyderabad,Android,App,0,normal
TXN006732,2026-01-30 17:29:00,USER0982,REC0121,429.43,Food,Pune,Android,App,0,normal
TXN004951,2026-01-30 17:37:00,USER0447,REC0187,292.32,Food,Pune,iOS,QR,0,normal
TXN002069,2026-01-30 17:44:00,USER0916,REC0066,789.73,Bills,Bengaluru,Android,App,0,normal
TXN005757,2026-01-30 17:47:00,USER0039,REC0271,1054.55,Food,Pune,Android,App,0,normal
TXN006440,2026-01-30 18:05:00,USER0812,REC0259,479.39,Bills,Bengaluru,Android,QR,0,normal
TXN003623,2026-01-30 18:13:00,USER0633,REC0429,554.68,Food,Hyderabad,Android,App,0,normal
TXN003772,2026-01-30 18:15:00,USER0958,REC0199,814.98,Bills,Pune,Android,QR,0,normal
TXN002650,2026-01-30 18:20:00,USER0598,REC0075,603.37,Bills,Mumbai,Android,App,0,normal
TXN001514,2026-01-30 18:23:00,USER0143,REC0420,1063.43,Bills,Chennai,Android,App,0,normal
TXN009256,2026-01-30 18:47:00,USER0361,REC0276,1426.82,Transfer,Pune,iOS,QR,0,normal
TXN005771,2026-01-30 18:53:00,USER0657,REC0031,519.34,Groceries,Delhi,iOS,QR,0,normal
TXN004925,2026-01-30 18:57:00,USER0741,REC0432,515.0,Food,Mumbai,Android,App,0,normal
TXN001145,2026-01-30 19:11:00,USER0686,REC0313,1251.18,Food,Bengaluru,Android,App,0,normal
TXN006246,2026-01-30 19:30:00,USER0711,REC0193,1017.37,Groceries,Pune,Android,App,0,normal
TXN007414,2026-01-30 19:33:00,USER0129,REC0031,1363.65,Shopping,Bengaluru,Android,QR,0,normal
TXN004653,2026-01-30 19:51:00,USER0167,REC0095,429.63,Shopping,Pune,Android,App,0,normal
TXN009198,2026-01-30 19:57:00,USER0728,REC0262,482.64,Food,Hyderabad,Android,QR,0,normal
TXN006214,2026-01-30 19:59:00,USER0260,REC0430,284.45,Transfer,Hyderabad,iOS,App,0,normal
TXN000294,2026-01-30 20:11:00,USER0896,REC0005,295.32,Travel,Mumbai,Android,QR,0,normal
TXN006312,2026-01-30 20:34:00,USER0974,REC0408,699.11,Shopping,Delhi,Android,QR,0,normal
TXN006017,2026-01-30 20:40:00,USER0405,REC0153,1851.02,Shopping,Bengaluru,iOS,QR,0,normal
TXN003522,2026-01-30 21:28:00,USER0044,REC0215,297.45,Shopping,Chennai,iOS,App,0,normal
TXN009670,2026-01-30 21:34:00,USER0850,REC0448,1739.42,Bills,Mumbai,Android,QR,0,normal
TXN001777,2026-01-30 21:40:00,USER0742,REC0072,920.07,Travel,Chennai,Android,App,0,normal
TXN006244,2026-01-30 21:56:00,USER0579,REC0271,803.66,Transfer,Chennai,iOS,QR,0,normal
TXN009972,2026-01-30 22:51:00,USER0959,REC0413,802.66,Transfer,Delhi,Android,App,0,normal
TXN005433,2026-01-30 22:58:00,USER0027,REC0015,2188.88,Transfer,Bengaluru,Android,QR,0,normal
TXN001905,2026-01-30 23:28:00,USER0507,REC0346,557.54,Shopping,Pune,Android,App,0,normal
TXN001494,2026-01-30 23:29:00,USER0184,REC0249,192.11,Food,Hyderabad,Android,App,0,normal
TXN001511,2026-01-31 00:02:00,USER0325,REC0258,185.35,Groceries,Mumbai,iOS,App,0,normal
TXN004413,2026-01-31 00:14:00,USER0612,REC0019,391.65,Groceries,Mumbai,Android,App,0,normal
TXN003770,2026-01-31 00:28:00,USER0938,REC0158,534.33,Travel,Pune,iOS,QR,0,normal
TXN008797,2026-01-31 00:34:00,USER0012,REC0381,2182.69,Food,Delhi,iOS,QR,0,normal
TXN001069,2026-01-31 00:38:00,USER0414,REC0124,462.52,Groceries,Pune,iOS,QR,0,normal
TXN000738,2026-01-31 00:39:00,USER0829,REC0250,406.12,Food,Chennai,Android,App,0,normal
TXN006673,2026-01-31 01:14:00,USER0299,REC0493,1929.12,Shopping,Bengaluru,Android,QR,0,normal
TXN005468,2026-01-31 01:38:00,USER0241,REC0431,788.19,Groceries,Delhi,Android,QR,0,normal
TXN008197,2026-01-31 01:39:00,USER0200,REC0388,579.75,Transfer,Chennai,Android,App,0,normal
TXN002160,2026-01-31 01:40:00,USER0857,REC0377,281.29,Bills,Chennai,Android,QR,0,normal
TXN001030,2026-01-31 01:43:00,USER0111,REC0460,719.58,Bills,Mumbai,Android,QR,0,normal
TXN007335,2026-01-31 01:45:00,USER0495,REC0262,505.83,Transfer,Chennai,iOS,QR,0,normal
TXN000487,2026-01-31 01:58:00,USER0903,REC0382,329.11,Shopping,Chennai,Android,App,0,normal
TXN008912,2026-01-31 02:01:00,USER0138,REC0109,446.16,Bills,Bengaluru,Android,QR,0,normal
TXN000169,2026-01-31 02:04:00,USER0858,REC0065,956.0,Travel,Hyderabad,Android,App,0,normal
TXN005174,2026-01-31 02:12:00,USER0146,REC0030,531.94,Transfer,Hyderabad,iOS,QR,0,normal
TXN008446,2026-01-31 02:26:00,USER0334,REC0426,971.5,Bills,Bengaluru,Android,QR,0,normal
TXN007903,2026-01-31 02:41:00,USER0006,REC0093,444.31,Bills,Mumbai,Android,App,0,normal
TXN008163,2026-01-31 03:08:00,USER0577,REC0130,1789.54,Shopping,Bengaluru,Android,QR,0,normal
TXN003659,2026-01-31 03:20:00,USER0091,REC0314,162.23,Food,Pune,Android,App,0,normal
TXN003996,2026-01-31 03:42:00,USER0392,REC0203,1646.41,Bills,Chennai,Android,Collect Request,0,normal
TXN008097,2026-01-31 04:17:00,USER0452,REC0394,520.46,Transfer,Delhi,Android,App,0,normal
TXN004777,2026-01-31 04:39:00,USER0479,REC0368,564.13,Shopping,Mumbai,iOS,QR,0,normal
TXN002637,2026-01-31 04:50:00,USER0881,REC0094,303.77,Shopping,Hyderabad,Android,QR,0,normal
TXN000371,2026-01-31 04:51:00,USER0125,REC0374,301.06,Groceries,Pune,Android,Collect Request,0,normal
TXN006611,2026-01-31 04:53:00,USER0834,REC0329,412.54,Food,Chennai,iOS,Collect Request,0,normal
TXN004241,2026-01-31 04:57:00,USER0764,REC0308,511.59,Groceries,Bengaluru,iOS,App,0,normal
TXN004049,2026-01-31 05:20:00,USER0595,REC0334,792.94,Shopping,Delhi,Android,App,0,normal
TXN007931,2026-01-31 05:30:00,USER0153,REC0283,1299.43,Bills,Bengaluru,Android,QR,0,normal
TXN002204,2026-01-31 06:02:00,USER0198,REC0048,294.7,Travel,Delhi,iOS,QR,0,normal
TXN004100,2026-01-31 06:22:00,USER0292,REC0352,1016.58,Food,Delhi,Android,QR,0,normal
TXN005912,2026-01-31 06:34:00,USER0678,REC0151,307.01,Bills,Mumbai,Android,App,0,normal
TXN009452,2026-01-31 07:04:00,USER0805,REC0371,984.21,Food,Delhi,Android,QR,0,normal
TXN006892,2026-01-31 07:12:00,USER0023,REC0148,72.03,Shopping,Chennai,Android,QR,0,normal
TXN006301,2026-01-31 07:16:00,USER0600,REC0086,523.24,Food,Delhi,Android,QR,0,normal
TXN003434,2026-01-31 07:36:00,USER0740,REC0155,988.41,Travel,Chennai,Android,App,0,normal
TXN005601,2026-01-31 07:46:00,USER0968,REC0133,608.36,Travel,Bengaluru,iOS,App,0,normal
TXN004389,2026-01-31 07:46:00,USER0390,REC0205,288.11,Food,Delhi,iOS,Collect Request,0,normal
TXN003395,2026-01-31 07:49:00,USER0481,REC0450,964.65,Shopping,Bengaluru,iOS,App,0,normal
TXN007536,2026-01-31 07:53:00,USER0985,REC0189,2580.83,Shopping,Bengaluru,Android,App,0,normal
TXN003827,2026-01-31 08:12:00,USER0422,REC0100,1280.79,Food,Hyderabad,Android,QR,0,normal
TXN002367,2026-01-31 08:27:00,USER0618,REC0117,599.24,Shopping,Hyderabad,Android,QR,0,normal
TXN006154,2026-01-31 08:58:00,USER0009,REC0246,669.58,Food,Chennai,iOS,QR,0,normal
TXN004889,2026-01-31 09:42:00,USER0718,REC0060,2517.83,Shopping,Chennai,Android,QR,0,normal
TXN008435,2026-01-31 10:08:00,USER0965,REC0057,629.83,Travel,Delhi,iOS,App,0,normal
TXN001771,2026-01-31 10:09:00,USER0381,REC0444,325.09,Food,Pune,Android,App,0,normal
TXN002323,2026-01-31 10:16:00,USER0006,REC0092,861.0,Food,Pune,Android,App,0,normal
TXN000627,2026-01-31 10:35:00,USER0286,REC0269,484.77,Food,Mumbai,Android,QR,0,normal
TXN004968,2026-01-31 10:44:00,USER0769,REC0406,957.71,Food,Bengaluru,Android,App,0,normal
TXN003251,2026-01-31 10:53:00,USER0201,REC0097,910.58,Bills,Delhi,iOS,QR,0,normal
TXN001142,2026-01-31 11:03:00,USER0149,REC0285,1547.65,Food,Bengaluru,Android,QR,0,normal
TXN005933,2026-01-31 11:04:00,USER0678,REC0441,666.41,Food,Bengaluru,iOS,App,0,normal
TXN004940,2026-01-31 11:21:00,USER0599,REC0107,1055.46,Groceries,Pune,Android,App,0,normal
TXN009203,2026-01-31 11:33:00,USER0752,REC0454,338.44,Shopping,Chennai,Android,App,0,normal
TXN006530,2026-01-31 11:34:00,USER0666,REC0100,271.81,Food,Mumbai,Android,QR,0,normal
TXN001176,2026-01-31 11:55:00,USER0295,REC0487,378.58,Travel,Mumbai,Android,QR,0,normal
TXN000199,2026-01-31 12:07:00,USER0975,REC0197,404.93,Transfer,Chennai,Android,App,0,normal
TXN007921,2026-01-31 12:08:00,USER0413,REC0163,511.2,Shopping,Chennai,Android,Collect Request,0,normal
TXN004254,2026-01-31 12:15:00,USER0318,REC0150,647.8,Bills,Bengaluru,Android,App,0,normal
TXN004462,2026-01-31 12:16:00,USER0303,REC0251,2700.38,Shopping,Delhi,iOS,App,0,normal
TXN004566,2026-01-31 12:17:00,USER0159,REC0479,1425.37,Food,Chennai,Android,App,0,normal
TXN003597,2026-01-31 12:41:00,USER0115,REC0342,375.34,Food,Hyderabad,Android,App,0,normal
TXN001900,2026-01-31 12:56:00,USER0653,REC0106,171.89,Food,Chennai,Android,QR,0,normal
TXN005293,2026-01-31 12:58:00,USER0470,REC0317,1931.08,Groceries,Chennai,Android,QR,0,normal
TXN001782,2026-01-31 13:16:00,USER0967,REC0146,564.95,Groceries,Pune,Android,QR,0,normal
TXN008229,2026-01-31 13:32:00,USER0065,REC0056,933.79,Transfer,Delhi,Android,App,0,normal
TXN003085,2026-01-31 13:35:00,USER0155,REC0168,400.17,Bills,Pune,Android,QR,0,normal
TXN009367,2026-01-31 13:37:00,USER0905,REC0234,563.03,Bills,Bengaluru,Android,App,0,normal
TXN007333,2026-01-31 13:39:00,USER0423,REC0382,1065.23,Shopping,Delhi,Android,QR,0,normal
TXN007998,2026-01-31 13:40:00,USER0973,REC0125,1323.71,Groceries,Bengaluru,Android,QR,0,normal
TXN005086,2026-01-31 13:47:00,USER0649,REC0042,216.16,Shopping,Hyderabad,Android,QR,0,normal
TXN003986,2026-01-31 13:49:00,USER0907,REC0429,121.81,Bills,Delhi,iOS,App,0,normal
TXN006997,2026-01-31 14:24:00,USER0050,REC0229,804.33,Travel,Pune,Android,QR,0,normal
TXN002461,2026-01-31 14:30:00,USER0462,REC0124,1231.61,Shopping,Mumbai,Android,App,0,normal
TXN006963,2026-01-31 14:31:00,USER0832,REC0275,1447.63,Shopping,Bengaluru,Android,QR,0,normal
TXN006682,2026-01-31 14:42:00,USER0164,REC0058,1320.86,Groceries,Pune,iOS,App,0,normal
TXN008502,2026-01-31 14:57:00,USER0242,REC0370,281.8,Bills,Chennai,Android,QR,0,normal
TXN009768,2026-01-31 15:02:00,USER0346,REC0054,712.16,Food,Hyderabad,iOS,App,0,normal
TXN009336,2026-01-31 15:08:00,USER0996,REC0414,364.52,Shopping,Pune,iOS,Collect Request,0,normal
TXN009813,2026-01-31 15:08:00,USER0024,REC0357,947.78,Shopping,Mumbai,Android,App,0,normal
TXN009274,2026-01-31 15:11:00,USER0572,REC0369,1424.47,Food,Mumbai,Android,App,0,normal
TXN003487,2026-01-31 15:15:00,USER0764,REC0202,1809.21,Groceries,Mumbai,Android,App,0,normal
TXN001160,2026-01-31 15:40:00,USER0753,REC0044,806.69,Shopping,Bengaluru,Android,QR,0,normal
TXN003729,2026-01-31 16:19:00,USER0464,REC0375,2279.87,Groceries,Chennai,iOS,QR,0,normal
TXN006351,2026-01-31 16:50:00,USER0968,REC0022,336.83,Food,Chennai,Android,QR,0,normal
TXN007251,2026-01-31 17:09:00,USER0821,REC0149,440.3,Food,Bengaluru,Android,App,0,normal
TXN009852,2026-01-31 17:19:00,USER0972,REC0336,4091.96,Shopping,Delhi,Android,QR,0,normal
TXN005360,2026-01-31 17:22:00,USER0973,REC0287,811.01,Groceries,Delhi,Android,App,0,normal
TXN001974,2026-01-31 17:23:00,USER0043,REC0059,717.48,Shopping,Hyderabad,Android,App,0,normal
TXN007081,2026-01-31 17:27:00,USER0071,REC0048,674.73,Groceries,Bengaluru,Android,QR,0,normal
TXN004218,2026-01-31 17:43:00,USER0338,REC0153,201.27,Groceries,Delhi,Android,App,0,normal
TXN004255,2026-01-31 18:02:00,USER0802,REC0074,300.89,Bills,Bengaluru,Android,QR,0,normal
TXN008095,2026-01-31 18:24:00,USER0090,REC0367,850.63,Bills,Delhi,Android,App,0,normal
TXN001330,2026-01-31 18:33:00,USER0210,REC0112,245.71,Travel,Bengaluru,iOS,App,0,normal
TXN009365,2026-01-31 18:38:00,USER0935,REC0286,710.68,Food,Chennai,Android,App,0,normal
TXN002327,2026-01-31 19:09:00,USER0198,REC0404,439.05,Groceries,Delhi,Android,QR,0,normal
TXN003213,2026-01-31 19:11:00,USER0610,REC0168,1396.91,Groceries,Hyderabad,Android,App,0,normal
TXN002491,2026-01-31 19:16:00,USER0505,REC0077,519.5,Food,Hyderabad,Android,QR,0,normal
TXN006844,2026-01-31 19:18:00,USER0843,REC0396,259.29,Food,Pune,Android,QR,0,normal
TXN009406,2026-01-31 19:24:00,USER0978,REC0295,508.37,Food,Bengaluru,iOS,QR,0,normal
TXN002074,2026-01-31 19:30:00,USER0913,REC0260,277.72,Food,Hyderabad,Android,App,0,normal
TXN001978,2026-01-31 19:35:00,USER0951,REC0130,664.1,Groceries,Delhi,Android,QR,0,normal
TXN005859,2026-01-31 19:35:00,USER0217,REC0306,705.22,Bills,Delhi,iOS,QR,0,normal
TXN000197,2026-01-31 19:59:00,USER0607,REC0480,1546.13,Transfer,Delhi,Android,QR,0,normal
TXN005256,2026-01-31 20:01:00,USER0902,REC0137,1199.32,Food,Hyderabad,Android,QR,0,normal
TXN001711,2026-01-31 20:06:00,USER0624,REC0111,323.95,Shopping,Chennai,Android,Collect Request,0,normal
TXN009983,2026-01-31 20:07:00,USER0492,REC0009,812.72,Shopping,Delhi,Android,QR,0,normal
TXN004192,2026-01-31 20:07:00,USER0264,REC0196,464.14,Transfer,Pune,Android,App,0,normal
TXN007874,2026-01-31 20:12:00,USER0218,REC0426,59.88,Groceries,Mumbai,Android,QR,0,normal
TXN000991,2026-01-31 20:14:00,USER0355,REC0391,1048.56,Groceries,Chennai,Android,App,0,normal
TXN002030,2026-01-31 20:15:00,USER0121,REC0488,259.77,Travel,Hyderabad,Android,QR,0,normal
TXN009931,2026-01-31 20:30:00,USER0566,REC0037,421.75,Food,Delhi,iOS,App,0,normal
TXN004783,2026-01-31 21:24:00,USER0201,REC0177,717.0,Shopping,Bengaluru,Android,QR,0,normal
TXN009466,2026-01-31 21:26:00,USER0994,REC0069,205.0,Groceries,Delhi,Android,QR,0,normal
TXN001372,2026-01-31 21:30:00,USER0016,REC0266,167.36,Groceries,Chennai,Android,App,0,normal
TXN003091,2026-01-31 21:38:00,USER0071,REC0394,869.57,Groceries,Bengaluru,Android,QR,0,normal
TXN008691,2026-01-31 21:45:00,USER0015,REC0458,1101.61,Groceries,Bengaluru,Android,App,0,normal
TXN001647,2026-01-31 21:57:00,USER0115,REC0293,324.4,Shopping,Delhi,Android,QR,0,normal
TXN007728,2026-01-31 22:24:00,USER0596,REC0221,313.84,Transfer,Pune,Android,QR,0,normal
TXN007512,2026-01-31 22:38:00,USER0239,REC0433,3678.68,Food,Bengaluru,Android,App,0,normal
TXN002485,2026-01-31 22:38:00,USER0427,REC0291,484.59,Food,Pune,iOS,App,0,normal
TXN001793,2026-01-31 22:38:00,USER0299,REC0178,2779.75,Groceries,Bengaluru,Android,QR,0,normal
TXN008271,2026-01-31 22:41:00,USER0412,REC0325,356.48,Transfer,Chennai,iOS,QR,0,normal
TXN004203,2026-01-31 23:00:00,USER0808,REC0487,1025.53,Bills,Bengaluru,Android,QR,0,normal
TXN007106,2026-01-31 23:07:00,USER0800,REC0031,440.61,Transfer,Bengaluru,Android,Collect Request,0,normal
TXN001357,2026-01-31 23:11:00,USER0288,REC0303,456.54,Groceries,Chennai,Android,QR,0,normal
TXN002740,2026-01-31 23:20:00,USER0703,REC0407,4437.13,Shopping,Bengaluru,Android,App,0,normal
TXN008616,2026-01-31 23:35:00,USER0929,REC0494,929.61,Bills,Bengaluru,Android,QR,0,normal
TXN004439,2026-01-31 23:45:00,USER0188,REC0409,769.25,Shopping,Delhi,iOS,App,0,normal
TXN006537,2026-02-01 00:17:00,USER0661,REC0071,925.17,Food,Bengaluru,Android,App,0,normal
TXN003174,2026-02-01 00:25:00,USER0004,REC0389,601.07,Groceries,Chennai,Android,App,0,normal
TXN009434,2026-02-01 00:41:00,USER0265,REC0266,314.34,Food,Hyderabad,Android,QR,0,normal
TXN004066,2026-02-01 00:50:00,USER0210,REC0386,850.42,Food,Pune,Android,App,0,normal
TXN007930,2026-02-01 00:54:00,USER0369,REC0421,198.44,Travel,Pune,Android,App,0,normal
TXN009109,2026-02-01 01:11:00,USER0649,REC0273,292.9,Shopping,Pune,iOS,App,0,normal
TXN004901,2026-02-01 01:48:00,USER0537,REC0216,214.22,Bills,Delhi,iOS,App,0,normal
TXN004500,2026-02-01 02:01:00,USER0601,REC0209,447.33,Shopping,Bengaluru,Android,QR,0,normal
TXN005255,2026-02-01 02:13:00,USER0538,REC0390,345.81,Shopping,Bengaluru,Android,QR,0,normal
TXN006494,2026-02-01 02:21:00,USER0155,REC0482,1243.01,Travel,Delhi,iOS,Collect Request,0,normal
TXN002590,2026-02-01 02:46:00,USER0132,REC0245,1880.71,Food,Mumbai,Android,QR,0,normal
TXN006849,2026-02-01 03:02:00,USER0148,REC0212,1220.89,Groceries,Delhi,iOS,App,0,normal
TXN007348,2026-02-01 03:02:00,USER0183,REC0098,148.8,Groceries,Bengaluru,Android,QR,0,normal
TXN007846,2026-02-01 03:21:00,USER0007,REC0215,125.75,Groceries,Hyderabad,Android,App,0,normal
TXN003558,2026-02-01 03:29:00,USER0355,REC0181,934.54,Food,Hyderabad,iOS,Collect Request,0,normal
TXN006459,2026-02-01 03:34:00,USER0436,REC0047,316.62,Food,Delhi,Android,QR,0,normal
TXN009439,2026-02-01 03:44:00,USER0087,REC0383,1394.22,Food,Bengaluru,Android,QR,0,normal
TXN006724,2026-02-01 03:49:00,USER0902,REC0012,159.3,Bills,Chennai,iOS,QR,0,normal
TXN009420,2026-02-01 04:14:00,USER0613,REC0345,565.48,Transfer,Chennai,Android,QR,0,normal
TXN001592,2026-02-01 04:23:00,USER0626,REC0280,4271.75,Food,Mumbai,Android,QR,0,normal
TXN001236,2026-02-01 04:25:00,USER0836,REC0339,465.14,Travel,Chennai,Android,QR,0,normal
TXN008879,2026-02-01 04:36:00,USER0553,REC0464,99.79,Bills,Delhi,Android,App,0,normal
TXN001383,2026-02-01 04:53:00,USER0086,REC0293,358.63,Food,Chennai,Android,QR,0,normal
TXN000268,2026-02-01 05:14:00,USER0478,REC0423,2021.14,Food,Chennai,Android,App,0,normal
TXN001407,2026-02-01 05:33:00,USER0960,REC0170,364.49,Bills,Pune,iOS,App,0,normal
TXN008367,2026-02-01 05:48:00,USER0740,REC0407,321.15,Groceries,Delhi,Android,App,0,normal
TXN009477,2026-02-01 06:00:00,USER0337,REC0388,1298.82,Bills,Bengaluru,Android,App,0,normal
TXN000139,2026-02-01 06:35:00,USER0242,REC0149,1117.61,Groceries,Chennai,Android,QR,0,normal
TXN002998,2026-02-01 06:58:00,USER0375,REC0267,335.72,Food,Delhi,Android,App,0,normal
TXN004229,2026-02-01 06:58:00,USER0778,REC0480,286.6,Food,Bengaluru,Android,App,0,normal
TXN009372,2026-02-01 07:24:00,USER0006,REC0461,1799.31,Food,Mumbai,iOS,QR,0,normal
TXN002910,2026-02-01 07:27:00,USER0668,REC0375,837.79,Groceries,Bengaluru,Android,QR,0,normal
TXN007374,2026-02-01 07:42:00,USER0782,REC0257,418.83,Bills,Bengaluru,Android,App,0,normal
TXN004313,2026-02-01 07:44:00,USER0378,REC0148,136.4,Bills,Hyderabad,Android,QR,0,normal
TXN001312,2026-02-01 07:44:00,USER0203,REC0135,510.37,Groceries,Bengaluru,Android,App,0,normal
TXN001757,2026-02-01 07:52:00,USER0021,REC0100,141.2,Food,Delhi,Android,App,0,normal
TXN003454,2026-02-01 08:16:00,USER0035,REC0227,919.16,Food,Bengaluru,Android,Collect Request,0,normal
TXN004831,2026-02-01 08:42:00,USER0374,REC0468,925.18,Groceries,Chennai,iOS,QR,0,normal
TXN002425,2026-02-01 08:49:00,USER0346,REC0364,92.98,Groceries,Bengaluru,iOS,QR,0,normal
TXN006925,2026-02-01 09:15:00,USER0554,REC0214,4293.13,Bills,Hyderabad,Android,App,0,normal
TXN004176,2026-02-01 09:32:00,USER0272,REC0077,419.69,Travel,Hyderabad,iOS,QR,0,normal
TXN007578,2026-02-01 09:50:00,USER0329,REC0075,344.1,Groceries,Hyderabad,Android,QR,0,normal
TXN009741,2026-02-01 10:36:00,USER0813,REC0354,1011.99,Groceries,Pune,iOS,App,0,normal
TXN003510,2026-02-01 11:03:00,USER0439,REC0335,508.62,Food,Bengaluru,iOS,App,0,normal
TXN009289,2026-02-01 11:07:00,USER0896,REC0109,155.32,Transfer,Pune,Android,Collect Request,0,normal
TXN003021,2026-02-01 11:18:00,USER0761,REC0414,1583.36,Shopping,Pune,Android,QR,0,normal
TXN003717,2026-02-01 11:33:00,USER0599,REC0191,751.44,Groceries,Mumbai,iOS,Collect Request,0,normal
TXN004739,2026-02-01 11:39:00,USER0909,REC0252,3412.19,Groceries,Chennai,Android,App,0,normal
TXN009577,2026-02-01 12:37:00,USER0389,REC0028,844.36,Bills,Delhi,iOS,App,0,normal
TXN008608,2026-02-01 12:38:00,USER0570,REC0140,447.78,Bills,Mumbai,Android,QR,0,normal
TXN007379,2026-02-01 12:46:00,USER0090,REC0064,1536.26,Travel,Delhi,iOS,App,0,normal
TXN002585,2026-02-01 12:55:00,USER0857,REC0426,122.67,Groceries,Hyderabad,Android,Collect Request,0,normal
TXN006043,2026-02-01 13:12:00,USER0580,REC0375,15636.18,Food,Mumbai,iOS,App,1,unusually_high_amount
TXN001363,2026-02-01 13:52:00,USER0524,REC0230,1543.58,Shopping,Pune,Android,App,0,normal
TXN000979,2026-02-01 13:52:00,USER0629,REC0121,325.13,Transfer,Delhi,Android,QR,0,normal
TXN005241,2026-02-01 14:09:00,USER0549,REC0304,817.34,Travel,Delhi,Android,QR,0,normal
TXN005245,2026-02-01 14:09:00,USER0455,REC0201,982.54,Food,Pune,Android,QR,0,normal
TXN004267,2026-02-01 14:35:00,USER0985,REC0043,127.7,Shopping,Pune,Android,QR,0,normal
TXN005220,2026-02-01 14:38:00,USER0897,REC0425,2332.44,Bills,Bengaluru,iOS,QR,0,normal
TXN006672,2026-02-01 14:54:00,USER0685,REC0191,498.94,Transfer,Pune,Android,Collect Request,0,normal
TXN005568,2026-02-01 15:02:00,USER0223,REC0253,723.6,Groceries,Delhi,iOS,QR,0,normal
TXN005041,2026-02-01 15:11:00,USER0886,REC0487,211.07,Bills,Pune,Android,App,0,normal
TXN004517,2026-02-01 15:31:00,USER0898,REC0394,559.06,Food,Bengaluru,Android,App,0,normal
TXN006422,2026-02-01 15:40:00,USER0429,REC0364,37403.07,Food,Chennai,Android,App,1,unusually_high_amount
TXN004350,2026-02-01 16:10:00,USER0359,REC0476,504.85,Transfer,Bengaluru,Android,App,0,normal
TXN003406,2026-02-01 16:25:00,USER0980,REC0104,368.03,Shopping,Bengaluru,Android,App,0,normal
TXN004630,2026-02-01 16:34:00,USER0312,REC0338,2645.16,Shopping,Delhi,Android,QR,0,normal
TXN003854,2026-02-01 16:46:00,USER0261,REC0197,490.54,Groceries,Delhi,Android,App,0,normal
TXN004245,2026-02-01 16:56:00,USER0292,REC0147,966.59,Transfer,Delhi,Android,App,0,normal
TXN005417,2026-02-01 17:08:00,USER0575,REC0459,256.27,Bills,Pune,Android,QR,0,normal
TXN007235,2026-02-01 17:48:00,USER0384,REC0201,591.03,Groceries,Hyderabad,iOS,QR,0,normal
TXN006582,2026-02-01 17:55:00,USER0743,REC0384,2141.33,Shopping,Hyderabad,Android,App,0,normal
TXN005169,2026-02-01 18:03:00,USER0410,REC0201,772.74,Shopping,Chennai,Android,App,0,normal
TXN006851,2026-02-01 18:05:00,USER0309,REC0065,270.94,Groceries,Delhi,iOS,QR,0,normal
TXN004011,2026-02-01 18:31:00,USER0749,REC0207,2621.42,Shopping,Bengaluru,Android,App,0,normal
TXN009998,2026-02-01 18:53:00,USER0374,REC0152,1453.86,Shopping,Hyderabad,Android,App,0,normal
TXN005671,2026-02-01 18:53:00,USER0439,REC0318,2976.56,Groceries,Mumbai,Android,QR,0,normal
TXN004383,2026-02-01 19:01:00,USER0477,REC0145,491.81,Bills,Hyderabad,Android,QR,0,normal
TXN005596,2026-02-01 19:06:00,USER0876,REC0025,214.43,Transfer,Chennai,iOS,QR,0,normal
TXN002282,2026-02-01 19:12:00,USER0190,REC0164,536.13,Bills,Hyderabad,Android,App,0,normal
TXN006306,2026-02-01 20:20:00,USER0575,REC0199,1729.97,Travel,Pune,Android,App,0,normal
TXN008235,2026-02-01 21:06:00,USER0142,REC0271,618.38,Bills,Hyderabad,Android,QR,0,normal
TXN008849,2026-02-01 21:07:00,USER0285,REC0495,1069.78,Groceries,Hyderabad,iOS,QR,0,normal
TXN000044,2026-02-01 21:46:00,USER0840,REC0143,655.65,Groceries,Mumbai,Android,App,0,normal
TXN005552,2026-02-01 22:12:00,USER0428,REC0027,1163.13,Bills,Hyderabad,Android,App,0,normal
TXN006434,2026-02-01 22:22:00,USER0852,REC0469,111.68,Travel,Bengaluru,Android,QR,0,normal
TXN001831,2026-02-01 22:27:00,USER0558,REC0060,1023.78,Food,Mumbai,iOS,QR,0,normal
TXN005165,2026-02-01 22:46:00,USER0571,REC0048,2241.78,Transfer,Bengaluru,Android,QR,0,normal
TXN008064,2026-02-01 22:55:00,USER0918,REC0346,802.69,Food,Pune,Android,App,0,normal
TXN004442,2026-02-01 23:09:00,USER0214,REC0361,435.8,Transfer,Delhi,Android,QR,0,normal
TXN006478,2026-02-01 23:14:00,USER0669,REC0118,558.52,Food,Mumbai,Android,App,0,normal
TXN004174,2026-02-01 23:16:00,USER0746,REC0315,447.16,Food,Delhi,Android,QR,0,normal
TXN005446,2026-02-01 23:24:00,USER0057,REC0013,275.37,Food,Pune,Android,Collect Request,0,normal
TXN007551,2026-02-01 23:31:00,USER0067,REC0377,215.84,Groceries,Bengaluru,iOS,App,0,normal
TXN002885,2026-02-01 23:32:00,USER0628,REC0293,796.82,Food,Pune,Android,App,0,normal
TXN009988,2026-02-01 23:34:00,USER0141,REC0174,583.34,Food,Hyderabad,Android,QR,0,normal
TXN008564,2026-02-01 23:35:00,USER0992,REC0091,662.37,Groceries,Hyderabad,iOS,App,0,normal
TXN009767,2026-02-01 23:51:00,USER0431,REC0058,510.09,Bills,Delhi,Android,App,0,normal
TXN009090,2026-02-01 23:55:00,USER0598,REC0033,285.84,Transfer,Pune,iOS,QR,0,normal
TXN003407,2026-02-01 23:58:00,USER0060,REC0482,1639.81,Groceries,Chennai,Android,App,0,normal
TXN006712,2026-02-02 01:38:00,USER0797,REC0279,319.6,Bills,Bengaluru,Android,QR,0,normal
TXN007569,2026-02-02 01:56:00,USER0479,REC0132,620.78,Groceries,Hyderabad,iOS,QR,0,normal
TXN008424,2026-02-02 02:27:00,USER0381,REC0261,155.72,Groceries,Mumbai,Android,App,0,normal
TXN002562,2026-02-02 02:28:00,USER0770,REC0046,381.13,Food,Pune,Android,App,1,late_night_payment
TXN007221,2026-02-02 02:52:00,USER0251,REC0445,508.72,Food,Pune,iOS,App,0,normal
TXN000521,2026-02-02 03:02:00,USER0991,REC0287,705.11,Groceries,Hyderabad,iOS,QR,1,late_night_payment
TXN007761,2026-02-02 03:06:00,USER0147,REC0100,1246.0,Travel,Delhi,Android,Collect Request,0,normal
TXN007681,2026-02-02 03:20:00,USER0019,REC0435,569.83,Shopping,Chennai,Android,App,0,normal
TXN008004,2026-02-02 03:22:00,USER0247,REC0356,439.03,Groceries,Chennai,iOS,QR,0,normal
TXN002490,2026-02-02 03:55:00,USER0168,REC0411,933.61,Bills,Hyderabad,Android,QR,0,normal
TXN009080,2026-02-02 04:12:00,USER0089,REC0390,1341.85,Bills,Bengaluru,iOS,App,1,late_night_payment
TXN008992,2026-02-02 04:24:00,USER0161,REC0321,1305.78,Groceries,Bengaluru,iOS,QR,0,normal
TXN003054,2026-02-02 04:35:00,USER0303,REC0038,338.04,Groceries,Chennai,iOS,App,0,normal
TXN009641,2026-02-02 05:40:00,USER0742,REC0417,363.88,Food,Hyderabad,Android,App,0,normal
TXN008925,2026-02-02 05:50:00,USER0111,REC0497,2048.62,Groceries,Hyderabad,Android,App,0,normal
TXN001685,2026-02-02 06:12:00,USER0613,REC0064,681.65,Groceries,Bengaluru,Android,App,0,normal
TXN003131,2026-02-02 06:59:00,USER0932,REC0347,572.9,Shopping,Delhi,Android,App,0,normal
TXN003857,2026-02-02 07:33:00,USER0109,REC0271,645.69,Food,Hyderabad,Android,QR,0,normal
TXN004786,2026-02-02 07:52:00,USER0217,REC0382,1308.84,Transfer,Delhi,Android,QR,0,normal
TXN008790,2026-02-02 08:10:00,USER0742,REC0369,411.42,Groceries,Chennai,iOS,App,0,normal
TXN001699,2026-02-02 08:50:00,USER0961,REC0222,1743.7,Transfer,Delhi,Android,App,0,normal
TXN003848,2026-02-02 08:52:00,USER0509,REC0376,887.7,Transfer,Pune,Android,QR,0,normal
TXN001927,2026-02-02 08:59:00,USER0159,REC0154,467.13,Travel,Delhi,Android,App,0,normal
TXN002759,2026-02-02 09:12:00,USER0821,REC0029,421.0,Bills,Pune,Android,App,0,normal
TXN003465,2026-02-02 09:14:00,USER0761,REC0142,273.7,Groceries,Delhi,iOS,App,0,normal
TXN007881,2026-02-02 09:23:00,USER0663,REC0392,586.97,Transfer,Mumbai,Android,QR,0,normal
TXN007342,2026-02-02 09:27:00,USER0067,REC0438,1159.32,Food,Delhi,Android,QR,0,normal
TXN003711,2026-02-02 09:35:00,USER0025,REC0235,724.72,Groceries,Pune,Android,App,0,normal
TXN005373,2026-02-02 09:53:00,USER0745,REC0321,208.87,Groceries,Hyderabad,Android,QR,0,normal
TXN005033,2026-02-02 09:59:00,USER0048,REC0484,3451.84,Groceries,Chennai,iOS,App,0,normal
TXN005490,2026-02-02 10:49:00,USER0787,REC0422,1172.09,Groceries,Chennai,Android,QR,0,normal
TXN000998,2026-02-02 11:01:00,USER0024,REC0331,192.94,Bills,Delhi,Android,App,0,normal
TXN002486,2026-02-02 11:14:00,USER0038,REC0251,564.54,Transfer,Pune,iOS,QR,0,normal
TXN000765,2026-02-02 11:17:00,USER0903,REC0405,187.47,Travel,Hyderabad,iOS,App,0,normal
TXN003086,2026-02-02 11:21:00,USER0923,REC0214,538.18,Transfer,Delhi,Android,App,0,normal
TXN009918,2026-02-02 11:33:00,USER0447,REC0439,199.76,Food,Delhi,Android,QR,0,normal
TXN002053,2026-02-02 12:09:00,USER0789,REC0261,1349.87,Food,Delhi,Android,App,0,normal
TXN008935,2026-02-02 12:15:00,USER0831,REC0322,195.39,Transfer,Mumbai,iOS,App,0,normal
TXN004182,2026-02-02 12:24:00,USER0480,REC0251,2206.55,Transfer,Mumbai,Android,App,0,normal
TXN001925,2026-02-02 12:34:00,USER0984,REC0453,667.62,Groceries,Delhi,Android,App,0,normal
TXN001572,2026-02-02 12:55:00,USER0738,REC0435,410.69,Travel,Chennai,Android,QR,0,normal
TXN002850,2026-02-02 13:03:00,USER0081,REC0039,222.4,Groceries,Chennai,Android,QR,0,normal
TXN000194,2026-02-02 13:30:00,USER0690,REC0019,3495.92,Shopping,Hyderabad,Android,QR,0,normal
TXN002827,2026-02-02 13:50:00,USER0488,REC0092,568.43,Shopping,Pune,iOS,QR,0,normal
TXN009859,2026-02-02 14:13:00,USER0463,REC0325,795.75,Transfer,Bengaluru,Android,QR,0,normal
TXN002441,2026-02-02 14:37:00,USER0406,REC0263,301.92,Bills,Hyderabad,iOS,App,0,normal
TXN002191,2026-02-02 15:04:00,USER0726,REC0462,1706.93,Shopping,Hyderabad,Android,App,0,normal
TXN002145,2026-02-02 15:08:00,USER0424,REC0061,373.5,Shopping,Hyderabad,iOS,QR,0,normal
TXN001773,2026-02-02 15:24:00,USER0389,REC0037,960.69,Groceries,Bengaluru,Android,QR,0,normal
TXN009760,2026-02-02 17:05:00,USER0354,REC0384,1075.86,Travel,Chennai,Android,App,0,normal
TXN003237,2026-02-02 17:09:00,USER0941,REC0444,131.59,Bills,Delhi,Android,App,0,normal
TXN000301,2026-02-02 17:32:00,USER0051,REC0008,76.51,Food,Hyderabad,Android,App,0,normal
TXN006749,2026-02-02 17:47:00,USER0255,REC0185,2066.36,Shopping,Delhi,Android,App,0,normal
TXN009874,2026-02-02 17:48:00,USER0285,REC0262,1173.08,Bills,Mumbai,iOS,QR,0,normal
TXN000053,2026-02-02 18:02:00,USER0789,REC0085,465.82,Shopping,Chennai,Android,Collect Request,0,normal
TXN009506,2026-02-02 18:28:00,USER0321,REC0183,1005.1,Bills,Delhi,Android,QR,0,normal
TXN000746,2026-02-02 18:39:00,USER0031,REC0056,1343.14,Groceries,Chennai,Android,App,0,normal
TXN002893,2026-02-02 18:59:00,USER0250,REC0210,652.46,Groceries,Hyderabad,Android,App,0,normal
TXN006888,2026-02-02 19:01:00,USER0413,REC0418,156.76,Groceries,Chennai,Android,QR,0,normal
TXN002763,2026-02-02 19:11:00,USER0138,REC0249,1254.86,Bills,Delhi,iOS,QR,0,normal
TXN006356,2026-02-02 19:42:00,USER0572,REC0177,570.95,Groceries,Chennai,iOS,QR,0,normal
TXN001052,2026-02-02 20:13:00,USER0916,REC0217,44071.16,Food,Chennai,iOS,QR,1,unusually_high_amount
TXN003115,2026-02-02 20:18:00,USER0700,REC0152,1138.73,Transfer,Hyderabad,iOS,QR,0,normal
TXN004750,2026-02-02 20:30:00,USER0549,REC0091,849.76,Food,Chennai,Android,QR,0,normal
TXN009487,2026-02-02 20:42:00,USER0991,REC0151,75.49,Groceries,Chennai,Android,App,0,normal
TXN005858,2026-02-02 20:47:00,USER0005,REC0039,606.91,Transfer,Pune,Android,QR,0,normal
TXN009209,2026-02-02 21:08:00,USER0829,REC0484,579.35,Groceries,Chennai,Android,App,0,normal
TXN001360,2026-02-02 21:13:00,USER0371,REC0215,422.86,Groceries,Bengaluru,Android,App,0,normal
TXN003101,2026-02-02 21:28:00,USER0295,REC0192,1713.97,Shopping,Bengaluru,Android,App,0,normal
TXN007234,2026-02-02 21:29:00,USER0572,REC0041,390.97,Groceries,Hyderabad,Android,App,0,normal
TXN009261,2026-02-02 22:06:00,USER0982,REC0319,168.77,Travel,Bengaluru,iOS,QR,0,normal
TXN002201,2026-02-02 22:33:00,USER0536,REC0363,176.87,Food,Hyderabad,Android,App,0,normal
TXN000201,2026-02-02 23:07:00,USER0232,REC0226,275.24,Shopping,Pune,iOS,App,0,normal
TXN002056,2026-02-02 23:17:00,USER0117,REC0414,208.06,Transfer,Pune,Android,App,0,normal
TXN000630,2026-02-02 23:24:00,USER0346,REC0357,1569.23,Shopping,Delhi,Android,App,0,normal
TXN006467,2026-02-02 23:28:00,USER0306,REC0228,651.42,Food,Pune,Android,Collect Request,0,normal
TXN004093,2026-02-02 23:32:00,USER0155,REC0218,1219.94,Transfer,Hyderabad,iOS,App,0,normal
TXN003677,2026-02-02 23:36:00,USER0349,REC0045,1449.14,Food,Mumbai,Android,App,0,normal
TXN004738,2026-02-02 23:48:00,USER0914,REC0272,488.81,Travel,Bengaluru,Android,App,0,normal
TXN001138,2026-02-02 23:52:00,USER0195,REC0163,287.69,Groceries,Pune,Android,App,0,normal
TXN000063,2026-02-02 23:56:00,USER0851,REC0156,822.61,Shopping,Delhi,iOS,App,0,normal
TXN006670,2026-02-03 00:02:00,USER0213,REC0244,1001.22,Bills,Chennai,iOS,QR,0,normal
TXN008098,2026-02-03 00:07:00,USER0993,REC0216,466.43,Food,Delhi,iOS,QR,0,normal
TXN007706,2026-02-03 00:09:00,USER0136,REC0135,183.69,Shopping,Delhi,Android,Collect Request,0,normal
TXN009207,2026-02-03 00:45:00,USER0982,REC0100,495.37,Bills,Delhi,Android,App,0,normal
TXN000393,2026-02-03 01:10:00,USER0672,REC0198,303.37,Food,Mumbai,Android,App,0,normal
TXN000628,2026-02-03 01:49:00,USER0639,REC0500,540.93,Bills,Hyderabad,Android,QR,0,normal
TXN009119,2026-02-03 01:57:00,USER0484,REC0333,528.49,Transfer,Delhi,Android,App,0,normal
TXN007651,2026-02-03 01:59:00,USER0587,REC0396,944.44,Food,Delhi,Android,QR,0,normal
TXN002356,2026-02-03 02:40:00,USER0360,REC0351,1169.34,Food,Mumbai,Android,QR,0,normal
TXN005046,2026-02-03 03:04:00,USER0463,REC0470,647.91,Bills,Chennai,Android,App,0,normal
TXN004950,2026-02-03 03:22:00,USER0388,REC0299,888.21,Groceries,Pune,Android,App,0,normal
TXN004478,2026-02-03 03:37:00,USER0483,REC0485,174.24,Groceries,Chennai,Android,QR,0,normal
TXN002279,2026-02-03 04:28:00,USER0163,REC0031,682.65,Groceries,Bengaluru,Android,Collect Request,0,normal
TXN004486,2026-02-03 04:46:00,USER0704,REC0257,391.34,Travel,Bengaluru,Android,Collect Request,0,normal
TXN001271,2026-02-03 04:59:00,USER0419,REC0221,1366.67,Food,Hyderabad,Android,QR,0,normal
TXN006815,2026-02-03 05:00:00,USER0300,REC0162,479.6,Food,Delhi,Android,App,0,normal
TXN003948,2026-02-03 05:00:00,USER0952,REC0161,238.12,Food,Mumbai,Android,App,0,normal
TXN006989,2026-02-03 05:27:00,USER0898,REC0127,306.67,Transfer,Chennai,Android,App,0,normal
TXN008953,2026-02-03 05:27:00,USER0721,REC0290,120.75,Food,Delhi,Android,Collect Request,0,normal
TXN003108,2026-02-03 05:37:00,USER0079,REC0056,592.81,Bills,Delhi,Android,QR,0,normal
TXN003011,2026-02-03 05:45:00,USER0199,REC0114,188.84,Bills,Chennai,Android,QR,0,normal
TXN002767,2026-02-03 05:46:00,USER0433,REC0177,853.21,Transfer,Pune,Android,QR,0,normal
TXN008162,2026-02-03 06:03:00,USER0467,REC0250,755.71,Food,Mumbai,iOS,Collect Request,0,normal
TXN004676,2026-02-03 06:16:00,USER0489,REC0258,1159.14,Shopping,Mumbai,Android,QR,0,normal
TXN002587,2026-02-03 06:48:00,USER0949,REC0332,465.57,Bills,Mumbai,Android,Collect Request,0,normal
TXN001151,2026-02-03 06:54:00,USER0005,REC0278,810.62,Food,Mumbai,Android,QR,0,normal
TXN004947,2026-02-03 07:06:00,USER0816,REC0393,560.31,Transfer,Chennai,Android,App,0,normal
TXN002696,2026-02-03 07:09:00,USER0728,REC0029,1010.3,Food,Mumbai,Android,QR,0,normal
TXN006593,2026-02-03 07:24:00,USER0864,REC0400,534.09,Groceries,Hyderabad,iOS,Collect Request,0,normal
TXN005149,2026-02-03 07:31:00,USER0013,REC0359,542.1,Groceries,Bengaluru,Android,QR,0,normal
TXN005195,2026-02-03 07:41:00,USER0521,REC0429,449.38,Shopping,Pune,Android,App,0,normal
TXN007375,2026-02-03 07:50:00,USER0772,REC0363,409.23,Food,Bengaluru,Android,QR,0,normal
TXN009703,2026-02-03 07:56:00,USER0412,REC0038,796.75,Food,Delhi,Android,App,0,normal
TXN007543,2026-02-03 07:57:00,USER0269,REC0455,218.16,Shopping,Mumbai,Android,QR,0,normal
TXN009934,2026-02-03 08:10:00,USER0374,REC0387,480.26,Groceries,Hyderabad,iOS,Collect Request,0,normal
TXN000068,2026-02-03 08:11:00,USER0525,REC0056,909.33,Travel,Delhi,Android,QR,0,normal
TXN005691,2026-02-03 08:29:00,USER0003,REC0237,154.73,Shopping,Hyderabad,iOS,App,0,normal
TXN007742,2026-02-03 08:33:00,USER0550,REC0180,653.84,Shopping,Mumbai,Android,App,0,normal
TXN000022,2026-02-03 08:55:00,USER0235,REC0363,762.76,Food,Mumbai,Android,App,0,normal
TXN001967,2026-02-03 09:05:00,USER0613,REC0360,451.44,Food,Mumbai,Android,App,0,normal
TXN003006,2026-02-03 09:10:00,USER0580,REC0236,522.07,Food,Pune,Android,App,0,normal
TXN000332,2026-02-03 09:11:00,USER0734,REC0477,459.66,Groceries,Delhi,Android,App,0,normal
TXN002407,2026-02-03 09:26:00,USER0493,REC0443,362.0,Food,Hyderabad,Android,QR,0,normal
TXN000909,2026-02-03 09:41:00,USER0958,REC0054,1355.18,Food,Pune,Android,App,0,normal
TXN001864,2026-02-03 09:54:00,USER0248,REC0395,1230.32,Transfer,Mumbai,Android,QR,0,normal
TXN008822,2026-02-03 09:57:00,USER0343,REC0175,2353.16,Food,Chennai,Android,QR,0,normal
TXN008817,2026-02-03 10:28:00,USER0387,REC0335,331.83,Food,Bengaluru,Android,QR,0,normal
TXN003254,2026-02-03 10:31:00,USER0642,REC0105,221.4,Food,Delhi,Android,App,0,normal
TXN003493,2026-02-03 10:36:00,USER0367,REC0496,307.43,Shopping,Pune,Android,App,0,normal
TXN005678,2026-02-03 10:53:00,USER0742,REC0251,374.14,Shopping,Bengaluru,iOS,QR,0,normal
TXN007961,2026-02-03 11:30:00,USER0779,REC0479,59.71,Transfer,Delhi,Android,QR,0,normal
TXN008868,2026-02-03 11:31:00,USER0455,REC0439,823.37,Groceries,Pune,Android,App,0,normal
TXN002415,2026-02-03 11:35:00,USER0080,REC0490,3561.53,Shopping,Chennai,Android,QR,0,normal
TXN007970,2026-02-03 11:41:00,USER0597,REC0489,792.56,Groceries,Pune,Android,QR,0,normal
TXN006739,2026-02-03 11:54:00,USER0312,REC0289,728.97,Food,Mumbai,Android,Collect Request,0,normal
TXN001044,2026-02-03 12:05:00,USER0250,REC0375,216.31,Shopping,Hyderabad,Android,QR,0,normal
TXN006065,2026-02-03 12:36:00,USER0144,REC0360,1105.09,Shopping,Bengaluru,Android,App,0,normal
TXN001937,2026-02-03 12:48:00,USER0349,REC0413,943.98,Bills,Chennai,Android,QR,0,normal
TXN001268,2026-02-03 13:02:00,USER0072,REC0318,1652.42,Food,Bengaluru,Android,App,0,normal
TXN004171,2026-02-03 13:03:00,USER0731,REC0084,1043.2,Food,Mumbai,Android,App,0,normal
TXN007511,2026-02-03 13:05:00,USER0879,REC0083,475.6,Bills,Pune,Android,QR,0,normal
TXN002654,2026-02-03 13:48:00,USER0847,REC0347,2126.25,Food,Bengaluru,iOS,QR,0,normal
TXN007353,2026-02-03 14:15:00,USER0036,REC0340,430.94,Groceries,Delhi,iOS,Collect Request,0,normal
TXN009833,2026-02-03 14:21:00,USER0394,REC0340,427.17,Transfer,Bengaluru,Android,QR,0,normal
TXN004958,2026-02-03 14:30:00,USER0425,REC0484,144.81,Groceries,Hyderabad,Android,App,0,normal
TXN009408,2026-02-03 14:57:00,USER0280,REC0009,753.02,Bills,Chennai,Android,QR,0,normal
TXN000576,2026-02-03 15:00:00,USER0555,REC0446,351.97,Shopping,Hyderabad,Android,Collect Request,0,normal
TXN000374,2026-02-03 15:06:00,USER0023,REC0290,1882.91,Groceries,Bengaluru,Android,QR,0,normal
TXN004040,2026-02-03 15:13:00,USER0554,REC0109,321.77,Bills,Mumbai,Android,App,0,normal
TXN006130,2026-02-03 15:40:00,USER0940,REC0176,352.97,Food,Delhi,Android,App,0,normal
TXN003025,2026-02-03 15:42:00,USER0781,REC0462,35834.44,Transfer,Hyderabad,iOS,App,1,unusually_high_amount
TXN007693,2026-02-03 16:00:00,USER0684,REC0194,1049.09,Bills,Chennai,Android,QR,0,normal
TXN006685,2026-02-03 16:06:00,USER0335,REC0071,1993.15,Travel,Hyderabad,Android,App,0,normal
TXN000498,2026-02-03 16:14:00,USER0103,REC0019,1745.0,Transfer,Delhi,Android,Collect Request,0,normal
TXN007810,2026-02-03 16:38:00,USER0948,REC0027,994.05,Food,Bengaluru,Android,App,0,normal
TXN002680,2026-02-03 16:50:00,USER0714,REC0109,404.63,Travel,Delhi,Android,App,0,normal
TXN004345,2026-02-03 16:51:00,USER0164,REC0030,297.66,Food,Mumbai,Android,QR,0,normal
TXN001857,2026-02-03 17:59:00,USER0644,REC0146,1196.75,Groceries,Chennai,Android,App,0,normal
TXN006949,2026-02-03 18:05:00,USER0155,REC0127,671.45,Food,Hyderabad,Android,App,0,normal
TXN005092,2026-02-03 18:36:00,USER0306,REC0379,380.22,Food,Mumbai,iOS,App,0,normal
TXN009647,2026-02-03 19:12:00,USER0697,REC0189,1288.4,Groceries,Hyderabad,Android,App,0,normal
TXN008816,2026-02-03 19:18:00,USER0127,REC0317,1426.09,Transfer,Hyderabad,Android,QR,0,normal
TXN006225,2026-02-03 19:37:00,USER0908,REC0500,289.9,Food,Mumbai,Android,App,0,normal
TXN004955,2026-02-03 19:43:00,USER0440,REC0112,272.66,Groceries,Mumbai,Android,App,0,normal
TXN000770,2026-02-03 20:56:00,USER0238,REC0382,321.97,Transfer,Chennai,iOS,App,0,normal
TXN000913,2026-02-03 20:58:00,USER0177,REC0425,533.8,Groceries,Hyderabad,Android,App,0,normal
TXN005235,2026-02-03 21:03:00,USER0510,REC0409,793.54,Transfer,Bengaluru,Android,QR,0,normal
TXN005700,2026-02-03 21:10:00,USER0704,REC0309,339.48,Shopping,Mumbai,Android,QR,0,normal
TXN006280,2026-02-03 21:19:00,USER0324,REC0413,1206.96,Transfer,Chennai,iOS,App,0,normal
TXN002724,2026-02-03 21:44:00,USER0640,REC0231,461.5,Groceries,Bengaluru,Android,Collect Request,0,normal
TXN004664,2026-02-03 21:44:00,USER0886,REC0320,230.1,Travel,Bengaluru,Android,App,0,normal
TXN003951,2026-02-03 22:19:00,USER0823,REC0499,480.78,Travel,Chennai,Android,QR,0,normal
TXN001748,2026-02-03 22:37:00,USER0155,REC0131,721.81,Bills,Mumbai,Android,QR,0,normal
TXN008657,2026-02-03 22:40:00,USER0514,REC0390,274.8,Food,Bengaluru,Android,QR,0,normal
TXN001772,2026-02-03 22:45:00,USER0043,REC0115,2880.65,Transfer,Bengaluru,Android,App,0,normal
TXN005141,2026-02-03 22:48:00,USER0114,REC0023,435.62,Food,Bengaluru,Android,App,0,normal
TXN005076,2026-02-03 22:55:00,USER0823,REC0272,1246.64,Groceries,Hyderabad,Android,App,0,normal
TXN005279,2026-02-03 23:54:00,USER0488,REC0008,1028.78,Shopping,Bengaluru,iOS,QR,0,normal
TXN004056,2026-02-04 00:07:00,USER0252,REC0239,954.63,Shopping,Delhi,Android,QR,0,normal
TXN006060,2026-02-04 00:09:00,USER0592,REC0175,235.78,Transfer,Hyderabad,iOS,App,1,late_night_payment
TXN006063,2026-02-04 00:23:00,USER0691,REC0151,402.05,Bills,Pune,Android,App,0,normal
TXN003964,2026-02-04 00:54:00,USER0966,REC0117,549.93,Groceries,Hyderabad,Android,App,0,normal
TXN002920,2026-02-04 01:08:00,USER0713,REC0003,2178.79,Shopping,Mumbai,Android,Collect Request,0,normal
TXN003228,2026-02-04 01:10:00,USER0112,REC0389,1124.54,Shopping,Pune,Android,App,0,normal
TXN007057,2026-02-04 01:16:00,USER0952,REC0062,494.41,Groceries,Chennai,Android,App,0,normal
TXN002592,2026-02-04 01:45:00,USER0797,REC0426,652.48,Bills,Bengaluru,iOS,App,0,normal
TXN004250,2026-02-04 01:49:00,USER0291,REC0499,788.71,Shopping,Delhi,Android,Collect Request,0,normal
TXN008078,2026-02-04 02:17:00,USER0361,REC0423,334.26,Travel,Chennai,Android,Collect Request,0,normal
TXN004506,2026-02-04 02:21:00,USER0854,REC0381,859.48,Food,Delhi,iOS,QR,0,normal
TXN004401,2026-02-04 02:41:00,USER0091,REC0281,302.18,Travel,Delhi,Android,App,0,normal
TXN002569,2026-02-04 02:44:00,USER0998,REC0348,427.6,Shopping,Bengaluru,iOS,QR,0,normal
TXN001718,2026-02-04 02:45:00,USER0555,REC0338,413.41,Food,Pune,iOS,App,0,normal
TXN005810,2026-02-04 02:54:00,USER0955,REC0074,1195.96,Shopping,Chennai,Android,App,0,normal
TXN003737,2026-02-04 02:55:00,USER0479,REC0417,257.02,Shopping,Chennai,Android,App,0,normal
TXN007713,2026-02-04 03:03:00,USER0297,REC0070,1888.78,Bills,Bengaluru,Android,App,0,normal
TXN008852,2026-02-04 03:12:00,USER0782,REC0222,204.96,Groceries,Bengaluru,iOS,QR,0,normal
TXN000634,2026-02-04 03:38:00,USER0041,REC0174,2236.51,Food,Hyderabad,Android,App,0,normal
TXN006082,2026-02-04 04:11:00,USER0171,REC0488,748.81,Bills,Delhi,Android,QR,0,normal
TXN001066,2026-02-04 04:22:00,USER0519,REC0173,329.5,Shopping,Bengaluru,Android,QR,1,late_night_payment
TXN000379,2026-02-04 04:46:00,USER0314,REC0269,796.2,Travel,Hyderabad,iOS,App,0,normal
TXN007338,2026-02-04 04:47:00,USER0597,REC0313,251.3,Travel,Chennai,Android,QR,0,normal
TXN004935,2026-02-04 04:47:00,USER0010,REC0133,355.13,Bills,Pune,iOS,Collect Request,0,normal
TXN004881,2026-02-04 04:53:00,USER0389,REC0393,394.21,Food,Chennai,Android,App,0,normal
TXN009471,2026-02-04 05:02:00,USER0637,REC0136,395.31,Food,Bengaluru,iOS,QR,0,normal
TXN001945,2026-02-04 05:05:00,USER0738,REC0387,1160.13,Groceries,Bengaluru,Android,App,0,normal
TXN005702,2026-02-04 05:18:00,USER0547,REC0356,585.67,Transfer,Bengaluru,iOS,QR,0,normal
TXN003531,2026-02-04 05:43:00,USER0806,REC0260,452.79,Groceries,Pune,Android,QR,0,normal
TXN005683,2026-02-04 06:21:00,USER0401,REC0017,531.04,Groceries,Delhi,Android,Collect Request,0,normal
TXN002544,2026-02-04 06:22:00,USER0222,REC0160,293.93,Food,Chennai,iOS,QR,0,normal
TXN005161,2026-02-04 06:35:00,USER0142,REC0494,278.38,Transfer,Bengaluru,Android,App,0,normal
TXN007048,2026-02-04 06:49:00,USER0416,REC0112,693.46,Travel,Delhi,Android,App,0,normal
TXN000188,2026-02-04 07:00:00,USER0365,REC0317,342.86,Food,Delhi,Android,QR,0,normal
TXN005384,2026-02-04 07:37:00,USER0424,REC0288,7842.18,Travel,Mumbai,Android,App,0,normal
TXN007433,2026-02-04 07:37:00,USER0370,REC0060,563.81,Transfer,Hyderabad,Android,QR,0,normal
TXN008894,2026-02-04 07:42:00,USER0543,REC0352,632.61,Groceries,Mumbai,Android,QR,0,normal
TXN007380,2026-02-04 07:50:00,USER0826,REC0158,340.0,Bills,Bengaluru,iOS,QR,0,normal
TXN004961,2026-02-04 08:28:00,USER0529,REC0239,815.12,Food,Chennai,Android,App,0,normal
TXN001285,2026-02-04 08:43:00,USER0631,REC0439,85.02,Transfer,Mumbai,Android,App,0,normal
TXN009883,2026-02-04 09:11:00,USER0805,REC0088,564.66,Groceries,Pune,Android,QR,0,normal
TXN003063,2026-02-04 10:03:00,USER0425,REC0386,2544.45,Food,Bengaluru,Android,QR,0,normal
TXN003815,2026-02-04 10:31:00,USER0833,REC0448,101.86,Food,Delhi,iOS,App,0,normal
TXN009391,2026-02-04 10:38:00,USER0349,REC0149,675.67,Groceries,Mumbai,iOS,App,0,normal
TXN006067,2026-02-04 10:40:00,USER0802,REC0465,596.98,Groceries,Mumbai,Android,App,0,normal
TXN003424,2026-02-04 10:48:00,USER0857,REC0028,150.45,Transfer,Pune,Android,QR,0,normal
TXN008288,2026-02-04 11:16:00,USER0676,REC0397,1128.06,Travel,Bengaluru,Android,QR,0,normal
TXN004385,2026-02-04 11:53:00,USER0692,REC0287,992.31,Transfer,Delhi,Android,QR,0,normal
TXN000758,2026-02-04 11:58:00,USER0217,REC0261,484.73,Food,Mumbai,Android,App,0,normal
TXN001593,2026-02-04 12:00:00,USER0661,REC0394,393.51,Groceries,Pune,Android,Collect Request,0,normal
TXN004972,2026-02-04 12:01:00,USER0791,REC0327,576.2,Food,Pune,iOS,App,0,normal
TXN002875,2026-02-04 12:27:00,USER0869,REC0216,246.02,Travel,Chennai,iOS,QR,0,normal
TXN002581,2026-02-04 12:46:00,USER0501,REC0148,430.59,Bills,Pune,Android,App,0,normal
TXN008875,2026-02-04 13:11:00,USER0537,REC0376,291.65,Transfer,Chennai,Android,QR,0,normal
TXN001017,2026-02-04 13:16:00,USER0872,REC0178,603.01,Shopping,Bengaluru,Android,App,0,normal
TXN005802,2026-02-04 13:20:00,USER0359,REC0122,1379.9,Bills,Chennai,Android,App,0,normal
TXN002405,2026-02-04 13:20:00,USER0310,REC0426,270.54,Groceries,Bengaluru,Android,App,0,normal
TXN001159,2026-02-04 13:54:00,USER0723,REC0370,262.01,Groceries,Delhi,iOS,App,0,normal
TXN008474,2026-02-04 14:06:00,USER0361,REC0473,244.22,Shopping,Hyderabad,iOS,QR,0,normal
TXN001468,2026-02-04 14:31:00,USER0896,REC0493,790.95,Transfer,Delhi,Android,QR,0,normal
TXN001761,2026-02-04 14:53:00,USER0205,REC0472,316.13,Bills,Mumbai,Android,QR,0,normal
TXN004626,2026-02-04 14:54:00,USER0403,REC0095,999.13,Shopping,Bengaluru,iOS,QR,0,normal
TXN009017,2026-02-04 15:19:00,USER0463,REC0320,304.19,Shopping,Mumbai,iOS,QR,0,normal
TXN001881,2026-02-04 15:22:00,USER0229,REC0052,1408.18,Groceries,Delhi,iOS,App,0,normal
TXN007005,2026-02-04 15:43:00,USER0794,REC0327,551.24,Travel,Bengaluru,Android,QR,0,normal
TXN000614,2026-02-04 15:47:00,USER0999,REC0254,580.59,Groceries,Delhi,Android,QR,0,normal
TXN004252,2026-02-04 15:57:00,USER0998,REC0410,484.98,Bills,Pune,iOS,App,0,normal
TXN008248,2026-02-04 16:08:00,USER0349,REC0274,566.33,Transfer,Pune,Android,App,0,normal
TXN002428,2026-02-04 16:23:00,USER0599,REC0040,650.81,Travel,Bengaluru,iOS,App,0,normal
TXN005580,2026-02-04 16:29:00,USER0240,REC0135,715.7,Bills,Mumbai,iOS,QR,0,normal
TXN004490,2026-02-04 17:35:00,USER0466,REC0431,1147.63,Food,Mumbai,Android,Collect Request,0,normal
TXN008733,2026-02-04 18:01:00,USER0396,REC0006,1230.56,Transfer,Delhi,Android,App,0,normal
TXN001385,2026-02-04 18:27:00,USER0242,REC0018,1247.28,Food,Hyderabad,Android,QR,0,normal
TXN002848,2026-02-04 18:29:00,USER0783,REC0061,466.03,Food,Hyderabad,Android,App,0,normal
TXN007828,2026-02-04 18:34:00,USER0406,REC0052,1147.44,Food,Bengaluru,iOS,App,0,normal
TXN006927,2026-02-04 18:47:00,USER0355,REC0347,810.31,Food,Pune,Android,App,0,normal
TXN003023,2026-02-04 19:33:00,USER0010,REC0153,1673.23,Food,Hyderabad,Android,App,0,normal
TXN007152,2026-02-04 19:57:00,USER0525,REC0415,1091.87,Food,Chennai,Android,QR,0,normal
TXN007837,2026-02-04 20:10:00,USER0197,REC0275,1595.34,Bills,Mumbai,Android,App,0,normal
TXN009826,2026-02-04 20:46:00,USER0891,REC0307,1044.33,Food,Chennai,Android,QR,0,normal
TXN000094,2026-02-04 20:57:00,USER0230,REC0319,3307.12,Shopping,Delhi,iOS,App,0,normal
TXN009758,2026-02-04 21:00:00,USER0176,REC0050,1080.37,Transfer,Mumbai,Android,App,0,normal
TXN009627,2026-02-04 21:10:00,USER0652,REC0294,285.7,Transfer,Hyderabad,Android,App,0,normal
TXN006392,2026-02-04 22:11:00,USER0520,REC0251,139.15,Food,Chennai,Android,App,0,normal
TXN002835,2026-02-04 22:12:00,USER0319,REC0315,558.03,Groceries,Pune,iOS,App,0,normal
TXN004498,2026-02-04 22:24:00,USER0787,REC0265,220.89,Bills,Mumbai,iOS,App,0,normal
TXN001629,2026-02-04 22:27:00,USER0492,REC0331,1336.68,Food,Mumbai,Android,App,0,normal
TXN007179,2026-02-04 23:12:00,USER0963,REC0101,724.04,Bills,Hyderabad,Android,App,0,normal
TXN005383,2026-02-04 23:28:00,USER0084,REC0463,606.28,Groceries,Delhi,Android,App,0,normal
TXN002779,2026-02-04 23:36:00,USER0394,REC0226,130.52,Shopping,Mumbai,Android,QR,0,normal
TXN006089,2026-02-05 00:20:00,USER0423,REC0201,610.01,Groceries,Bengaluru,Android,QR,0,normal
TXN003059,2026-02-05 00:24:00,USER0233,REC0263,319.73,Bills,Mumbai,Android,App,0,normal
TXN002600,2026-02-05 00:26:00,USER0966,REC0322,351.45,Travel,Pune,Android,App,0,normal
TXN005314,2026-02-05 00:38:00,USER0794,REC0100,1049.62,Shopping,Delhi,Android,QR,1,late_night_payment
TXN006935,2026-02-05 00:51:00,USER0048,REC0061,1707.86,Food,Delhi,Android,App,0,normal
TXN007296,2026-02-05 00:57:00,USER0248,REC0381,672.31,Food,Chennai,Android,App,0,normal
TXN005339,2026-02-05 01:00:00,USER0638,REC0173,1595.45,Bills,Chennai,Android,QR,0,normal
TXN006053,2026-02-05 01:17:00,USER0720,REC0258,573.85,Shopping,Bengaluru,iOS,QR,0,normal
TXN009842,2026-02-05 01:41:00,USER0205,REC0237,788.1,Groceries,Chennai,Android,QR,0,normal
TXN002683,2026-02-05 01:46:00,USER0996,REC0137,138.12,Bills,Mumbai,Android,App,0,normal
TXN004833,2026-02-05 01:49:00,USER0446,REC0275,280.02,Transfer,Mumbai,Android,QR,0,normal
TXN008061,2026-02-05 01:54:00,USER0361,REC0049,138.37,Groceries,Hyderabad,Android,QR,0,normal
TXN004809,2026-02-05 02:05:00,USER0222,REC0351,943.69,Groceries,Delhi,iOS,App,0,normal
TXN004150,2026-02-05 02:09:00,USER0797,REC0279,710.35,Food,Chennai,Android,App,0,normal
TXN002216,2026-02-05 02:32:00,USER0130,REC0226,758.65,Shopping,Mumbai,Android,App,0,normal
TXN006187,2026-02-05 02:56:00,USER0874,REC0174,524.9,Food,Bengaluru,Android,App,0,normal
TXN007632,2026-02-05 02:57:00,USER0314,REC0484,412.37,Groceries,Chennai,Android,App,0,normal
TXN006196,2026-02-05 02:59:00,USER0529,REC0088,878.06,Shopping,Mumbai,Android,App,0,normal
TXN007174,2026-02-05 03:21:00,USER0141,REC0237,171.66,Food,Mumbai,iOS,QR,0,normal
TXN008282,2026-02-05 03:26:00,USER0436,REC0254,287.3,Food,Pune,iOS,QR,0,normal
TXN006181,2026-02-05 03:45:00,USER0144,REC0277,600.25,Travel,Hyderabad,Android,QR,0,normal
TXN005333,2026-02-05 04:21:00,USER0800,REC0112,208.11,Bills,Bengaluru,iOS,App,0,normal
TXN000809,2026-02-05 04:24:00,USER0122,REC0008,1652.03,Groceries,Delhi,Android,QR,0,normal
TXN004799,2026-02-05 04:26:00,USER0199,REC0360,401.55,Travel,Bengaluru,iOS,QR,0,normal
TXN007708,2026-02-05 04:28:00,USER0598,REC0181,702.68,Bills,Mumbai,Android,Collect Request,0,normal
TXN008613,2026-02-05 04:41:00,USER0546,REC0399,1058.85,Food,Chennai,iOS,QR,0,normal
TXN002574,2026-02-05 05:37:00,USER0505,REC0481,468.74,Travel,Pune,Android,QR,0,normal
TXN001173,2026-02-05 05:38:00,USER0208,REC0072,745.93,Shopping,Bengaluru,iOS,QR,0,normal
TXN002852,2026-02-05 05:39:00,USER0023,REC0347,1764.25,Transfer,Chennai,Android,App,0,normal
TXN009337,2026-02-05 06:07:00,USER0378,REC0468,421.99,Bills,Pune,Android,App,0,normal
TXN004162,2026-02-05 06:22:00,USER0810,REC0451,327.32,Food,Pune,Android,QR,0,normal
TXN007329,2026-02-05 06:34:00,USER0854,REC0494,166.6,Groceries,Chennai,iOS,Collect Request,0,normal
TXN005793,2026-02-05 06:35:00,USER0465,REC0223,679.72,Shopping,Hyderabad,Android,App,0,normal
TXN006998,2026-02-05 06:48:00,USER0557,REC0048,1678.06,Transfer,Chennai,Android,App,0,normal
TXN003092,2026-02-05 06:50:00,USER0846,REC0348,154.27,Bills,Bengaluru,Android,QR,0,normal
TXN004625,2026-02-05 07:05:00,USER0124,REC0157,267.06,Bills,Pune,iOS,QR,0,normal
TXN003405,2026-02-05 07:19:00,USER0481,REC0392,405.36,Groceries,Pune,Android,QR,0,normal
TXN001352,2026-02-05 07:31:00,USER0904,REC0288,103.59,Bills,Bengaluru,Android,App,0,normal
TXN002622,2026-02-05 07:46:00,USER0157,REC0202,1573.57,Food,Pune,Android,App,0,normal
TXN001094,2026-02-05 07:57:00,USER0972,REC0294,31885.91,Bills,Pune,Android,App,1,unusually_high_amount
TXN006700,2026-02-05 08:15:00,USER0051,REC0362,410.19,Shopping,Delhi,Android,QR,0,normal
TXN008072,2026-02-05 08:17:00,USER0289,REC0344,2223.92,Shopping,Chennai,iOS,App,0,normal
TXN003329,2026-02-05 08:17:00,USER0935,REC0085,350.04,Groceries,Mumbai,Android,App,0,normal
TXN004326,2026-02-05 08:18:00,USER0571,REC0086,394.02,Groceries,Mumbai,Android,QR,0,normal
TXN008142,2026-02-05 08:34:00,USER0217,REC0360,414.25,Bills,Pune,Android,QR,0,normal
TXN002384,2026-02-05 08:42:00,USER0137,REC0059,1572.07,Food,Bengaluru,Android,QR,0,normal
TXN002012,2026-02-05 08:43:00,USER0499,REC0060,670.67,Food,Pune,Android,App,0,normal
TXN006042,2026-02-05 09:25:00,USER0196,REC0446,1217.22,Shopping,Hyderabad,iOS,App,0,normal
TXN001921,2026-02-05 09:29:00,USER0861,REC0170,590.96,Bills,Chennai,Android,QR,0,normal
TXN005398,2026-02-05 09:31:00,USER0112,REC0387,673.55,Food,Pune,Android,QR,0,normal
TXN005819,2026-02-05 09:39:00,USER0160,REC0278,1503.47,Shopping,Pune,Android,QR,0,normal
TXN001283,2026-02-05 09:49:00,USER0125,REC0291,193.81,Shopping,Chennai,iOS,QR,0,normal
TXN005458,2026-02-05 09:52:00,USER0601,REC0219,941.57,Transfer,Pune,Android,App,0,normal
TXN005307,2026-02-05 09:57:00,USER0977,REC0178,528.24,Travel,Mumbai,Android,Collect Request,0,normal
TXN000552,2026-02-05 10:14:00,USER0757,REC0068,204.4,Shopping,Delhi,Android,QR,0,normal
TXN009778,2026-02-05 10:40:00,USER0040,REC0426,1884.4,Bills,Pune,Android,App,0,normal
TXN004052,2026-02-05 11:11:00,USER0523,REC0307,510.96,Food,Pune,iOS,Collect Request,0,normal
TXN005326,2026-02-05 11:13:00,USER0655,REC0279,716.5,Travel,Mumbai,iOS,QR,0,normal
TXN001774,2026-02-05 11:16:00,USER0261,REC0261,1254.38,Groceries,Chennai,Android,App,0,normal
TXN001478,2026-02-05 11:18:00,USER0915,REC0361,482.7,Food,Hyderabad,Android,App,0,normal
TXN002059,2026-02-05 11:31:00,USER0206,REC0062,573.49,Groceries,Delhi,Android,QR,0,normal
TXN002342,2026-02-05 12:04:00,USER0981,REC0036,2479.16,Food,Pune,iOS,QR,0,normal
TXN001754,2026-02-05 12:24:00,USER0608,REC0117,994.1,Food,Bengaluru,iOS,QR,0,normal
TXN002291,2026-02-05 12:29:00,USER0689,REC0210,831.46,Shopping,Delhi,Android,App,0,normal
TXN009690,2026-02-05 12:51:00,USER0211,REC0019,711.11,Groceries,Bengaluru,Android,App,0,normal
TXN001694,2026-02-05 13:12:00,USER0942,REC0354,712.59,Shopping,Delhi,iOS,App,0,normal
TXN003380,2026-02-05 13:25:00,USER0476,REC0329,618.47,Bills,Chennai,Android,App,0,normal
TXN008118,2026-02-05 13:26:00,USER0034,REC0062,427.58,Travel,Delhi,Android,QR,0,normal
TXN009497,2026-02-05 13:27:00,USER0415,REC0214,176.97,Transfer,Hyderabad,Android,App,0,normal
TXN003041,2026-02-05 13:32:00,USER0066,REC0048,822.77,Groceries,Mumbai,Android,QR,0,normal
TXN003250,2026-02-05 13:42:00,USER0013,REC0412,893.45,Groceries,Mumbai,Android,App,0,normal
TXN003695,2026-02-05 13:49:00,USER0077,REC0174,1982.84,Shopping,Bengaluru,Android,App,0,normal
TXN006309,2026-02-05 15:07:00,USER0226,REC0143,874.08,Food,Hyderabad,Android,App,0,normal
TXN007830,2026-02-05 15:10:00,USER0432,REC0500,286.63,Groceries,Bengaluru,Android,App,0,normal
TXN007920,2026-02-05 15:17:00,USER0619,REC0079,498.68,Groceries,Delhi,Android,QR,0,normal
TXN005132,2026-02-05 15:30:00,USER0884,REC0098,709.79,Shopping,Chennai,Android,QR,0,normal
TXN001666,2026-02-05 15:43:00,USER0333,REC0157,127.2,Food,Chennai,Android,App,0,normal
TXN004795,2026-02-05 16:08:00,USER0650,REC0273,1980.43,Bills,Delhi,Android,Collect Request,0,normal
TXN008328,2026-02-05 16:08:00,USER0579,REC0351,609.59,Transfer,Delhi,Android,App,0,normal
TXN003460,2026-02-05 16:18:00,USER0578,REC0091,252.58,Food,Mumbai,iOS,App,0,normal
TXN005324,2026-02-05 16:33:00,USER0992,REC0163,283.72,Food,Chennai,Android,App,0,normal
TXN006011,2026-02-05 16:47:00,USER0021,REC0420,970.78,Food,Chennai,Android,App,0,normal
TXN009117,2026-02-05 17:20:00,USER0171,REC0220,239.62,Shopping,Bengaluru,Android,App,0,normal
TXN001320,2026-02-05 17:23:00,USER0747,REC0240,860.48,Food,Delhi,Android,App,0,normal
TXN008640,2026-02-05 17:25:00,USER0096,REC0265,164.81,Groceries,Chennai,Android,App,0,normal
TXN006783,2026-02-05 17:38:00,USER0115,REC0092,377.39,Bills,Hyderabad,Android,App,0,normal
TXN002800,2026-02-05 18:01:00,USER0814,REC0489,2777.37,Bills,Mumbai,Android,App,0,normal
TXN009544,2026-02-05 18:14:00,USER0745,REC0355,705.53,Food,Pune,Android,App,0,normal
TXN009200,2026-02-05 18:19:00,USER0541,REC0371,149.21,Shopping,Chennai,Android,App,0,normal
TXN004651,2026-02-05 18:20:00,USER0543,REC0499,1585.93,Food,Bengaluru,Android,App,0,normal
TXN008467,2026-02-05 18:27:00,USER0767,REC0300,2236.22,Bills,Mumbai,iOS,App,0,normal
TXN009012,2026-02-05 18:32:00,USER0626,REC0336,411.43,Transfer,Mumbai,iOS,App,0,normal
TXN002003,2026-02-05 18:38:00,USER0073,REC0288,431.47,Food,Mumbai,Android,App,0,normal
TXN002546,2026-02-05 18:39:00,USER0594,REC0480,173.96,Bills,Chennai,iOS,App,0,normal
TXN000440,2026-02-05 18:46:00,USER0123,REC0350,171.77,Food,Mumbai,Android,Collect Request,0,normal
TXN009569,2026-02-05 19:15:00,USER0118,REC0255,659.63,Transfer,Mumbai,Android,QR,0,normal
TXN005777,2026-02-05 19:32:00,USER0267,REC0495,264.27,Shopping,Hyderabad,Android,App,0,normal
TXN006737,2026-02-05 19:55:00,USER0546,REC0005,380.24,Transfer,Delhi,iOS,QR,0,normal
TXN005043,2026-02-05 20:29:00,USER0542,REC0440,714.16,Transfer,Pune,Android,App,0,normal
TXN009735,2026-02-05 20:35:00,USER0311,REC0346,688.98,Groceries,Mumbai,Android,App,0,normal
TXN006041,2026-02-05 20:41:00,USER0656,REC0079,195.67,Bills,Pune,Android,QR,0,normal
TXN002374,2026-02-05 20:46:00,USER0720,REC0471,1160.54,Groceries,Delhi,Android,App,0,normal
TXN001168,2026-02-05 20:52:00,USER0717,REC0235,520.84,Travel,Hyderabad,iOS,App,0,normal
TXN005346,2026-02-05 21:04:00,USER0936,REC0071,1064.4,Groceries,Bengaluru,Android,QR,0,normal
TXN009881,2026-02-05 21:06:00,USER0619,REC0002,517.35,Shopping,Chennai,Android,Collect Request,0,normal
TXN008337,2026-02-05 21:11:00,USER0907,REC0122,197.05,Transfer,Hyderabad,iOS,App,0,normal
TXN004927,2026-02-05 21:16:00,USER0592,REC0435,300.42,Bills,Chennai,Android,App,0,normal
TXN007169,2026-02-05 21:30:00,USER0531,REC0353,1047.62,Food,Pune,Android,App,0,normal
TXN008969,2026-02-05 21:30:00,USER0603,REC0117,1011.11,Groceries,Bengaluru,Android,Collect Request,0,normal
TXN003318,2026-02-05 22:15:00,USER0789,REC0073,3192.63,Transfer,Mumbai,Android,QR,0,normal
TXN002134,2026-02-05 23:18:00,USER0487,REC0450,1503.43,Transfer,Delhi,Android,Collect Request,0,normal
TXN004403,2026-02-05 23:39:00,USER0349,REC0130,1379.84,Bills,Delhi,Android,App,0,normal
TXN009390,2026-02-05 23:53:00,USER0550,REC0390,295.61,Groceries,Bengaluru,iOS,QR,0,normal
TXN007223,2026-02-05 23:55:00,USER0187,REC0112,1079.88,Transfer,Bengaluru,Android,App,0,normal
TXN002140,2026-02-06 00:07:00,USER0137,REC0194,578.45,Groceries,Delhi,Android,QR,0,normal
TXN007796,2026-02-06 00:08:00,USER0303,REC0173,545.78,Groceries,Bengaluru,Android,QR,0,normal
TXN008554,2026-02-06 00:09:00,USER0857,REC0345,1182.74,Groceries,Bengaluru,Android,QR,1,late_night_payment
TXN009394,2026-02-06 00:27:00,USER0465,REC0091,424.97,Food,Hyderabad,iOS,App,0,normal
TXN001956,2026-02-06 00:58:00,USER0345,REC0110,1012.5,Bills,Mumbai,Android,App,0,normal
TXN005951,2026-02-06 00:59:00,USER0682,REC0433,1195.88,Groceries,Chennai,Android,App,0,normal
TXN004175,2026-02-06 01:06:00,USER0213,REC0352,1035.29,Food,Hyderabad,iOS,App,0,normal
TXN007545,2026-02-06 01:32:00,USER0557,REC0159,244.24,Food,Chennai,iOS,Collect Request,0,normal
TXN000957,2026-02-06 01:41:00,USER0526,REC0374,1203.19,Shopping,Bengaluru,Android,Collect Request,0,normal
TXN004719,2026-02-06 02:14:00,USER0333,REC0152,341.93,Groceries,Pune,Android,App,0,normal
TXN002225,2026-02-06 02:20:00,USER0480,REC0338,759.7,Food,Hyderabad,Android,App,0,normal
TXN002524,2026-02-06 02:43:00,USER0139,REC0440,993.68,Bills,Chennai,Android,App,0,normal
TXN005756,2026-02-06 02:49:00,USER0778,REC0090,1633.67,Food,Delhi,Android,App,0,normal
TXN001302,2026-02-06 02:55:00,USER0884,REC0363,749.82,Transfer,Chennai,Android,QR,0,normal
TXN003166,2026-02-06 03:35:00,USER0750,REC0167,239.63,Food,Chennai,iOS,App,0,normal
TXN007166,2026-02-06 03:40:00,USER0535,REC0330,251.68,Groceries,Pune,Android,App,0,normal
TXN003691,2026-02-06 03:41:00,USER0788,REC0262,1473.14,Travel,Hyderabad,Android,Collect Request,0,normal
TXN003733,2026-02-06 04:16:00,USER0284,REC0416,243.26,Groceries,Delhi,Android,QR,0,normal
TXN003312,2026-02-06 04:25:00,USER0377,REC0300,2218.11,Food,Hyderabad,Android,QR,0,normal
TXN004984,2026-02-06 04:37:00,USER1000,REC0129,1001.72,Shopping,Chennai,Android,App,0,normal
TXN009460,2026-02-06 04:39:00,USER0940,REC0246,998.24,Food,Mumbai,Android,App,1,late_night_payment
TXN009652,2026-02-06 04:41:00,USER0047,REC0383,1308.58,Food,Bengaluru,Android,QR,0,normal
TXN004471,2026-02-06 04:47:00,USER0586,REC0401,752.59,Groceries,Pune,Android,QR,0,normal
TXN005180,2026-02-06 05:07:00,USER0440,REC0386,2316.17,Groceries,Pune,Android,QR,0,normal
TXN000027,2026-02-06 05:12:00,USER0968,REC0047,566.16,Transfer,Mumbai,Android,QR,0,normal
TXN009675,2026-02-06 05:27:00,USER0416,REC0135,271.7,Transfer,Hyderabad,Android,App,0,normal
TXN001847,2026-02-06 05:31:00,USER0822,REC0235,366.08,Bills,Chennai,Android,QR,0,normal
TXN006848,2026-02-06 05:38:00,USER0967,REC0264,1049.97,Bills,Hyderabad,iOS,Collect Request,0,normal
TXN002073,2026-02-06 05:51:00,USER0462,REC0198,894.25,Travel,Mumbai,Android,QR,0,normal
TXN007249,2026-02-06 05:57:00,USER0687,REC0482,681.5,Shopping,Bengaluru,Android,QR,0,normal
TXN002163,2026-02-06 06:06:00,USER0174,REC0495,225.99,Groceries,Bengaluru,Android,App,0,normal
TXN009463,2026-02-06 06:08:00,USER0185,REC0382,537.1,Shopping,Chennai,Android,App,0,normal
TXN003315,2026-02-06 06:12:00,USER0786,REC0254,2602.87,Travel,Delhi,iOS,QR,0,normal
TXN003188,2026-02-06 06:13:00,USER0804,REC0336,438.09,Bills,Pune,Android,QR,0,normal
TXN008592,2026-02-06 06:23:00,USER0393,REC0442,2318.36,Groceries,Hyderabad,Android,App,0,normal
TXN008143,2026-02-06 06:44:00,USER0070,REC0030,548.06,Transfer,Chennai,Android,App,0,normal
TXN002060,2026-02-06 06:46:00,USER0174,REC0469,110.87,Travel,Delhi,Android,QR,0,normal
TXN004161,2026-02-06 06:56:00,USER0760,REC0248,1372.71,Bills,Pune,Android,Collect Request,0,normal
TXN004646,2026-02-06 07:04:00,USER0393,REC0052,1236.13,Shopping,Chennai,Android,App,0,normal
TXN003274,2026-02-06 07:14:00,USER0123,REC0387,336.49,Food,Mumbai,Android,App,0,normal
TXN003291,2026-02-06 07:37:00,USER0094,REC0103,458.86,Shopping,Hyderabad,Android,QR,0,normal
TXN009189,2026-02-06 07:46:00,USER0946,REC0130,434.38,Food,Chennai,iOS,App,0,normal
TXN007525,2026-02-06 08:24:00,USER0814,REC0472,499.02,Food,Delhi,Android,Collect Request,0,normal
TXN000942,2026-02-06 08:42:00,USER0633,REC0118,425.02,Travel,Mumbai,Android,App,0,normal
TXN007833,2026-02-06 08:45:00,USER0705,REC0378,759.03,Shopping,Pune,Android,App,0,normal
TXN000585,2026-02-06 08:50:00,USER0542,REC0274,187.25,Transfer,Pune,Android,App,0,normal
TXN008336,2026-02-06 08:58:00,USER0125,REC0378,396.37,Groceries,Hyderabad,Android,QR,0,normal
TXN005437,2026-02-06 08:58:00,USER0753,REC0155,317.68,Food,Pune,Android,App,0,normal
TXN004896,2026-02-06 09:14:00,USER0370,REC0303,1454.81,Shopping,Delhi,Android,QR,0,normal
TXN007877,2026-02-06 09:25:00,USER0593,REC0299,318.52,Bills,Hyderabad,Android,Collect Request,0,normal
TXN008247,2026-02-06 09:54:00,USER0984,REC0173,451.53,Transfer,Delhi,Android,QR,0,normal
TXN001866,2026-02-06 10:29:00,USER0310,REC0363,1759.44,Shopping,Bengaluru,Android,QR,0,normal
TXN002746,2026-02-06 10:47:00,USER0974,REC0065,1190.74,Groceries,Bengaluru,Android,QR,0,normal
TXN009517,2026-02-06 11:19:00,USER0860,REC0286,1402.25,Groceries,Pune,iOS,App,0,normal
TXN005511,2026-02-06 12:26:00,USER0046,REC0045,2370.42,Shopping,Pune,Android,QR,0,normal
TXN006291,2026-02-06 12:31:00,USER0641,REC0330,318.85,Bills,Bengaluru,Android,App,0,normal
TXN009619,2026-02-06 12:52:00,USER0327,REC0174,38524.01,Groceries,Bengaluru,Android,QR,1,unusually_high_amount
TXN008745,2026-02-06 13:16:00,USER0099,REC0418,463.7,Transfer,Bengaluru,Android,App,0,normal
TXN000164,2026-02-06 13:47:00,USER0582,REC0113,996.81,Food,Chennai,Android,App,0,normal
TXN006654,2026-02-06 14:02:00,USER0700,REC0455,239.97,Food,Hyderabad,Android,QR,0,normal
TXN008152,2026-02-06 14:15:00,USER0127,REC0198,501.02,Food,Chennai,iOS,QR,0,normal
TXN000687,2026-02-06 14:30:00,USER0709,REC0495,1507.03,Travel,Pune,Android,QR,0,normal
TXN001131,2026-02-06 14:42:00,USER0756,REC0138,727.89,Bills,Mumbai,iOS,App,0,normal
TXN005196,2026-02-06 14:48:00,USER0704,REC0212,752.04,Shopping,Mumbai,iOS,QR,0,normal
TXN002915,2026-02-06 15:27:00,USER0099,REC0292,177.85,Food,Pune,Android,App,0,normal
TXN002509,2026-02-06 15:49:00,USER0296,REC0342,1076.14,Bills,Mumbai,Android,App,0,normal
TXN009313,2026-02-06 15:55:00,USER0078,REC0438,1134.05,Food,Pune,Android,App,0,normal
TXN005817,2026-02-06 16:20:00,USER0019,REC0134,430.57,Travel,Delhi,Android,App,0,normal
TXN003485,2026-02-06 16:29:00,USER0306,REC0413,824.85,Shopping,Bengaluru,iOS,App,0,normal
TXN009325,2026-02-06 16:42:00,USER0591,REC0333,423.1,Transfer,Hyderabad,iOS,App,0,normal
TXN009840,2026-02-06 17:07:00,USER0892,REC0234,30765.37,Groceries,Hyderabad,Android,QR,1,unusually_high_amount
TXN001340,2026-02-06 17:09:00,USER0833,REC0052,433.07,Transfer,Bengaluru,iOS,App,0,normal
TXN001688,2026-02-06 17:11:00,USER0568,REC0403,289.15,Food,Bengaluru,iOS,QR,0,normal
TXN002076,2026-02-06 17:37:00,USER0285,REC0228,1819.2,Shopping,Chennai,iOS,QR,0,normal
TXN003766,2026-02-06 17:58:00,USER0398,REC0297,448.88,Food,Delhi,Android,App,0,normal
TXN008017,2026-02-06 18:02:00,USER0864,REC0462,369.68,Groceries,Mumbai,Android,QR,0,normal
TXN001875,2026-02-06 18:18:00,USER0568,REC0314,631.46,Groceries,Mumbai,iOS,App,0,normal
TXN009332,2026-02-06 18:23:00,USER0741,REC0242,949.95,Food,Chennai,Android,App,0,normal
TXN000144,2026-02-06 18:25:00,USER0344,REC0454,329.17,Food,Pune,Android,QR,0,normal
TXN009614,2026-02-06 18:34:00,USER0691,REC0259,2041.93,Food,Bengaluru,iOS,App,0,normal
TXN002564,2026-02-06 18:43:00,USER0269,REC0303,349.0,Transfer,Bengaluru,Android,QR,0,normal
TXN000962,2026-02-06 18:58:00,USER0026,REC0488,985.7,Shopping,Pune,Android,App,0,normal
TXN009355,2026-02-06 19:09:00,USER0249,REC0237,287.13,Food,Delhi,iOS,App,0,normal
TXN003618,2026-02-06 19:30:00,USER0425,REC0099,839.91,Transfer,Mumbai,iOS,Collect Request,0,normal
TXN005315,2026-02-06 19:41:00,USER0994,REC0057,812.28,Shopping,Chennai,Android,QR,0,normal
TXN001762,2026-02-06 19:44:00,USER0312,REC0053,995.13,Groceries,Chennai,Android,QR,0,normal
TXN000163,2026-02-06 19:50:00,USER0415,REC0491,183.37,Travel,Delhi,Android,App,0,normal
TXN003547,2026-02-06 20:09:00,USER0913,REC0440,407.57,Bills,Bengaluru,Android,App,0,normal
TXN005773,2026-02-06 20:15:00,USER0793,REC0022,133.34,Groceries,Mumbai,Android,QR,0,normal
TXN006948,2026-02-06 20:31:00,USER0026,REC0064,1115.36,Transfer,Mumbai,Android,QR,0,normal
TXN003479,2026-02-06 20:35:00,USER0394,REC0097,15955.91,Food,Delhi,Android,App,1,unusually_high_amount
TXN006134,2026-02-06 20:57:00,USER0128,REC0391,330.43,Bills,Mumbai,Android,App,0,normal
TXN008459,2026-02-06 21:17:00,USER0266,REC0096,1103.89,Transfer,Bengaluru,iOS,QR,0,normal
TXN003653,2026-02-06 21:20:00,USER0736,REC0441,152.05,Bills,Pune,Android,App,0,normal
TXN002192,2026-02-06 21:33:00,USER0375,REC0409,655.91,Groceries,Delhi,iOS,QR,0,normal
TXN003260,2026-02-06 21:42:00,USER0700,REC0336,2066.44,Transfer,Delhi,Android,App,0,normal
TXN009951,2026-02-06 21:50:00,USER0930,REC0212,272.26,Groceries,Pune,Android,QR,0,normal
TXN001835,2026-02-06 21:52:00,USER0883,REC0301,773.22,Shopping,Mumbai,Android,App,0,normal
TXN001495,2026-02-06 21:53:00,USER0935,REC0160,182.96,Travel,Chennai,iOS,Collect Request,0,normal
TXN000373,2026-02-06 22:04:00,USER0330,REC0347,1249.33,Transfer,Mumbai,Android,App,0,normal
TXN005448,2026-02-06 22:20:00,USER0400,REC0487,925.27,Bills,Pune,Android,App,0,normal
TXN007435,2026-02-06 22:32:00,USER0584,REC0461,303.3,Transfer,Bengaluru,Android,App,0,normal
TXN005734,2026-02-06 22:33:00,USER0018,REC0133,310.0,Bills,Hyderabad,Android,Collect Request,0,normal
TXN009049,2026-02-06 23:02:00,USER0959,REC0041,1613.21,Transfer,Pune,Android,App,0,normal
TXN008313,2026-02-06 23:06:00,USER0745,REC0300,578.47,Food,Bengaluru,iOS,QR,0,normal
TXN008591,2026-02-06 23:21:00,USER0532,REC0032,420.69,Food,Mumbai,iOS,App,0,normal
TXN000065,2026-02-06 23:26:00,USER0068,REC0441,536.4,Shopping,Chennai,Android,App,0,normal
TXN005202,2026-02-07 00:11:00,USER0999,REC0369,437.05,Shopping,Pune,iOS,Collect Request,0,normal
TXN009650,2026-02-07 00:21:00,USER0386,REC0241,2830.65,Groceries,Bengaluru,Android,QR,0,normal
TXN000907,2026-02-07 00:58:00,USER0895,REC0146,274.26,Travel,Delhi,Android,App,0,normal
TXN001252,2026-02-07 01:00:00,USER0608,REC0342,758.07,Bills,Chennai,iOS,App,0,normal
TXN002357,2026-02-07 01:02:00,USER0973,REC0105,499.42,Food,Mumbai,Android,Collect Request,0,normal
TXN009014,2026-02-07 01:10:00,USER0571,REC0387,333.86,Shopping,Delhi,Android,App,0,normal
TXN005707,2026-02-07 01:12:00,USER0911,REC0110,386.35,Transfer,Delhi,Android,App,0,normal
TXN005855,2026-02-07 01:24:00,USER0724,REC0286,89.22,Transfer,Chennai,Android,App,0,normal
TXN000960,2026-02-07 01:30:00,USER0999,REC0449,494.01,Transfer,Mumbai,iOS,App,0,normal
TXN003272,2026-02-07 01:34:00,USER0263,REC0256,230.19,Food,Chennai,Android,QR,0,normal
TXN009952,2026-02-07 01:51:00,USER0111,REC0375,237.53,Shopping,Bengaluru,Android,Collect Request,0,normal
TXN008383,2026-02-07 01:54:00,USER0118,REC0076,327.21,Shopping,Hyderabad,iOS,App,0,normal
TXN003698,2026-02-07 02:28:00,USER0202,REC0089,1233.51,Groceries,Chennai,Android,Collect Request,0,normal
TXN006813,2026-02-07 02:32:00,USER0298,REC0296,395.39,Groceries,Hyderabad,Android,App,0,normal
TXN007752,2026-02-07 02:35:00,USER0305,REC0139,765.89,Groceries,Bengaluru,iOS,QR,0,normal
TXN003416,2026-02-07 02:43:00,USER0532,REC0040,1553.19,Food,Delhi,Android,App,0,normal
TXN003765,2026-02-07 03:07:00,USER0482,REC0218,2569.79,Groceries,Hyderabad,iOS,QR,0,normal
TXN000496,2026-02-07 03:09:00,USER0202,REC0195,1539.86,Food,Pune,iOS,QR,0,normal
TXN004877,2026-02-07 03:19:00,USER0098,REC0402,912.97,Travel,Chennai,Android,App,0,normal
TXN001719,2026-02-07 04:04:00,USER0936,REC0068,701.74,Shopping,Pune,Android,QR,0,normal
TXN008007,2026-02-07 04:09:00,USER0495,REC0484,4099.75,Shopping,Chennai,Android,App,0,normal
TXN001584,2026-02-07 04:30:00,USER0691,REC0409,751.09,Groceries,Bengaluru,Android,QR,1,late_night_payment
TXN004045,2026-02-07 04:46:00,USER0808,REC0301,560.64,Shopping,Chennai,Android,App,0,normal
TXN004354,2026-02-07 04:57:00,USER0116,REC0220,972.5,Bills,Pune,Android,App,0,normal
TXN004147,2026-02-07 05:11:00,USER0399,REC0417,355.73,Transfer,Chennai,Android,App,0,normal
TXN001888,2026-02-07 05:18:00,USER0817,REC0228,397.35,Groceries,Delhi,Android,QR,0,normal
TXN009085,2026-02-07 05:30:00,USER0278,REC0460,433.49,Transfer,Hyderabad,Android,App,0,normal
TXN006505,2026-02-07 05:31:00,USER0805,REC0251,71.82,Food,Delhi,Android,QR,0,normal
TXN007666,2026-02-07 05:41:00,USER0091,REC0214,1180.45,Shopping,Mumbai,iOS,App,0,normal
TXN009044,2026-02-07 05:48:00,USER0628,REC0151,252.69,Groceries,Delhi,iOS,QR,0,normal
TXN003886,2026-02-07 06:05:00,USER0549,REC0120,948.17,Transfer,Pune,Android,Collect Request,0,normal
TXN002017,2026-02-07 06:06:00,USER0380,REC0391,219.82,Food,Pune,iOS,App,0,normal
TXN009656,2026-02-07 06:12:00,USER0497,REC0050,1071.54,Food,Delhi,Android,App,0,normal
TXN007002,2026-02-07 06:17:00,USER0019,REC0415,786.08,Bills,Chennai,iOS,App,0,normal
TXN003285,2026-02-07 06:21:00,USER0595,REC0050,484.8,Shopping,Hyderabad,Android,QR,0,normal
TXN004318,2026-02-07 06:37:00,USER0194,REC0060,766.65,Transfer,Pune,Android,QR,0,normal
TXN004030,2026-02-07 07:00:00,USER0244,REC0196,686.45,Groceries,Pune,iOS,App,0,normal
TXN003555,2026-02-07 07:26:00,USER0056,REC0350,502.14,Groceries,Pune,Android,QR,0,normal
TXN002473,2026-02-07 07:51:00,USER0623,REC0457,1741.04,Shopping,Delhi,Android,QR,0,normal
TXN008924,2026-02-07 07:52:00,USER0026,REC0306,473.43,Shopping,Chennai,Android,QR,0,normal
TXN001485,2026-02-07 07:55:00,USER0865,REC0292,89.14,Travel,Chennai,iOS,App,0,normal
TXN005730,2026-02-07 08:04:00,USER0747,REC0307,475.01,Food,Mumbai,iOS,QR,0,normal
TXN005729,2026-02-07 08:09:00,USER0091,REC0064,1098.65,Food,Pune,Android,Collect Request,0,normal
TXN002749,2026-02-07 08:11:00,USER0844,REC0422,84.17,Transfer,Bengaluru,Android,App,0,normal
TXN006051,2026-02-07 08:11:00,USER0786,REC0342,155.21,Food,Chennai,Android,QR,0,normal
TXN001309,2026-02-07 08:24:00,USER0369,REC0305,470.12,Shopping,Delhi,iOS,QR,0,normal
TXN001635,2026-02-07 08:30:00,USER0419,REC0008,594.64,Transfer,Hyderabad,iOS,App,0,normal
TXN009514,2026-02-07 08:39:00,USER0750,REC0138,361.91,Food,Bengaluru,Android,Collect Request,0,normal
TXN003989,2026-02-07 08:43:00,USER0774,REC0085,1392.78,Transfer,Mumbai,Android,QR,0,normal
TXN001043,2026-02-07 08:51:00,USER0286,REC0313,437.35,Groceries,Mumbai,iOS,App,0,normal
TXN007598,2026-02-07 09:00:00,USER0136,REC0087,503.08,Food,Hyderabad,iOS,QR,0,normal
TXN001191,2026-02-07 09:31:00,USER0243,REC0034,771.34,Food,Chennai,Android,QR,0,normal
TXN008300,2026-02-07 09:51:00,USER0113,REC0402,168.08,Food,Chennai,iOS,App,0,normal
TXN007268,2026-02-07 09:52:00,USER0638,REC0050,2134.07,Groceries,Chennai,iOS,QR,0,normal
TXN000248,2026-02-07 10:08:00,USER0555,REC0064,344.44,Food,Hyderabad,Android,App,0,normal
TXN004213,2026-02-07 10:16:00,USER0955,REC0036,513.83,Groceries,Chennai,Android,App,0,normal
TXN008045,2026-02-07 10:49:00,USER0609,REC0110,257.72,Groceries,Bengaluru,Android,Collect Request,0,normal
TXN004446,2026-02-07 10:54:00,USER0524,REC0355,400.24,Food,Pune,Android,Collect Request,0,normal
TXN006999,2026-02-07 11:01:00,USER0363,REC0441,534.54,Shopping,Hyderabad,Android,Collect Request,0,normal
TXN000572,2026-02-07 11:07:00,USER0113,REC0093,572.64,Shopping,Pune,Android,QR,0,normal
TXN003461,2026-02-07 11:21:00,USER0666,REC0250,1016.58,Shopping,Mumbai,Android,App,0,normal
TXN006555,2026-02-07 11:24:00,USER0855,REC0409,410.27,Food,Pune,Android,QR,0,normal
TXN001480,2026-02-07 11:52:00,USER0381,REC0190,470.32,Bills,Chennai,Android,App,0,normal
TXN002290,2026-02-07 11:59:00,USER0613,REC0072,488.34,Food,Bengaluru,Android,QR,0,normal
TXN006412,2026-02-07 12:04:00,USER0371,REC0211,2009.66,Bills,Pune,iOS,App,0,normal
TXN009310,2026-02-07 12:08:00,USER0857,REC0041,528.84,Groceries,Bengaluru,Android,Collect Request,0,normal
TXN001225,2026-02-07 12:22:00,USER0785,REC0093,772.09,Bills,Mumbai,iOS,QR,0,normal
TXN000624,2026-02-07 12:28:00,USER0251,REC0245,162.06,Travel,Hyderabad,Android,App,0,normal
TXN004826,2026-02-07 12:31:00,USER0096,REC0458,890.78,Food,Bengaluru,iOS,App,0,normal
TXN000425,2026-02-07 12:47:00,USER0142,REC0433,1419.23,Travel,Hyderabad,Android,App,0,normal
TXN007316,2026-02-07 12:50:00,USER0491,REC0242,1053.77,Groceries,Chennai,Android,QR,0,normal
TXN003924,2026-02-07 13:16:00,USER0176,REC0089,309.48,Food,Chennai,Android,QR,0,normal
TXN007643,2026-02-07 13:20:00,USER0089,REC0019,1960.29,Transfer,Bengaluru,Android,App,0,normal
TXN002698,2026-02-07 14:03:00,USER0495,REC0213,1687.95,Food,Bengaluru,iOS,QR,0,normal
TXN004342,2026-02-07 14:19:00,USER0504,REC0260,531.24,Shopping,Hyderabad,Android,App,0,normal
TXN001079,2026-02-07 14:20:00,USER0744,REC0202,1417.01,Food,Hyderabad,iOS,App,0,normal
TXN000165,2026-02-07 14:47:00,USER0435,REC0327,782.66,Transfer,Hyderabad,Android,QR,0,normal
TXN000275,2026-02-07 15:12:00,USER0235,REC0219,1163.54,Groceries,Chennai,iOS,QR,0,normal
TXN004251,2026-02-07 15:19:00,USER0975,REC0093,130.97,Groceries,Mumbai,Android,QR,0,normal
TXN005892,2026-02-07 15:28:00,USER0251,REC0238,655.01,Transfer,Pune,iOS,QR,0,normal
TXN009441,2026-02-07 15:36:00,USER0061,REC0277,340.49,Groceries,Delhi,iOS,App,0,normal
TXN000929,2026-02-07 15:40:00,USER0295,REC0374,244.23,Groceries,Delhi,Android,Collect Request,0,normal
TXN000972,2026-02-07 15:44:00,USER0913,REC0318,248.59,Food,Hyderabad,Android,QR,0,normal
TXN007567,2026-02-07 15:45:00,USER0134,REC0261,408.73,Transfer,Delhi,Android,QR,0,normal
TXN005627,2026-02-07 15:56:00,USER0605,REC0434,426.59,Transfer,Delhi,iOS,QR,0,normal
TXN004736,2026-02-07 16:07:00,USER0784,REC0107,491.34,Groceries,Delhi,Android,QR,0,normal
TXN007760,2026-02-07 16:08:00,USER0491,REC0163,393.11,Groceries,Delhi,Android,QR,0,normal
TXN000732,2026-02-07 16:11:00,USER0952,REC0110,1007.37,Bills,Delhi,Android,App,0,normal
TXN002420,2026-02-07 16:17:00,USER0847,REC0065,301.16,Bills,Delhi,iOS,App,0,normal
TXN002495,2026-02-07 16:22:00,USER0632,REC0428,350.76,Travel,Pune,iOS,App,0,normal
TXN009075,2026-02-07 16:44:00,USER0296,REC0300,1244.98,Food,Bengaluru,Android,QR,0,normal
TXN000464,2026-02-07 17:17:00,USER0916,REC0382,961.48,Transfer,Pune,Android,App,0,normal
TXN001678,2026-02-07 17:37:00,USER0474,REC0061,411.14,Food,Bengaluru,Android,QR,0,normal
TXN002070,2026-02-07 17:41:00,USER0995,REC0432,717.86,Food,Mumbai,Android,App,0,normal
TXN009393,2026-02-07 18:13:00,USER0849,REC0121,1548.69,Groceries,Delhi,Android,QR,0,normal
TXN008146,2026-02-07 18:27:00,USER0664,REC0249,347.93,Travel,Hyderabad,Android,QR,0,normal
TXN005024,2026-02-07 18:41:00,USER0546,REC0103,236.69,Transfer,Pune,Android,Collect Request,0,normal
TXN007332,2026-02-07 18:47:00,USER0657,REC0153,311.03,Bills,Bengaluru,Android,App,0,normal
TXN005800,2026-02-07 19:22:00,USER0306,REC0176,617.64,Groceries,Bengaluru,Android,App,0,normal
TXN005304,2026-02-07 19:33:00,USER0223,REC0381,546.7,Shopping,Hyderabad,Android,App,0,normal
TXN004562,2026-02-07 19:40:00,USER0719,REC0021,659.11,Food,Hyderabad,iOS,QR,0,normal
TXN001185,2026-02-07 19:46:00,USER0277,REC0234,1411.1,Shopping,Hyderabad,Android,QR,0,normal
TXN003209,2026-02-07 19:46:00,USER0825,REC0319,479.15,Groceries,Chennai,Android,QR,0,normal
TXN001374,2026-02-07 20:01:00,USER0070,REC0414,880.58,Bills,Mumbai,iOS,QR,0,normal
TXN004659,2026-02-07 20:17:00,USER0635,REC0369,1123.12,Shopping,Chennai,iOS,App,0,normal
TXN003563,2026-02-07 20:43:00,USER0068,REC0017,380.8,Food,Pune,Android,App,0,normal
TXN008922,2026-02-07 21:10:00,USER0878,REC0334,1344.28,Travel,Pune,Android,App,0,normal
TXN009435,2026-02-07 21:23:00,USER0638,REC0485,739.29,Food,Delhi,Android,QR,0,normal
TXN008491,2026-02-07 21:23:00,USER0189,REC0158,160.23,Transfer,Delhi,Android,App,0,normal
TXN006576,2026-02-07 21:28:00,USER0915,REC0484,852.12,Bills,Mumbai,Android,App,0,normal
TXN009377,2026-02-07 21:44:00,USER0497,REC0053,477.29,Groceries,Bengaluru,iOS,Collect Request,0,normal
TXN004068,2026-02-07 21:57:00,USER0124,REC0077,353.66,Groceries,Delhi,Android,App,0,normal
TXN007779,2026-02-07 22:34:00,USER0533,REC0451,159.88,Groceries,Bengaluru,Android,App,0,normal
TXN007405,2026-02-07 22:47:00,USER0498,REC0290,639.97,Food,Hyderabad,Android,App,0,normal
TXN002962,2026-02-07 23:00:00,USER0758,REC0312,1074.23,Groceries,Chennai,Android,QR,0,normal
TXN007093,2026-02-07 23:03:00,USER0861,REC0072,1424.17,Bills,Pune,Android,App,0,normal
TXN003567,2026-02-07 23:21:00,USER0294,REC0006,349.25,Shopping,Delhi,Android,App,0,normal
TXN007155,2026-02-08 00:01:00,USER0635,REC0025,385.57,Groceries,Bengaluru,iOS,QR,0,normal
TXN008249,2026-02-08 00:25:00,USER0144,REC0162,231.86,Groceries,Pune,Android,App,0,normal
TXN005252,2026-02-08 00:35:00,USER0056,REC0292,745.67,Travel,Hyderabad,Android,App,0,normal
TXN002476,2026-02-08 01:06:00,USER0669,REC0379,458.03,Transfer,Pune,Android,App,0,normal
TXN005439,2026-02-08 01:09:00,USER0458,REC0298,376.36,Shopping,Pune,Android,Collect Request,0,normal
TXN002224,2026-02-08 01:14:00,USER0383,REC0260,119.47,Groceries,Delhi,Android,Collect Request,0,normal
TXN003071,2026-02-08 01:15:00,USER0508,REC0133,352.9,Groceries,Delhi,Android,Collect Request,0,normal
TXN008534,2026-02-08 01:29:00,USER0470,REC0417,335.15,Transfer,Mumbai,Android,QR,0,normal
TXN002925,2026-02-08 01:42:00,USER0332,REC0437,1697.05,Food,Hyderabad,Android,App,0,normal
TXN007663,2026-02-08 01:45:00,USER0662,REC0464,225.42,Food,Delhi,Android,Collect Request,0,normal
TXN007984,2026-02-08 01:51:00,USER0181,REC0001,545.11,Travel,Bengaluru,Android,QR,0,normal
TXN007902,2026-02-08 02:22:00,USER0296,REC0453,929.15,Groceries,Chennai,Android,App,1,late_night_payment
TXN007933,2026-02-08 02:23:00,USER0940,REC0378,559.16,Travel,Bengaluru,iOS,QR,0,normal
TXN002341,2026-02-08 02:31:00,USER0663,REC0333,271.38,Bills,Chennai,Android,QR,0,normal
TXN002250,2026-02-08 02:45:00,USER0067,REC0478,721.96,Groceries,Chennai,Android,QR,0,normal
TXN007392,2026-02-08 02:56:00,USER0490,REC0166,273.79,Transfer,Pune,Android,App,0,normal
TXN003369,2026-02-08 02:59:00,USER0544,REC0062,856.82,Food,Hyderabad,Android,QR,0,normal
TXN004130,2026-02-08 03:05:00,USER0377,REC0163,608.43,Food,Chennai,Android,App,0,normal
TXN008959,2026-02-08 03:21:00,USER0987,REC0343,133.38,Shopping,Mumbai,iOS,App,0,normal
TXN000777,2026-02-08 03:24:00,USER0403,REC0356,816.02,Food,Pune,Android,App,0,normal
TXN007702,2026-02-08 03:52:00,USER0391,REC0246,246.61,Shopping,Delhi,iOS,App,0,normal
TXN003771,2026-02-08 04:00:00,USER0731,REC0444,452.93,Travel,Delhi,Android,App,0,normal
TXN002276,2026-02-08 04:17:00,USER0191,REC0454,353.14,Groceries,Hyderabad,Android,App,1,late_night_payment
TXN008047,2026-02-08 04:32:00,USER0434,REC0447,491.76,Travel,Bengaluru,Android,QR,0,normal
TXN006752,2026-02-08 04:34:00,USER0577,REC0454,467.98,Transfer,Bengaluru,Android,QR,0,normal
TXN008119,2026-02-08 04:47:00,USER0440,REC0457,674.69,Bills,Delhi,Android,QR,0,normal
TXN001059,2026-02-08 04:51:00,USER0884,REC0347,582.44,Food,Hyderabad,Android,App,0,normal
TXN009385,2026-02-08 05:40:00,USER0420,REC0384,977.61,Groceries,Pune,Android,App,0,normal
TXN001333,2026-02-08 05:45:00,USER0949,REC0268,358.38,Food,Bengaluru,iOS,App,0,normal
TXN008029,2026-02-08 05:54:00,USER0217,REC0357,315.54,Travel,Pune,Android,QR,0,normal
TXN002694,2026-02-08 05:57:00,USER0955,REC0369,914.5,Transfer,Chennai,Android,App,0,normal
TXN009684,2026-02-08 05:57:00,USER0213,REC0208,1491.82,Bills,Bengaluru,Android,App,0,normal
TXN003008,2026-02-08 06:10:00,USER0878,REC0307,461.22,Bills,Pune,Android,QR,0,normal
TXN004328,2026-02-08 06:13:00,USER0799,REC0360,691.83,Shopping,Bengaluru,iOS,QR,0,normal
TXN001841,2026-02-08 06:20:00,USER0534,REC0124,585.36,Shopping,Chennai,Android,App,0,normal
TXN009175,2026-02-08 06:41:00,USER0200,REC0071,555.93,Groceries,Chennai,Android,App,0,normal
TXN007531,2026-02-08 06:58:00,USER0743,REC0188,522.81,Transfer,Bengaluru,Android,App,0,normal
TXN007366,2026-02-08 07:32:00,USER0777,REC0014,395.0,Groceries,Chennai,Android,App,0,normal
TXN004035,2026-02-08 07:33:00,USER0527,REC0023,746.44,Food,Hyderabad,Android,App,0,normal
TXN008753,2026-02-08 07:35:00,USER0556,REC0414,368.09,Shopping,Chennai,iOS,QR,0,normal
TXN000500,2026-02-08 07:54:00,USER0822,REC0466,309.86,Food,Delhi,Android,QR,0,normal
TXN004336,2026-02-08 08:05:00,USER0197,REC0498,461.64,Groceries,Hyderabad,Android,App,0,normal
TXN003669,2026-02-08 08:07:00,USER0271,REC0240,1057.65,Shopping,Mumbai,Android,App,0,normal
TXN008291,2026-02-08 08:35:00,USER0987,REC0429,305.66,Shopping,Hyderabad,Android,App,0,normal
TXN004710,2026-02-08 08:41:00,USER0489,REC0108,859.67,Bills,Chennai,Android,Collect Request,0,normal
TXN006262,2026-02-08 09:52:00,USER0650,REC0328,651.6,Groceries,Bengaluru,Android,App,0,normal
TXN001437,2026-02-08 10:38:00,USER0130,REC0002,557.64,Food,Mumbai,Android,QR,0,normal
TXN008266,2026-02-08 11:14:00,USER0420,REC0424,838.24,Food,Delhi,Android,QR,0,normal
TXN005807,2026-02-08 11:27:00,USER0393,REC0283,460.36,Groceries,Bengaluru,Android,App,0,normal
TXN007634,2026-02-08 12:04:00,USER0864,REC0251,602.0,Food,Chennai,Android,App,0,normal
TXN009416,2026-02-08 12:15:00,USER0925,REC0173,771.41,Food,Chennai,iOS,App,0,normal
TXN000954,2026-02-08 12:16:00,USER0210,REC0242,228.85,Transfer,Chennai,Android,App,0,normal
TXN006859,2026-02-08 12:21:00,USER0579,REC0196,624.11,Shopping,Delhi,Android,App,0,normal
TXN004743,2026-02-08 12:24:00,USER0044,REC0377,545.23,Travel,Chennai,Android,QR,0,normal
TXN001687,2026-02-08 12:30:00,USER0644,REC0387,399.46,Shopping,Delhi,Android,App,0,normal
TXN009630,2026-02-08 12:32:00,USER0967,REC0049,606.15,Bills,Mumbai,Android,Collect Request,0,normal
TXN007119,2026-02-08 12:41:00,USER0910,REC0130,402.48,Bills,Delhi,iOS,App,0,normal
TXN002990,2026-02-08 12:50:00,USER0848,REC0348,995.39,Bills,Mumbai,Android,App,0,normal
TXN009697,2026-02-08 12:58:00,USER0388,REC0467,405.44,Groceries,Delhi,Android,QR,0,normal
TXN004670,2026-02-08 13:19:00,USER0390,REC0044,1056.36,Groceries,Chennai,iOS,QR,0,normal
TXN005449,2026-02-08 13:20:00,USER0798,REC0056,547.56,Food,Mumbai,Android,App,0,normal
TXN005272,2026-02-08 13:45:00,USER0003,REC0334,801.84,Food,Chennai,Android,Collect Request,0,normal
TXN002760,2026-02-08 14:41:00,USER0463,REC0144,1509.27,Transfer,Pune,iOS,App,0,normal
TXN009688,2026-02-08 14:48:00,USER0640,REC0308,395.95,Food,Pune,Android,QR,0,normal
TXN006955,2026-02-08 14:48:00,USER0457,REC0175,374.37,Travel,Pune,Android,App,0,normal
TXN004520,2026-02-08 14:51:00,USER0051,REC0382,720.09,Food,Hyderabad,iOS,QR,0,normal
TXN004191,2026-02-08 15:04:00,USER0036,REC0103,446.35,Transfer,Mumbai,Android,QR,0,normal
TXN000547,2026-02-08 15:12:00,USER0853,REC0149,338.24,Transfer,Hyderabad,Android,App,0,normal
TXN007801,2026-02-08 15:13:00,USER0085,REC0324,273.72,Food,Hyderabad,Android,QR,0,normal
TXN007015,2026-02-08 15:23:00,USER0602,REC0199,670.73,Bills,Hyderabad,Android,App,0,normal
TXN009389,2026-02-08 16:23:00,USER0904,REC0432,232.44,Transfer,Chennai,Android,App,0,normal
TXN003218,2026-02-08 16:42:00,USER0109,REC0046,403.27,Groceries,Pune,Android,QR,0,normal
TXN007400,2026-02-08 16:51:00,USER0113,REC0031,239.11,Groceries,Chennai,Android,App,0,normal
TXN003775,2026-02-08 16:59:00,USER0704,REC0405,750.39,Groceries,Mumbai,Android,App,0,normal
TXN007299,2026-02-08 17:14:00,USER0014,REC0499,816.79,Transfer,Delhi,iOS,Collect Request,0,normal
TXN007840,2026-02-08 17:53:00,USER0748,REC0477,394.49,Food,Delhi,Android,QR,0,normal
TXN009554,2026-02-08 18:07:00,USER0119,REC0384,706.17,Food,Hyderabad,Android,App,0,normal
TXN009223,2026-02-08 18:32:00,USER0238,REC0171,1523.02,Travel,Bengaluru,Android,QR,0,normal
TXN001153,2026-02-08 18:40:00,USER0108,REC0207,240.81,Food,Pune,Android,App,0,normal
TXN007630,2026-02-08 18:42:00,USER0949,REC0259,221.94,Shopping,Delhi,Android,QR,0,normal
TXN001741,2026-02-08 19:00:00,USER0607,REC0273,1494.0,Groceries,Chennai,Android,App,0,normal
TXN002762,2026-02-08 19:07:00,USER0706,REC0325,2312.31,Shopping,Bengaluru,Android,App,0,normal
TXN004616,2026-02-08 19:17:00,USER0788,REC0418,385.24,Shopping,Bengaluru,Android,App,0,normal
TXN009034,2026-02-08 19:25:00,USER0885,REC0307,214.42,Food,Hyderabad,Android,Collect Request,0,normal
TXN000795,2026-02-08 19:36:00,USER0300,REC0211,695.06,Groceries,Mumbai,Android,App,0,normal
TXN005704,2026-02-08 19:38:00,USER0840,REC0486,697.2,Food,Hyderabad,Android,App,0,normal
TXN001496,2026-02-08 19:39:00,USER0954,REC0418,297.52,Transfer,Delhi,Android,App,0,normal
TXN007448,2026-02-08 19:44:00,USER0751,REC0374,469.04,Bills,Pune,Android,QR,0,normal
TXN000994,2026-02-08 19:51:00,USER0965,REC0173,1679.94,Food,Bengaluru,Android,QR,0,normal
TXN002566,2026-02-08 20:04:00,USER0390,REC0251,735.96,Groceries,Delhi,Android,QR,0,normal
TXN005716,2026-02-08 20:25:00,USER0243,REC0039,785.23,Travel,Pune,iOS,App,0,normal
TXN003173,2026-02-08 20:47:00,USER0565,REC0304,807.46,Bills,Delhi,iOS,App,0,normal
TXN003676,2026-02-08 21:00:00,USER0637,REC0462,969.82,Bills,Pune,Android,App,0,normal
TXN008740,2026-02-08 21:02:00,USER0771,REC0453,404.69,Transfer,Delhi,Android,App,0,normal
TXN000473,2026-02-08 21:17:00,USER0728,REC0311,1393.72,Food,Hyderabad,Android,App,0,normal
TXN007938,2026-02-08 21:18:00,USER0913,REC0114,1472.69,Food,Hyderabad,Android,App,0,normal
TXN000238,2026-02-08 21:19:00,USER0054,REC0226,308.35,Groceries,Chennai,Android,QR,0,normal
TXN007052,2026-02-08 21:49:00,USER0834,REC0051,711.67,Groceries,Mumbai,Android,App,0,normal
TXN006952,2026-02-08 21:50:00,USER0232,REC0297,433.96,Bills,Delhi,Android,App,0,normal
TXN009605,2026-02-08 22:01:00,USER0177,REC0321,132.81,Bills,Pune,Android,App,0,normal
TXN009913,2026-02-08 22:07:00,USER0193,REC0436,846.3,Bills,Pune,Android,Collect Request,0,normal
TXN003220,2026-02-08 22:14:00,USER0011,REC0002,415.71,Bills,Pune,Android,App,0,normal
TXN001444,2026-02-08 23:13:00,USER0065,REC0140,1459.87,Transfer,Hyderabad,Android,Collect Request,0,normal
TXN005684,2026-02-08 23:16:00,USER0269,REC0206,598.24,Groceries,Hyderabad,iOS,App,0,normal
TXN000005,2026-02-08 23:18:00,USER0262,REC0283,2057.8,Bills,Bengaluru,Android,QR,0,normal
TXN005747,2026-02-08 23:50:00,USER0846,REC0492,2630.42,Bills,Mumbai,Android,Collect Request,0,normal
TXN006580,2026-02-09 00:05:00,USER0250,REC0500,1153.47,Groceries,Delhi,iOS,QR,0,normal
TXN009742,2026-02-09 00:11:00,USER0044,REC0277,184.02,Groceries,Mumbai,Android,App,0,normal
TXN003325,2026-02-09 00:17:00,USER0327,REC0026,384.0,Transfer,Chennai,Android,Collect Request,0,normal
TXN002717,2026-02-09 00:36:00,USER0103,REC0165,1304.28,Travel,Pune,Android,App,0,normal
TXN000621,2026-02-09 00:36:00,USER0380,REC0029,478.56,Food,Bengaluru,Android,App,0,normal
TXN000407,2026-02-09 00:47:00,USER0298,REC0254,1237.44,Groceries,Bengaluru,Android,App,0,normal
TXN001100,2026-02-09 00:57:00,USER0455,REC0267,314.33,Food,Mumbai,Android,App,0,normal
TXN000435,2026-02-09 01:05:00,USER0609,REC0260,606.58,Food,Hyderabad,Android,QR,0,normal
TXN000633,2026-02-09 01:13:00,USER0541,REC0182,508.86,Food,Mumbai,Android,App,0,normal
TXN009287,2026-02-09 01:26:00,USER0994,REC0217,314.26,Groceries,Hyderabad,Android,QR,0,normal
TXN006644,2026-02-09 01:31:00,USER0545,REC0012,189.3,Groceries,Chennai,Android,App,0,normal
TXN002007,2026-02-09 01:34:00,USER0555,REC0111,338.61,Bills,Mumbai,iOS,App,0,normal
TXN005051,2026-02-09 01:58:00,USER0125,REC0002,290.05,Groceries,Bengaluru,Android,QR,0,normal
TXN007973,2026-02-09 02:04:00,USER0503,REC0239,1023.57,Groceries,Delhi,Android,QR,0,normal
TXN000155,2026-02-09 02:07:00,USER0475,REC0282,521.03,Shopping,Chennai,Android,App,0,normal
TXN004284,2026-02-09 02:11:00,USER0713,REC0321,797.89,Groceries,Hyderabad,Android,QR,0,normal
TXN007719,2026-02-09 02:19:00,USER0321,REC0103,1307.92,Shopping,Hyderabad,Android,App,0,normal
TXN001924,2026-02-09 02:39:00,USER0156,REC0094,648.63,Groceries,Chennai,Android,App,0,normal
TXN005638,2026-02-09 02:44:00,USER0973,REC0147,1117.59,Shopping,Hyderabad,Android,App,0,normal
TXN009194,2026-02-09 02:45:00,USER0182,REC0100,584.72,Shopping,Chennai,iOS,App,0,normal
TXN002661,2026-02-09 03:01:00,USER0451,REC0462,81.84,Travel,Delhi,iOS,QR,0,normal
TXN002934,2026-02-09 03:04:00,USER0250,REC0217,400.49,Travel,Bengaluru,Android,QR,0,normal
TXN008525,2026-02-09 03:12:00,USER0731,REC0250,803.97,Shopping,Chennai,iOS,QR,0,normal
TXN002999,2026-02-09 03:32:00,USER0234,REC0223,803.84,Groceries,Hyderabad,iOS,Collect Request,0,normal
TXN006833,2026-02-09 03:42:00,USER0656,REC0049,179.45,Bills,Mumbai,Android,QR,0,normal
TXN008298,2026-02-09 03:47:00,USER0368,REC0325,134.33,Shopping,Mumbai,Android,App,0,normal
TXN000354,2026-02-09 03:48:00,USER0193,REC0045,850.6,Groceries,Pune,iOS,App,0,normal
TXN003619,2026-02-09 03:59:00,USER0854,REC0394,472.05,Shopping,Mumbai,Android,App,0,normal
TXN000091,2026-02-09 04:04:00,USER0152,REC0347,1648.07,Groceries,Delhi,Android,App,0,normal
TXN003261,2026-02-09 04:13:00,USER0663,REC0299,753.93,Groceries,Chennai,Android,Collect Request,0,normal
TXN008155,2026-02-09 04:27:00,USER0433,REC0265,309.1,Transfer,Pune,Android,App,0,normal
TXN008053,2026-02-09 04:45:00,USER0214,REC0140,661.89,Travel,Chennai,Android,QR,0,normal
TXN009427,2026-02-09 05:01:00,USER0436,REC0354,398.52,Shopping,Mumbai,Android,App,0,normal
TXN006039,2026-02-09 05:16:00,USER0577,REC0199,167.54,Food,Bengaluru,iOS,App,0,normal
TXN003893,2026-02-09 05:43:00,USER0851,REC0189,774.87,Shopping,Hyderabad,Android,App,0,normal
TXN004610,2026-02-09 06:03:00,USER0532,REC0335,283.32,Shopping,Pune,Android,App,0,normal
TXN009618,2026-02-09 06:17:00,USER0441,REC0289,39078.49,Groceries,Chennai,Android,App,1,unusually_high_amount
TXN005201,2026-02-09 06:23:00,USER0036,REC0157,855.33,Groceries,Mumbai,Android,App,0,normal
TXN002318,2026-02-09 06:26:00,USER0004,REC0093,951.01,Bills,Chennai,Android,App,0,normal
TXN007679,2026-02-09 06:41:00,USER0573,REC0065,399.75,Transfer,Bengaluru,Android,App,0,normal
TXN006629,2026-02-09 06:42:00,USER0988,REC0246,846.72,Groceries,Pune,Android,App,0,normal
TXN001039,2026-02-09 07:12:00,USER0619,REC0227,1083.92,Groceries,Chennai,iOS,QR,0,normal
TXN002954,2026-02-09 07:12:00,USER0791,REC0077,562.07,Food,Delhi,Android,QR,0,normal
TXN004765,2026-02-09 07:17:00,USER0630,REC0018,450.96,Bills,Hyderabad,Android,QR,0,normal
TXN000140,2026-02-09 07:18:00,USER0504,REC0053,801.95,Shopping,Pune,Android,App,0,normal
TXN008187,2026-02-09 07:29:00,USER0951,REC0497,992.71,Groceries,Chennai,iOS,App,0,normal
TXN005521,2026-02-09 07:30:00,USER0840,REC0222,293.49,Food,Hyderabad,Android,QR,0,normal
TXN009602,2026-02-09 07:36:00,USER0049,REC0030,528.62,Shopping,Delhi,iOS,QR,0,normal
TXN005084,2026-02-09 07:53:00,USER0384,REC0277,385.79,Travel,Mumbai,Android,App,0,normal
TXN009149,2026-02-09 07:59:00,USER0745,REC0073,654.2,Food,Pune,Android,QR,0,normal
TXN004878,2026-02-09 08:11:00,USER0224,REC0273,317.46,Bills,Pune,Android,QR,0,normal
TXN000082,2026-02-09 08:14:00,USER0241,REC0008,637.79,Shopping,Mumbai,Android,App,0,normal
TXN008153,2026-02-09 08:39:00,USER0351,REC0498,807.78,Food,Hyderabad,Android,App,0,normal
TXN005803,2026-02-09 08:57:00,USER0703,REC0007,193.37,Groceries,Bengaluru,iOS,QR,0,normal
TXN007716,2026-02-09 09:04:00,USER0957,REC0159,579.83,Travel,Delhi,iOS,QR,0,normal
TXN002916,2026-02-09 09:44:00,USER0724,REC0027,1109.91,Food,Pune,Android,QR,0,normal
TXN009329,2026-02-09 09:45:00,USER0529,REC0078,112.01,Travel,Hyderabad,Android,QR,0,normal
TXN000756,2026-02-09 09:52:00,USER0722,REC0128,28223.63,Food,Hyderabad,iOS,App,1,unusually_high_amount
TXN002841,2026-02-09 09:57:00,USER0119,REC0494,1123.51,Bills,Chennai,Android,App,0,normal
TXN001992,2026-02-09 10:03:00,USER0377,REC0414,662.12,Transfer,Bengaluru,iOS,App,0,normal
TXN008306,2026-02-09 10:08:00,USER0523,REC0455,675.4,Bills,Hyderabad,Android,QR,0,normal
TXN005686,2026-02-09 10:35:00,USER0070,REC0465,1108.58,Shopping,Bengaluru,iOS,QR,0,normal
TXN007200,2026-02-09 10:45:00,USER0411,REC0311,1106.23,Shopping,Delhi,Android,QR,0,normal
TXN001418,2026-02-09 10:54:00,USER0058,REC0323,115.0,Groceries,Delhi,Android,App,0,normal
TXN009530,2026-02-09 10:57:00,USER0453,REC0103,413.32,Bills,Mumbai,iOS,App,0,normal
TXN007289,2026-02-09 11:42:00,USER0206,REC0030,541.64,Transfer,Hyderabad,Android,QR,0,normal
TXN009683,2026-02-09 11:50:00,USER0813,REC0215,696.36,Shopping,Chennai,Android,QR,0,normal
TXN009417,2026-02-09 11:51:00,USER0700,REC0210,94.37,Groceries,Hyderabad,iOS,Collect Request,0,normal
TXN003104,2026-02-09 11:51:00,USER0241,REC0431,915.43,Travel,Pune,Android,App,0,normal
TXN000004,2026-02-09 11:58:00,USER0663,REC0356,216.88,Bills,Mumbai,iOS,QR,0,normal
TXN000298,2026-02-09 12:02:00,USER0895,REC0209,459.86,Shopping,Bengaluru,Android,QR,0,normal
TXN006217,2026-02-09 12:14:00,USER0193,REC0169,254.96,Shopping,Pune,Android,QR,0,normal
TXN007418,2026-02-09 12:18:00,USER0036,REC0472,710.94,Shopping,Delhi,Android,App,0,normal
TXN008792,2026-02-09 12:27:00,USER0670,REC0110,538.7,Food,Bengaluru,Android,App,0,normal
TXN008737,2026-02-09 12:31:00,USER0935,REC0482,756.93,Shopping,Hyderabad,Android,App,0,normal
TXN003860,2026-02-09 12:37:00,USER0975,REC0417,619.34,Transfer,Chennai,Android,App,0,normal
TXN006942,2026-02-09 12:41:00,USER0449,REC0326,86.52,Bills,Mumbai,Android,Collect Request,0,normal
TXN008205,2026-02-09 12:45:00,USER0171,REC0239,615.85,Bills,Mumbai,iOS,App,0,normal
TXN006778,2026-02-09 12:49:00,USER0430,REC0248,786.67,Transfer,Delhi,Android,QR,0,normal
TXN006462,2026-02-09 12:59:00,USER0231,REC0229,422.78,Food,Delhi,iOS,QR,0,normal
TXN003081,2026-02-09 13:02:00,USER0273,REC0457,1875.0,Travel,Chennai,Android,App,0,normal
TXN000121,2026-02-09 13:33:00,USER0559,REC0399,679.61,Food,Mumbai,iOS,App,0,normal
TXN002565,2026-02-09 13:44:00,USER0757,REC0235,273.48,Groceries,Mumbai,Android,App,0,normal
TXN009429,2026-02-09 13:54:00,USER0679,REC0088,771.27,Shopping,Delhi,Android,App,0,normal
TXN003744,2026-02-09 13:59:00,USER0568,REC0305,458.95,Shopping,Pune,Android,QR,0,normal
TXN007672,2026-02-09 14:04:00,USER0082,REC0395,417.71,Travel,Chennai,Android,QR,0,normal
TXN008201,2026-02-09 14:08:00,USER0378,REC0484,187.32,Food,Mumbai,Android,App,0,normal
TXN003551,2026-02-09 14:23:00,USER0529,REC0285,76.23,Shopping,Bengaluru,iOS,App,0,normal
TXN002078,2026-02-09 14:30:00,USER0221,REC0277,785.84,Food,Bengaluru,iOS,App,0,normal
TXN001220,2026-02-09 14:35:00,USER0710,REC0384,1320.96,Food,Pune,Android,App,0,normal
TXN007209,2026-02-09 14:44:00,USER0462,REC0054,505.78,Food,Pune,Android,QR,0,normal
TXN006805,2026-02-09 15:01:00,USER0678,REC0054,1236.75,Food,Pune,iOS,App,0,normal
TXN002135,2026-02-09 15:12:00,USER0794,REC0447,636.78,Travel,Pune,Android,QR,0,normal
TXN006877,2026-02-09 15:29:00,USER0409,REC0151,1039.41,Groceries,Bengaluru,Android,App,0,normal
TXN007233,2026-02-09 16:16:00,USER0760,REC0408,645.5,Groceries,Chennai,Android,Collect Request,0,normal
TXN003624,2026-02-09 16:28:00,USER0286,REC0234,904.34,Bills,Pune,Android,App,0,normal
TXN008101,2026-02-09 16:32:00,USER0474,REC0397,439.42,Food,Mumbai,iOS,QR,0,normal
TXN007964,2026-02-09 16:36:00,USER0570,REC0134,490.58,Bills,Bengaluru,Android,App,0,normal
TXN003125,2026-02-09 16:41:00,USER0110,REC0058,406.0,Shopping,Mumbai,Android,QR,0,normal
TXN004028,2026-02-09 16:43:00,USER0719,REC0031,461.95,Groceries,Bengaluru,Android,App,0,normal
TXN000285,2026-02-09 16:55:00,USER0561,REC0343,1325.24,Transfer,Bengaluru,Android,App,0,normal
TXN007480,2026-02-09 17:01:00,USER0640,REC0318,773.8,Groceries,Bengaluru,Android,Collect Request,0,normal
TXN003356,2026-02-09 17:02:00,USER0892,REC0473,224.81,Groceries,Hyderabad,iOS,App,0,normal
TXN008795,2026-02-09 18:17:00,USER0874,REC0348,176.18,Food,Mumbai,Android,App,0,normal
TXN006124,2026-02-09 18:30:00,USER0234,REC0471,793.55,Groceries,Chennai,Android,QR,0,normal
TXN009786,2026-02-09 18:56:00,USER0011,REC0086,596.78,Food,Mumbai,Android,App,0,normal
TXN006962,2026-02-09 19:02:00,USER0020,REC0175,958.47,Groceries,Bengaluru,Android,App,0,normal
TXN000800,2026-02-09 19:23:00,USER0041,REC0403,467.07,Shopping,Bengaluru,iOS,App,0,normal
TXN008082,2026-02-09 19:33:00,USER0111,REC0276,1381.14,Bills,Chennai,iOS,App,0,normal
TXN009738,2026-02-09 19:51:00,USER0167,REC0272,237.57,Bills,Pune,Android,QR,0,normal
TXN003489,2026-02-09 19:56:00,USER0960,REC0418,248.34,Shopping,Pune,Android,App,0,normal
TXN002521,2026-02-09 20:01:00,USER0096,REC0359,1309.24,Food,Hyderabad,iOS,QR,0,normal
TXN004416,2026-02-09 20:08:00,USER0041,REC0164,871.3,Food,Bengaluru,Android,Collect Request,0,normal
TXN000935,2026-02-09 20:10:00,USER0464,REC0473,390.48,Groceries,Bengaluru,iOS,Collect Request,0,normal
TXN002157,2026-02-09 20:23:00,USER0889,REC0011,450.66,Transfer,Bengaluru,Android,QR,0,normal
TXN003814,2026-02-09 20:33:00,USER0746,REC0309,274.22,Transfer,Hyderabad,Android,QR,0,normal
TXN009494,2026-02-09 21:15:00,USER0665,REC0180,4318.91,Groceries,Bengaluru,Android,App,0,normal
TXN000030,2026-02-09 21:46:00,USER0197,REC0468,1345.65,Groceries,Mumbai,Android,QR,0,normal
TXN007709,2026-02-09 22:08:00,USER0391,REC0262,931.21,Shopping,Bengaluru,Android,App,0,normal
TXN004529,2026-02-09 22:25:00,USER0757,REC0194,1596.17,Bills,Delhi,Android,App,0,normal
TXN001293,2026-02-09 22:30:00,USER0770,REC0453,529.66,Transfer,Mumbai,Android,QR,0,normal
TXN008633,2026-02-09 22:30:00,USER0421,REC0144,2170.81,Travel,Mumbai,iOS,Collect Request,0,normal
TXN008699,2026-02-09 22:33:00,USER0735,REC0029,885.31,Food,Mumbai,Android,App,0,normal
TXN002146,2026-02-09 22:54:00,USER0013,REC0436,885.34,Groceries,Bengaluru,Android,Collect Request,0,normal
TXN005629,2026-02-09 23:20:00,USER0808,REC0438,389.4,Groceries,Mumbai,iOS,QR,0,normal
TXN005095,2026-02-09 23:40:00,USER0272,REC0109,259.87,Shopping,Chennai,Android,App,0,normal
TXN009404,2026-02-09 23:49:00,USER0116,REC0329,422.81,Groceries,Delhi,Android,QR,0,normal
TXN001729,2026-02-09 23:52:00,USER0992,REC0201,823.46,Groceries,Mumbai,iOS,App,0,normal
TXN008631,2026-02-10 00:01:00,USER0218,REC0222,584.38,Bills,Bengaluru,Android,QR,0,normal
TXN001263,2026-02-10 00:03:00,USER0726,REC0481,496.25,Travel,Bengaluru,Android,App,0,normal
TXN009595,2026-02-10 00:12:00,USER0159,REC0232,1241.71,Travel,Pune,iOS,App,1,late_night_payment
TXN003812,2026-02-10 00:31:00,USER0818,REC0358,461.49,Groceries,Delhi,iOS,App,0,normal
TXN008594,2026-02-10 00:50:00,USER0102,REC0069,623.73,Food,Pune,iOS,QR,0,normal
TXN004094,2026-02-10 01:03:00,USER0382,REC0303,571.06,Bills,Mumbai,Android,QR,0,normal
TXN006087,2026-02-10 01:09:00,USER0884,REC0439,337.56,Groceries,Bengaluru,Android,QR,0,normal
TXN002802,2026-02-10 01:14:00,USER0162,REC0394,433.31,Transfer,Bengaluru,Android,QR,0,normal
TXN000689,2026-02-10 01:36:00,USER0850,REC0022,1198.07,Groceries,Chennai,Android,QR,0,normal
TXN005172,2026-02-10 01:45:00,USER0378,REC0165,253.09,Transfer,Hyderabad,Android,QR,0,normal
TXN005534,2026-02-10 01:46:00,USER0728,REC0054,1373.46,Food,Delhi,Android,QR,0,normal
TXN003601,2026-02-10 01:46:00,USER0488,REC0246,961.44,Groceries,Pune,Android,Collect Request,0,normal
TXN007181,2026-02-10 02:13:00,USER0023,REC0398,1197.68,Food,Mumbai,iOS,App,0,normal
TXN004297,2026-02-10 02:16:00,USER0353,REC0448,693.12,Food,Bengaluru,Android,App,0,normal
TXN000047,2026-02-10 02:41:00,USER0468,REC0032,696.29,Food,Hyderabad,Android,QR,0,normal
TXN004465,2026-02-10 02:46:00,USER0769,REC0303,3147.27,Bills,Hyderabad,Android,App,0,normal
TXN007148,2026-02-10 02:46:00,USER0401,REC0341,860.88,Transfer,Bengaluru,Android,Collect Request,0,normal
TXN007029,2026-02-10 02:50:00,USER0573,REC0333,672.77,Food,Mumbai,Android,QR,0,normal
TXN009001,2026-02-10 03:17:00,USER0445,REC0121,1041.15,Travel,Chennai,Android,App,0,normal
TXN006132,2026-02-10 03:25:00,USER0157,REC0002,281.42,Groceries,Hyderabad,iOS,QR,0,normal
TXN006605,2026-02-10 03:29:00,USER0940,REC0448,252.3,Groceries,Bengaluru,Android,App,0,normal
TXN002860,2026-02-10 03:31:00,USER0137,REC0444,499.71,Food,Bengaluru,Android,App,0,normal
TXN000186,2026-02-10 03:41:00,USER0344,REC0075,315.34,Food,Hyderabad,iOS,QR,0,normal
TXN004942,2026-02-10 03:54:00,USER0178,REC0367,709.2,Groceries,Pune,Android,Collect Request,0,normal
TXN004545,2026-02-10 03:57:00,USER0346,REC0461,283.26,Groceries,Bengaluru,Android,App,0,normal
TXN003780,2026-02-10 03:58:00,USER0629,REC0006,866.57,Food,Hyderabad,Android,App,0,normal
TXN000923,2026-02-10 04:02:00,USER0632,REC0354,197.71,Food,Pune,iOS,Collect Request,1,late_night_payment
TXN004004,2026-02-10 04:12:00,USER0902,REC0177,370.4,Shopping,Mumbai,Android,App,0,normal
TXN000869,2026-02-10 04:32:00,USER0368,REC0379,509.51,Bills,Chennai,iOS,App,0,normal
TXN009548,2026-02-10 04:36:00,USER0545,REC0150,983.64,Shopping,Mumbai,Android,App,0,normal
TXN009238,2026-02-10 04:38:00,USER0596,REC0204,1499.94,Food,Bengaluru,Android,QR,0,normal
TXN007087,2026-02-10 05:04:00,USER0971,REC0077,26159.94,Groceries,Mumbai,Android,App,1,unusually_high_amount
TXN009442,2026-02-10 05:04:00,USER0731,REC0439,145.49,Travel,Mumbai,Android,Collect Request,0,normal
TXN003616,2026-02-10 05:10:00,USER0951,REC0260,452.48,Travel,Delhi,Android,QR,0,normal
TXN000219,2026-02-10 05:34:00,USER0687,REC0143,1155.55,Groceries,Delhi,Android,App,0,normal
TXN000267,2026-02-10 05:36:00,USER0332,REC0319,383.46,Travel,Delhi,Android,QR,0,normal
TXN006944,2026-02-10 05:47:00,USER0802,REC0365,319.0,Groceries,Hyderabad,Android,Collect Request,0,normal
TXN001643,2026-02-10 05:54:00,USER0303,REC0494,534.82,Food,Delhi,Android,App,0,normal
TXN009264,2026-02-10 05:56:00,USER0969,REC0023,734.91,Shopping,Mumbai,Android,App,0,normal
TXN005344,2026-02-10 06:06:00,USER0174,REC0462,399.45,Groceries,Pune,Android,Collect Request,0,normal
TXN002735,2026-02-10 06:14:00,USER0235,REC0095,1821.64,Food,Bengaluru,Android,Collect Request,0,normal
TXN006088,2026-02-10 06:20:00,USER0458,REC0361,109.74,Groceries,Delhi,Android,QR,0,normal
TXN003556,2026-02-10 06:22:00,USER0548,REC0173,418.2,Bills,Hyderabad,Android,App,0,normal
TXN007465,2026-02-10 07:41:00,USER0591,REC0197,38798.53,Groceries,Pune,Android,App,1,unusually_high_amount
TXN006867,2026-02-10 07:49:00,USER0447,REC0251,1071.84,Shopping,Pune,iOS,QR,0,normal
TXN001184,2026-02-10 08:07:00,USER0792,REC0404,549.42,Shopping,Delhi,Android,App,0,normal
TXN004322,2026-02-10 08:08:00,USER0587,REC0012,572.22,Transfer,Chennai,Android,QR,0,normal
TXN003080,2026-02-10 08:11:00,USER0743,REC0404,589.94,Bills,Pune,Android,QR,0,normal
TXN001092,2026-02-10 08:12:00,USER0291,REC0422,826.17,Groceries,Pune,Android,QR,0,normal
TXN004144,2026-02-10 08:13:00,USER0218,REC0079,377.9,Transfer,Hyderabad,Android,App,0,normal
TXN008961,2026-02-10 08:20:00,USER0946,REC0392,427.04,Groceries,Hyderabad,Android,QR,0,normal
TXN006140,2026-02-10 08:40:00,USER0981,REC0313,819.99,Food,Hyderabad,Android,App,0,normal
TXN006473,2026-02-10 08:48:00,USER0987,REC0334,826.81,Travel,Pune,Android,App,0,normal
TXN007873,2026-02-10 08:50:00,USER0941,REC0242,575.23,Shopping,Pune,Android,App,0,normal
TXN008108,2026-02-10 08:58:00,USER0787,REC0416,1131.82,Transfer,Bengaluru,iOS,App,0,normal
TXN002382,2026-02-10 09:15:00,USER0840,REC0205,916.66,Transfer,Bengaluru,Android,App,0,normal
TXN000883,2026-02-10 09:21:00,USER0377,REC0272,548.73,Bills,Chennai,Android,QR,0,normal
TXN008418,2026-02-10 09:25:00,USER0246,REC0025,456.78,Shopping,Mumbai,Android,QR,0,normal
TXN006027,2026-02-10 09:28:00,USER0102,REC0164,522.79,Food,Chennai,iOS,App,0,normal
TXN003747,2026-02-10 09:46:00,USER0125,REC0202,331.75,Travel,Delhi,Android,QR,0,normal
TXN001319,2026-02-10 09:46:00,USER0783,REC0081,676.11,Food,Chennai,Android,App,0,normal
TXN009343,2026-02-10 09:55:00,USER0227,REC0323,469.12,Groceries,Pune,Android,Collect Request,0,normal
TXN008127,2026-02-10 09:57:00,USER0181,REC0286,958.01,Transfer,Mumbai,Android,QR,0,normal
TXN001473,2026-02-10 10:26:00,USER0909,REC0199,690.91,Food,Mumbai,Android,QR,0,normal
TXN008426,2026-02-10 10:36:00,USER0135,REC0044,526.93,Groceries,Pune,Android,QR,0,normal
TXN000214,2026-02-10 10:37:00,USER0165,REC0164,645.75,Bills,Mumbai,iOS,App,0,normal
TXN004227,2026-02-10 10:41:00,USER0063,REC0145,1526.99,Food,Pune,Android,QR,0,normal
TXN009643,2026-02-10 10:45:00,USER0937,REC0242,295.03,Transfer,Hyderabad,Android,App,0,normal
TXN003500,2026-02-10 10:59:00,USER0692,REC0380,97.51,Bills,Hyderabad,Android,App,0,normal
TXN001057,2026-02-10 11:05:00,USER0132,REC0056,320.2,Groceries,Bengaluru,Android,App,0,normal
TXN002040,2026-02-10 11:12:00,USER0949,REC0344,2050.73,Travel,Chennai,iOS,QR,0,normal
TXN001373,2026-02-10 11:22:00,USER0759,REC0103,395.23,Shopping,Delhi,Android,App,0,normal
TXN001331,2026-02-10 11:40:00,USER0993,REC0476,698.24,Food,Delhi,iOS,QR,0,normal
TXN001890,2026-02-10 11:41:00,USER0038,REC0469,118.3,Shopping,Chennai,Android,QR,0,normal
TXN000020,2026-02-10 12:50:00,USER0403,REC0160,110.59,Bills,Chennai,iOS,Collect Request,0,normal
TXN000031,2026-02-10 12:59:00,USER0065,REC0454,612.36,Food,Hyderabad,Android,App,0,normal
TXN002435,2026-02-10 12:59:00,USER0347,REC0478,413.07,Travel,Mumbai,Android,QR,0,normal
TXN003666,2026-02-10 13:14:00,USER0258,REC0291,608.01,Shopping,Bengaluru,Android,App,0,normal
TXN002217,2026-02-10 13:17:00,USER0044,REC0394,771.99,Shopping,Chennai,Android,App,0,normal
TXN006669,2026-02-10 13:24:00,USER0172,REC0071,459.17,Bills,Delhi,Android,App,0,normal
TXN008160,2026-02-10 13:29:00,USER0336,REC0290,563.81,Transfer,Pune,Android,App,0,normal
TXN009319,2026-02-10 13:32:00,USER0541,REC0409,1156.85,Food,Bengaluru,Android,App,0,normal
TXN007506,2026-02-10 13:35:00,USER0790,REC0446,1217.34,Travel,Pune,Android,App,0,normal
TXN003981,2026-02-10 13:54:00,USER0933,REC0404,186.05,Shopping,Hyderabad,Android,App,0,normal
TXN007246,2026-02-10 13:58:00,USER0197,REC0393,1911.83,Travel,Mumbai,Android,App,0,normal
TXN008318,2026-02-10 13:59:00,USER0231,REC0370,713.15,Groceries,Mumbai,iOS,QR,0,normal
TXN002578,2026-02-10 14:15:00,USER0335,REC0218,304.1,Transfer,Pune,Android,QR,0,normal
TXN005178,2026-02-10 14:21:00,USER0618,REC0253,1387.17,Groceries,Delhi,Android,QR,0,normal
TXN006922,2026-02-10 14:28:00,USER0920,REC0028,263.65,Food,Chennai,Android,App,0,normal
TXN005607,2026-02-10 14:30:00,USER0697,REC0303,1476.96,Shopping,Mumbai,iOS,QR,0,normal
TXN006691,2026-02-10 14:33:00,USER0211,REC0458,562.65,Travel,Mumbai,iOS,App,0,normal
TXN005664,2026-02-10 14:37:00,USER0686,REC0258,590.34,Shopping,Mumbai,Android,Collect Request,0,normal
TXN006230,2026-02-10 14:48:00,USER0127,REC0053,1426.34,Groceries,Delhi,Android,QR,0,normal
TXN003143,2026-02-10 14:55:00,USER0032,REC0100,387.61,Food,Hyderabad,Android,App,0,normal
TXN001919,2026-02-10 15:22:00,USER0314,REC0182,1021.79,Groceries,Chennai,iOS,QR,0,normal
TXN003817,2026-02-10 16:03:00,USER0809,REC0015,652.99,Food,Chennai,Android,App,0,normal
TXN004759,2026-02-10 16:18:00,USER0407,REC0272,221.81,Bills,Bengaluru,Android,App,0,normal
TXN002645,2026-02-10 16:41:00,USER0737,REC0446,1931.84,Food,Bengaluru,Android,App,0,normal
TXN009305,2026-02-10 16:50:00,USER0301,REC0417,310.67,Bills,Chennai,Android,App,0,normal
TXN004047,2026-02-10 16:51:00,USER0927,REC0397,262.01,Groceries,Mumbai,Android,App,0,normal
TXN004444,2026-02-10 17:17:00,USER0199,REC0258,1302.83,Shopping,Bengaluru,Android,QR,0,normal
TXN003453,2026-02-10 17:19:00,USER0321,REC0334,547.16,Bills,Pune,iOS,QR,0,normal
TXN004106,2026-02-10 17:25:00,USER0370,REC0045,746.14,Shopping,Pune,Android,App,0,normal
TXN002243,2026-02-10 17:35:00,USER0501,REC0042,677.83,Transfer,Bengaluru,Android,QR,0,normal
TXN008036,2026-02-10 17:59:00,USER0392,REC0146,385.94,Groceries,Chennai,iOS,Collect Request,0,normal
TXN002047,2026-02-10 18:11:00,USER0644,REC0401,928.37,Transfer,Delhi,iOS,App,0,normal
TXN005310,2026-02-10 18:11:00,USER0215,REC0134,527.57,Bills,Hyderabad,Android,App,0,normal
TXN007613,2026-02-10 18:18:00,USER0786,REC0114,274.4,Shopping,Bengaluru,Android,App,0,normal
TXN009376,2026-02-10 18:39:00,USER0864,REC0292,359.35,Food,Bengaluru,Android,QR,0,normal
TXN007996,2026-02-10 18:53:00,USER0465,REC0228,81.71,Transfer,Mumbai,Android,QR,0,normal
TXN001368,2026-02-10 19:05:00,USER0585,REC0425,739.13,Transfer,Delhi,iOS,App,0,normal
TXN000833,2026-02-10 19:06:00,USER0335,REC0498,735.56,Travel,Mumbai,Android,App,0,normal
TXN006176,2026-02-10 19:48:00,USER0173,REC0066,283.06,Food,Mumbai,Android,App,0,normal
TXN003397,2026-02-10 20:11:00,USER0497,REC0205,685.74,Shopping,Pune,iOS,Collect Request,0,normal
TXN005579,2026-02-10 20:22:00,USER0985,REC0017,243.17,Food,Bengaluru,Android,App,0,normal
TXN000506,2026-02-10 20:25:00,USER0259,REC0456,378.35,Groceries,Mumbai,Android,App,0,normal
TXN009981,2026-02-10 20:36:00,USER0398,REC0328,678.25,Food,Bengaluru,iOS,App,0,normal
TXN009581,2026-02-10 21:00:00,USER0619,REC0022,728.89,Shopping,Chennai,Android,Collect Request,0,normal
TXN006248,2026-02-10 21:01:00,USER0196,REC0466,359.37,Food,Hyderabad,Android,Collect Request,0,normal
TXN008695,2026-02-10 21:12:00,USER0305,REC0157,124.13,Food,Bengaluru,Android,QR,0,normal
TXN000792,2026-02-10 21:19:00,USER0412,REC0221,353.87,Bills,Delhi,Android,App,0,normal
TXN001853,2026-02-10 21:21:00,USER0501,REC0191,608.67,Food,Mumbai,iOS,App,0,normal
TXN009201,2026-02-10 21:22:00,USER0181,REC0464,1037.1,Shopping,Pune,Android,QR,0,normal
TXN001566,2026-02-10 21:37:00,USER0465,REC0130,526.73,Food,Bengaluru,Android,QR,0,normal
TXN002205,2026-02-10 21:38:00,USER0548,REC0444,2521.23,Food,Chennai,iOS,QR,0,normal
TXN002391,2026-02-10 21:41:00,USER0107,REC0077,1329.6,Food,Delhi,Android,App,0,normal
TXN001803,2026-02-10 22:09:00,USER0541,REC0270,619.93,Food,Bengaluru,Android,QR,0,normal
TXN004025,2026-02-10 22:12:00,USER0591,REC0376,233.98,Shopping,Bengaluru,Android,QR,0,normal
TXN009326,2026-02-10 22:18:00,USER0264,REC0396,609.91,Bills,Pune,Android,QR,0,normal
TXN002337,2026-02-10 22:21:00,USER0970,REC0071,299.16,Bills,Hyderabad,iOS,App,0,normal
TXN009485,2026-02-10 22:22:00,USER0127,REC0426,139.25,Shopping,Mumbai,iOS,App,0,normal
TXN003884,2026-02-10 22:34:00,USER0495,REC0228,350.33,Groceries,Pune,Android,QR,0,normal
TXN006758,2026-02-10 22:38:00,USER0410,REC0397,503.41,Shopping,Mumbai,Android,QR,0,normal
TXN009004,2026-02-10 22:50:00,USER0637,REC0465,688.75,Transfer,Pune,Android,App,0,normal
TXN001458,2026-02-10 23:03:00,USER0907,REC0389,406.87,Bills,Hyderabad,Android,App,0,normal
TXN004424,2026-02-10 23:33:00,USER0788,REC0028,477.24,Food,Mumbai,Android,App,0,normal
TXN009819,2026-02-10 23:35:00,USER0838,REC0446,825.98,Shopping,Bengaluru,Android,App,0,normal
TXN003443,2026-02-10 23:47:00,USER0022,REC0016,799.4,Groceries,Chennai,Android,QR,0,normal
TXN000537,2026-02-11 00:13:00,USER0129,REC0259,504.57,Travel,Chennai,iOS,App,0,normal
TXN000222,2026-02-11 00:28:00,USER0172,REC0187,472.99,Shopping,Bengaluru,Android,Collect Request,0,normal
TXN001743,2026-02-11 00:32:00,USER0558,REC0450,515.09,Bills,Delhi,iOS,App,0,normal
TXN002991,2026-02-11 01:04:00,USER0090,REC0424,323.84,Groceries,Pune,Android,App,0,normal
TXN000871,2026-02-11 01:22:00,USER0267,REC0264,447.71,Food,Pune,Android,App,0,normal
TXN005830,2026-02-11 01:29:00,USER0901,REC0077,422.55,Groceries,Bengaluru,iOS,App,0,normal
TXN002846,2026-02-11 01:49:00,USER0670,REC0326,815.05,Bills,Delhi,Android,App,0,normal
TXN002180,2026-02-11 01:56:00,USER0730,REC0295,520.61,Groceries,Hyderabad,Android,QR,0,normal
TXN004050,2026-02-11 02:08:00,USER0101,REC0329,1336.99,Transfer,Delhi,Android,QR,0,normal
TXN002845,2026-02-11 02:22:00,USER0695,REC0271,504.28,Bills,Bengaluru,Android,App,0,normal
TXN005206,2026-02-11 02:34:00,USER0513,REC0460,1025.11,Groceries,Bengaluru,Android,App,0,normal
TXN008881,2026-02-11 03:32:00,USER0178,REC0127,97.12,Food,Bengaluru,Android,App,0,normal
TXN000205,2026-02-11 04:01:00,USER0676,REC0211,3041.57,Bills,Mumbai,Android,App,0,normal
TXN008493,2026-02-11 04:23:00,USER0478,REC0340,914.21,Groceries,Pune,iOS,QR,0,normal
TXN005744,2026-02-11 04:42:00,USER0044,REC0059,581.53,Shopping,Pune,Android,App,0,normal
TXN009617,2026-02-11 04:48:00,USER0039,REC0398,524.24,Groceries,Mumbai,Android,Collect Request,0,normal
TXN001555,2026-02-11 04:53:00,USER0668,REC0051,165.32,Bills,Mumbai,Android,Collect Request,0,normal
TXN005720,2026-02-11 05:03:00,USER0742,REC0284,769.61,Bills,Bengaluru,iOS,App,0,normal
TXN008507,2026-02-11 05:23:00,USER0899,REC0279,800.42,Food,Pune,Android,App,0,normal
TXN008892,2026-02-11 05:24:00,USER0283,REC0169,539.89,Travel,Chennai,Android,Collect Request,0,normal
TXN002004,2026-02-11 05:50:00,USER0119,REC0021,592.2,Shopping,Hyderabad,Android,QR,0,normal
TXN004526,2026-02-11 06:05:00,USER0547,REC0230,335.75,Food,Mumbai,iOS,Collect Request,0,normal
TXN000798,2026-02-11 06:27:00,USER0688,REC0451,478.25,Shopping,Pune,iOS,Collect Request,0,normal
TXN000916,2026-02-11 06:29:00,USER0646,REC0088,1232.29,Groceries,Bengaluru,Android,QR,0,normal
TXN005137,2026-02-11 06:32:00,USER0133,REC0193,2365.42,Food,Pune,Android,Collect Request,0,normal
TXN009011,2026-02-11 07:13:00,USER0862,REC0418,540.16,Food,Pune,iOS,App,0,normal
TXN007815,2026-02-11 07:14:00,USER0080,REC0271,294.75,Shopping,Delhi,Android,App,0,normal
TXN000114,2026-02-11 07:15:00,USER0550,REC0007,389.18,Food,Mumbai,Android,App,0,normal
TXN000905,2026-02-11 07:17:00,USER0514,REC0162,768.34,Food,Delhi,iOS,App,0,normal
TXN008962,2026-02-11 07:51:00,USER0967,REC0394,1011.32,Shopping,Chennai,Android,QR,0,normal
TXN005585,2026-02-11 08:02:00,USER0855,REC0097,3470.92,Transfer,Chennai,Android,Collect Request,0,normal
TXN007101,2026-02-11 08:33:00,USER0336,REC0463,815.87,Travel,Delhi,iOS,App,0,normal
TXN008340,2026-02-11 08:37:00,USER0304,REC0389,680.73,Shopping,Pune,Android,App,0,normal
TXN003016,2026-02-11 08:58:00,USER0047,REC0002,399.93,Food,Pune,Android,App,0,normal
TXN002507,2026-02-11 09:14:00,USER0314,REC0392,3035.23,Bills,Mumbai,Android,App,0,normal
TXN005472,2026-02-11 09:40:00,USER0397,REC0498,541.02,Food,Mumbai,Android,App,0,normal
TXN000335,2026-02-11 09:40:00,USER0298,REC0232,793.39,Shopping,Delhi,Android,App,0,normal
TXN004179,2026-02-11 10:07:00,USER0979,REC0355,556.71,Transfer,Delhi,Android,App,0,normal
TXN009008,2026-02-11 10:27:00,USER0207,REC0447,2721.84,Transfer,Mumbai,iOS,Collect Request,0,normal
TXN000647,2026-02-11 10:40:00,USER0351,REC0405,420.58,Bills,Delhi,Android,QR,0,normal
TXN001213,2026-02-11 11:11:00,USER0067,REC0249,217.11,Bills,Bengaluru,iOS,QR,0,normal
TXN001520,2026-02-11 11:15:00,USER0054,REC0451,1431.74,Food,Hyderabad,Android,QR,0,normal
TXN003132,2026-02-11 11:36:00,USER0691,REC0216,2052.6,Groceries,Hyderabad,iOS,QR,0,normal
TXN006094,2026-02-11 11:43:00,USER0716,REC0313,820.92,Bills,Bengaluru,Android,Collect Request,0,normal
TXN002020,2026-02-11 11:58:00,USER0858,REC0443,704.1,Transfer,Mumbai,Android,App,0,normal
TXN002274,2026-02-11 12:12:00,USER0957,REC0431,563.22,Shopping,Hyderabad,iOS,App,0,normal
TXN006113,2026-02-11 12:20:00,USER0035,REC0401,351.27,Transfer,Delhi,Android,QR,0,normal
TXN008487,2026-02-11 12:23:00,USER0763,REC0471,555.64,Bills,Bengaluru,Android,App,0,normal
TXN008477,2026-02-11 12:46:00,USER0111,REC0184,216.09,Shopping,Chennai,Android,App,0,normal
TXN000939,2026-02-11 13:10:00,USER0672,REC0345,1427.04,Groceries,Chennai,iOS,QR,0,normal
TXN009099,2026-02-11 13:18:00,USER0513,REC0217,283.53,Food,Chennai,Android,App,0,normal
TXN002730,2026-02-11 13:19:00,USER0870,REC0314,834.66,Groceries,Delhi,Android,App,0,normal
TXN002189,2026-02-11 13:26:00,USER0177,REC0240,224.25,Groceries,Bengaluru,iOS,App,0,normal
TXN002582,2026-02-11 13:31:00,USER0720,REC0418,232.99,Groceries,Bengaluru,Android,App,0,normal
TXN000176,2026-02-11 13:39:00,USER0417,REC0415,912.82,Bills,Hyderabad,Android,QR,0,normal
TXN005213,2026-02-11 14:06:00,USER0690,REC0288,526.31,Groceries,Bengaluru,Android,App,0,normal
TXN004742,2026-02-11 14:24:00,USER0299,REC0450,1482.03,Transfer,Delhi,Android,App,0,normal
TXN004167,2026-02-11 14:40:00,USER0881,REC0003,1394.94,Food,Pune,Android,App,0,normal
TXN009423,2026-02-11 14:54:00,USER0502,REC0436,247.2,Shopping,Mumbai,Android,Collect Request,0,normal
TXN005022,2026-02-11 15:12:00,USER0604,REC0003,505.51,Transfer,Mumbai,iOS,App,0,normal
TXN004323,2026-02-11 15:13:00,USER0352,REC0009,510.47,Groceries,Delhi,Android,App,0,normal
TXN009608,2026-02-11 15:16:00,USER0732,REC0035,720.01,Groceries,Bengaluru,Android,App,0,normal
TXN005666,2026-02-11 15:38:00,USER0091,REC0025,307.06,Food,Hyderabad,Android,QR,0,normal
TXN000612,2026-02-11 15:38:00,USER0633,REC0303,645.24,Groceries,Chennai,Android,QR,0,normal
TXN000073,2026-02-11 15:57:00,USER0368,REC0175,358.18,Bills,Delhi,Android,QR,0,normal
TXN000485,2026-02-11 16:05:00,USER0110,REC0124,1553.83,Shopping,Delhi,Android,Collect Request,0,normal
TXN009714,2026-02-11 16:10:00,USER0660,REC0308,522.66,Shopping,Delhi,Android,App,0,normal
TXN006581,2026-02-11 16:15:00,USER0982,REC0291,648.39,Food,Pune,Android,App,0,normal
TXN007483,2026-02-11 16:24:00,USER0728,REC0320,753.33,Bills,Pune,Android,App,0,normal
TXN000231,2026-02-11 16:31:00,USER0025,REC0001,897.69,Food,Hyderabad,Android,App,0,normal
TXN005713,2026-02-11 17:14:00,USER0315,REC0122,359.43,Food,Bengaluru,Android,App,0,normal
TXN007768,2026-02-11 17:25:00,USER0025,REC0177,850.52,Groceries,Bengaluru,Android,App,0,normal
TXN002716,2026-02-11 17:32:00,USER0943,REC0462,263.64,Food,Chennai,Android,Collect Request,0,normal
TXN009300,2026-02-11 17:36:00,USER0458,REC0326,111.05,Food,Pune,Android,QR,0,normal
TXN005118,2026-02-11 17:38:00,USER0855,REC0303,755.91,Food,Bengaluru,Android,QR,0,normal
TXN003292,2026-02-11 17:52:00,USER0100,REC0091,752.61,Groceries,Delhi,Android,App,0,normal
TXN003631,2026-02-11 17:56:00,USER0398,REC0469,2117.02,Groceries,Chennai,iOS,Collect Request,0,normal
TXN002465,2026-02-11 18:01:00,USER0964,REC0278,395.73,Transfer,Bengaluru,Android,App,0,normal
TXN003954,2026-02-11 18:04:00,USER0821,REC0037,544.11,Groceries,Hyderabad,Android,QR,0,normal
TXN007019,2026-02-11 18:27:00,USER0515,REC0143,255.05,Groceries,Pune,Android,App,0,normal
TXN002409,2026-02-11 18:32:00,USER0289,REC0180,2363.91,Travel,Mumbai,iOS,App,0,normal
TXN002077,2026-02-11 19:02:00,USER0740,REC0083,154.47,Groceries,Delhi,Android,QR,0,normal
TXN005274,2026-02-11 19:06:00,USER0497,REC0005,2163.87,Food,Pune,Android,QR,0,normal
TXN006175,2026-02-11 19:20:00,USER0212,REC0033,695.63,Shopping,Bengaluru,iOS,QR,0,normal
TXN007510,2026-02-11 19:32:00,USER0138,REC0144,1197.01,Bills,Hyderabad,Android,QR,0,normal
TXN002354,2026-02-11 19:42:00,USER0707,REC0213,1114.47,Bills,Delhi,iOS,Collect Request,0,normal
TXN001248,2026-02-11 20:20:00,USER0615,REC0290,247.94,Travel,Hyderabad,iOS,App,0,normal
TXN001954,2026-02-11 20:25:00,USER0756,REC0226,230.99,Food,Pune,Android,App,0,normal
TXN009954,2026-02-11 20:37:00,USER0710,REC0181,921.05,Shopping,Hyderabad,Android,App,0,normal
TXN008516,2026-02-11 20:45:00,USER0901,REC0229,830.4,Shopping,Bengaluru,iOS,App,0,normal
TXN005654,2026-02-11 20:51:00,USER0791,REC0436,144.15,Food,Hyderabad,Android,QR,0,normal
TXN006190,2026-02-11 21:28:00,USER0045,REC0196,300.43,Food,Bengaluru,iOS,App,0,normal
TXN009824,2026-02-11 21:42:00,USER0635,REC0204,789.99,Food,Bengaluru,Android,App,0,normal
TXN002644,2026-02-11 22:02:00,USER0379,REC0168,189.28,Travel,Pune,Android,App,0,normal
TXN006319,2026-02-11 22:09:00,USER0263,REC0352,197.67,Groceries,Mumbai,Android,App,0,normal
TXN006455,2026-02-11 22:17:00,USER0157,REC0435,1060.84,Transfer,Bengaluru,iOS,QR,0,normal
TXN000710,2026-02-11 22:31:00,USER0905,REC0236,230.37,Shopping,Hyderabad,iOS,QR,0,normal
TXN006285,2026-02-11 22:46:00,USER0344,REC0427,667.89,Shopping,Hyderabad,iOS,App,0,normal
TXN004180,2026-02-11 23:39:00,USER0329,REC0308,328.07,Transfer,Chennai,iOS,App,0,normal
TXN000054,2026-02-12 00:07:00,USER0435,REC0463,1021.95,Transfer,Hyderabad,iOS,QR,0,normal
TXN001075,2026-02-12 00:07:00,USER0219,REC0109,3024.48,Food,Chennai,Android,App,0,normal
TXN007976,2026-02-12 00:11:00,USER0977,REC0500,489.72,Groceries,Delhi,iOS,QR,0,normal
TXN007979,2026-02-12 00:26:00,USER0116,REC0322,589.92,Groceries,Pune,Android,QR,1,late_night_payment
TXN009228,2026-02-12 00:45:00,USER0235,REC0145,693.65,Bills,Hyderabad,Android,App,0,normal
TXN007740,2026-02-12 00:48:00,USER0649,REC0456,345.61,Bills,Delhi,Android,Collect Request,0,normal
TXN000277,2026-02-12 00:57:00,USER0857,REC0346,344.02,Bills,Bengaluru,Android,QR,0,normal
TXN001499,2026-02-12 01:12:00,USER0050,REC0195,1191.73,Shopping,Pune,Android,Collect Request,0,normal
TXN006046,2026-02-12 01:14:00,USER0948,REC0304,251.17,Food,Pune,iOS,App,1,late_night_payment
TXN005340,2026-02-12 01:18:00,USER0512,REC0446,889.13,Transfer,Pune,Android,QR,0,normal
TXN006005,2026-02-12 01:29:00,USER0951,REC0460,867.82,Bills,Chennai,Android,Collect Request,0,normal
TXN000474,2026-02-12 01:32:00,USER0185,REC0411,700.36,Transfer,Hyderabad,Android,App,0,normal
TXN004481,2026-02-12 01:34:00,USER0954,REC0224,1084.52,Groceries,Mumbai,Android,App,0,normal
TXN003090,2026-02-12 01:45:00,USER0259,REC0182,670.31,Food,Pune,Android,App,0,normal
TXN007765,2026-02-12 02:00:00,USER0802,REC0209,956.69,Groceries,Pune,Android,App,0,normal
TXN003560,2026-02-12 02:07:00,USER0723,REC0475,296.68,Transfer,Bengaluru,Android,App,0,normal
TXN004343,2026-02-12 02:17:00,USER0261,REC0385,1092.12,Food,Hyderabad,Android,App,0,normal
TXN004807,2026-02-12 02:33:00,USER0747,REC0147,198.18,Travel,Chennai,Android,App,0,normal
TXN008169,2026-02-12 02:46:00,USER0884,REC0427,394.55,Shopping,Pune,iOS,App,0,normal
TXN009555,2026-02-12 03:04:00,USER0243,REC0181,1185.27,Transfer,Pune,iOS,App,0,normal
TXN006947,2026-02-12 03:09:00,USER0793,REC0470,365.62,Groceries,Hyderabad,Android,App,0,normal
TXN003286,2026-02-12 03:22:00,USER0207,REC0203,392.29,Groceries,Pune,Android,QR,0,normal
TXN003662,2026-02-12 03:34:00,USER0494,REC0064,658.34,Groceries,Bengaluru,Android,App,0,normal
TXN008810,2026-02-12 03:36:00,USER0710,REC0465,419.22,Bills,Chennai,iOS,QR,0,normal
TXN004867,2026-02-12 03:40:00,USER0639,REC0063,648.09,Groceries,Mumbai,Android,QR,0,normal
TXN005412,2026-02-12 03:45:00,USER0510,REC0415,562.71,Transfer,Chennai,Android,QR,0,normal
TXN002527,2026-02-12 03:45:00,USER0451,REC0030,420.84,Shopping,Chennai,Android,App,0,normal
TXN001802,2026-02-12 03:46:00,USER0834,REC0081,745.28,Shopping,Hyderabad,iOS,QR,0,normal
TXN008441,2026-02-12 03:49:00,USER0137,REC0182,1788.89,Groceries,Mumbai,Android,App,0,normal
TXN005907,2026-02-12 03:59:00,USER0035,REC0410,258.62,Bills,Bengaluru,iOS,Collect Request,0,normal
TXN003139,2026-02-12 04:20:00,USER0753,REC0375,656.05,Food,Bengaluru,iOS,QR,0,normal
TXN001968,2026-02-12 04:31:00,USER0337,REC0070,1069.47,Groceries,Chennai,Android,App,0,normal
TXN006231,2026-02-12 04:35:00,USER0740,REC0247,384.08,Groceries,Hyderabad,Android,App,1,late_night_payment
TXN001697,2026-02-12 04:36:00,USER0708,REC0383,240.35,Shopping,Pune,Android,App,0,normal
TXN004485,2026-02-12 04:45:00,USER0463,REC0048,432.71,Shopping,Hyderabad,Android,App,0,normal
TXN002395,2026-02-12 04:50:00,USER0606,REC0128,293.24,Food,Mumbai,Android,App,1,late_night_payment
TXN002976,2026-02-12 05:03:00,USER0660,REC0436,502.36,Shopping,Chennai,Android,App,0,normal
TXN008465,2026-02-12 05:13:00,USER0799,REC0195,2165.22,Food,Hyderabad,Android,App,0,normal
TXN007549,2026-02-12 05:16:00,USER0082,REC0370,1238.57,Food,Mumbai,iOS,QR,0,normal
TXN006061,2026-02-12 05:18:00,USER0017,REC0202,399.86,Food,Hyderabad,Android,QR,0,normal
TXN005942,2026-02-12 05:19:00,USER0637,REC0031,428.36,Food,Delhi,iOS,App,0,normal
TXN001102,2026-02-12 05:44:00,USER0288,REC0463,357.15,Food,Delhi,Android,Collect Request,0,normal
TXN000367,2026-02-12 06:13:00,USER0245,REC0141,670.6,Transfer,Mumbai,Android,QR,0,normal
TXN000070,2026-02-12 06:14:00,USER0615,REC0500,272.7,Groceries,Chennai,Android,App,0,normal
TXN005769,2026-02-12 06:14:00,USER0087,REC0303,152.02,Shopping,Bengaluru,Android,App,0,normal
TXN007187,2026-02-12 06:27:00,USER0357,REC0448,616.2,Groceries,Mumbai,iOS,QR,0,normal
TXN001712,2026-02-12 06:46:00,USER0821,REC0137,228.36,Groceries,Chennai,iOS,QR,0,normal
TXN002454,2026-02-12 07:06:00,USER0486,REC0147,2067.91,Bills,Mumbai,Android,QR,0,normal
TXN007722,2026-02-12 07:07:00,USER0214,REC0227,150.43,Shopping,Mumbai,Android,App,0,normal
TXN002549,2026-02-12 07:33:00,USER0070,REC0174,722.12,Food,Delhi,Android,App,0,normal
TXN007668,2026-02-12 07:35:00,USER0569,REC0421,907.14,Food,Hyderabad,iOS,App,0,normal
TXN009421,2026-02-12 07:42:00,USER0579,REC0496,257.53,Shopping,Mumbai,Android,App,0,normal
TXN001431,2026-02-12 07:47:00,USER0402,REC0347,299.75,Food,Mumbai,Android,QR,0,normal
TXN004707,2026-02-12 07:55:00,USER0698,REC0389,187.76,Food,Hyderabad,iOS,App,0,normal
TXN008207,2026-02-12 09:04:00,USER0255,REC0299,494.62,Travel,Mumbai,Android,App,0,normal
TXN007092,2026-02-12 09:15:00,USER0505,REC0402,1170.45,Food,Hyderabad,Android,QR,0,normal
TXN004417,2026-02-12 09:20:00,USER0897,REC0243,639.44,Shopping,Pune,Android,App,0,normal
TXN000124,2026-02-12 09:34:00,USER0162,REC0243,393.58,Groceries,Pune,iOS,App,0,normal
TXN009996,2026-02-12 09:40:00,USER0166,REC0057,788.04,Shopping,Mumbai,Android,QR,0,normal
TXN006617,2026-02-12 09:58:00,USER0636,REC0301,417.84,Bills,Mumbai,Android,App,0,normal
TXN006923,2026-02-12 10:02:00,USER0476,REC0072,269.49,Bills,Hyderabad,iOS,App,0,normal
TXN003123,2026-02-12 10:28:00,USER0473,REC0414,856.35,Travel,Delhi,Android,App,0,normal
TXN000109,2026-02-12 10:35:00,USER0540,REC0405,252.83,Transfer,Pune,Android,QR,0,normal
TXN008768,2026-02-12 10:39:00,USER0928,REC0051,1394.69,Groceries,Chennai,Android,App,0,normal
TXN009382,2026-02-12 10:42:00,USER0448,REC0459,38.56,Food,Hyderabad,Android,Collect Request,0,normal
TXN004606,2026-02-12 10:44:00,USER0880,REC0440,2195.9,Groceries,Hyderabad,iOS,App,0,normal
TXN008543,2026-02-12 10:55:00,USER0726,REC0472,358.65,Shopping,Mumbai,iOS,QR,0,normal
TXN008307,2026-02-12 10:57:00,USER0193,REC0459,798.82,Bills,Delhi,iOS,App,0,normal
TXN008602,2026-02-12 11:03:00,USER0789,REC0479,898.6,Transfer,Bengaluru,Android,QR,0,normal
TXN005872,2026-02-12 11:04:00,USER0306,REC0138,327.71,Food,Mumbai,Android,App,0,normal
TXN005348,2026-02-12 11:15:00,USER0402,REC0304,965.43,Groceries,Bengaluru,Android,QR,0,normal
TXN002913,2026-02-12 11:23:00,USER0737,REC0413,469.19,Shopping,Delhi,Android,QR,0,normal
TXN005354,2026-02-12 11:49:00,USER0266,REC0047,810.47,Transfer,Hyderabad,Android,QR,0,normal
TXN007269,2026-02-12 12:30:00,USER0462,REC0229,583.27,Shopping,Bengaluru,iOS,QR,0,normal
TXN003938,2026-02-12 12:31:00,USER0598,REC0260,555.09,Transfer,Bengaluru,iOS,App,0,normal
TXN003636,2026-02-12 12:43:00,USER0191,REC0119,354.79,Shopping,Delhi,Android,QR,0,normal
TXN006500,2026-02-12 12:45:00,USER0053,REC0070,952.11,Shopping,Chennai,Android,QR,0,normal
TXN009785,2026-02-12 12:48:00,USER0007,REC0324,209.9,Food,Hyderabad,iOS,App,0,normal
TXN009609,2026-02-12 12:53:00,USER0260,REC0342,525.54,Shopping,Delhi,Android,App,0,normal
TXN002026,2026-02-12 13:12:00,USER0011,REC0336,800.59,Travel,Mumbai,Android,QR,0,normal
TXN001789,2026-02-12 13:25:00,USER0530,REC0101,372.9,Food,Chennai,Android,QR,0,normal
TXN005992,2026-02-12 13:26:00,USER0340,REC0190,70.1,Food,Mumbai,Android,QR,0,normal
TXN006829,2026-02-12 13:56:00,USER0300,REC0320,904.77,Shopping,Pune,Android,App,0,normal
TXN009645,2026-02-12 14:09:00,USER0701,REC0285,68.21,Groceries,Pune,Android,QR,0,normal
TXN009107,2026-02-12 14:22:00,USER0030,REC0395,660.72,Food,Bengaluru,iOS,QR,0,normal
TXN007066,2026-02-12 14:42:00,USER0197,REC0102,302.39,Shopping,Hyderabad,Android,App,0,normal
TXN000290,2026-02-12 14:44:00,USER0332,REC0260,792.76,Food,Chennai,Android,QR,0,normal
TXN009286,2026-02-12 15:20:00,USER0895,REC0327,1102.99,Groceries,Mumbai,Android,App,0,normal
TXN005491,2026-02-12 15:28:00,USER0697,REC0407,2052.8,Food,Chennai,Android,QR,0,normal
TXN003410,2026-02-12 15:41:00,USER0459,REC0060,126.81,Food,Pune,Android,App,0,normal
TXN008308,2026-02-12 15:48:00,USER0973,REC0026,237.36,Food,Delhi,Android,App,0,normal
TXN009895,2026-02-12 15:50:00,USER0652,REC0226,141.05,Bills,Chennai,Android,Collect Request,0,normal
TXN008668,2026-02-12 15:57:00,USER0613,REC0018,852.49,Travel,Chennai,iOS,QR,0,normal
TXN002463,2026-02-12 16:05:00,USER0960,REC0157,386.73,Food,Mumbai,Android,QR,0,normal
TXN000974,2026-02-12 16:07:00,USER0881,REC0065,393.44,Bills,Pune,Android,App,0,normal
TXN000944,2026-02-12 16:12:00,USER0063,REC0287,22532.09,Travel,Pune,iOS,App,1,unusually_high_amount
TXN003451,2026-02-12 16:36:00,USER0030,REC0377,849.04,Groceries,Hyderabad,Android,App,0,normal
TXN009850,2026-02-12 16:39:00,USER0096,REC0053,739.15,Groceries,Pune,Android,App,0,normal
TXN008290,2026-02-12 16:44:00,USER0050,REC0285,229.24,Travel,Chennai,Android,Collect Request,0,normal
TXN009513,2026-02-12 16:44:00,USER0980,REC0030,440.93,Groceries,Chennai,iOS,App,0,normal
TXN006563,2026-02-12 16:57:00,USER0065,REC0013,1109.82,Transfer,Mumbai,Android,App,0,normal
TXN007824,2026-02-12 16:59:00,USER0501,REC0007,599.37,Transfer,Chennai,iOS,QR,0,normal
TXN002459,2026-02-12 17:16:00,USER0470,REC0226,1267.32,Shopping,Delhi,Android,App,0,normal
TXN004116,2026-02-12 17:44:00,USER0141,REC0455,311.11,Food,Mumbai,Android,QR,0,normal
TXN005857,2026-02-12 17:54:00,USER0220,REC0486,934.8,Travel,Bengaluru,Android,QR,0,normal
TXN007475,2026-02-12 18:01:00,USER0754,REC0188,15899.19,Shopping,Delhi,Android,QR,1,unusually_high_amount
TXN003874,2026-02-12 18:02:00,USER0906,REC0448,410.54,Bills,Pune,Android,App,0,normal
TXN008815,2026-02-12 18:08:00,USER0716,REC0413,728.09,Food,Hyderabad,iOS,Collect Request,0,normal
TXN006603,2026-02-12 18:14:00,USER0148,REC0234,819.09,Groceries,Bengaluru,Android,QR,0,normal
TXN007440,2026-02-12 18:26:00,USER0040,REC0045,463.41,Food,Pune,Android,App,0,normal
TXN003990,2026-02-12 18:39:00,USER0797,REC0073,1591.16,Bills,Pune,Android,App,0,normal
TXN008734,2026-02-12 18:43:00,USER0703,REC0438,462.33,Bills,Pune,Android,QR,0,normal
TXN000519,2026-02-12 18:54:00,USER0520,REC0389,393.09,Shopping,Bengaluru,Android,App,0,normal
TXN001541,2026-02-12 19:05:00,USER0816,REC0112,898.7,Food,Bengaluru,Android,QR,0,normal
TXN007191,2026-02-12 19:12:00,USER0319,REC0411,1686.92,Food,Mumbai,Android,QR,0,normal
TXN002980,2026-02-12 19:12:00,USER0992,REC0369,1236.36,Bills,Chennai,Android,App,0,normal
TXN005147,2026-02-12 19:22:00,USER0215,REC0054,232.76,Shopping,Bengaluru,Android,QR,0,normal
TXN000076,2026-02-12 19:31:00,USER0191,REC0312,1498.27,Groceries,Delhi,Android,App,0,normal
TXN005561,2026-02-12 19:48:00,USER0078,REC0262,776.37,Shopping,Chennai,Android,App,0,normal
TXN007662,2026-02-12 19:58:00,USER0065,REC0116,676.31,Groceries,Delhi,Android,App,0,normal
TXN000709,2026-02-12 20:00:00,USER0780,REC0116,667.17,Food,Delhi,Android,App,0,normal
TXN002456,2026-02-12 20:21:00,USER0312,REC0359,407.52,Bills,Pune,iOS,App,0,normal
TXN003498,2026-02-12 20:26:00,USER0456,REC0155,281.96,Food,Pune,Android,QR,0,normal
TXN009103,2026-02-12 20:29:00,USER0241,REC0371,751.33,Groceries,Delhi,Android,QR,0,normal
TXN009235,2026-02-12 20:31:00,USER0693,REC0307,1694.42,Food,Mumbai,Android,QR,0,normal
TXN002239,2026-02-12 20:32:00,USER0464,REC0484,513.02,Bills,Mumbai,Android,App,0,normal
TXN005631,2026-02-12 20:32:00,USER0546,REC0271,2139.35,Food,Pune,Android,App,0,normal
TXN001420,2026-02-12 20:42:00,USER0617,REC0339,410.95,Transfer,Pune,Android,QR,0,normal
TXN008486,2026-02-12 20:46:00,USER0029,REC0410,950.12,Food,Pune,Android,App,0,normal
TXN005133,2026-02-12 21:15:00,USER0938,REC0024,508.8,Food,Delhi,Android,App,0,normal
TXN007523,2026-02-12 21:45:00,USER0014,REC0106,421.66,Bills,Chennai,Android,QR,0,normal
TXN009257,2026-02-12 22:00:00,USER0270,REC0080,612.81,Travel,Hyderabad,iOS,App,0,normal
TXN007325,2026-02-12 22:14:00,USER0925,REC0485,366.13,Shopping,Chennai,Android,App,0,normal
TXN006528,2026-02-12 22:29:00,USER0940,REC0170,146.15,Groceries,Delhi,Android,QR,0,normal
TXN003138,2026-02-12 22:45:00,USER0617,REC0222,855.79,Food,Hyderabad,Android,App,0,normal
TXN003846,2026-02-12 22:49:00,USER0421,REC0367,341.41,Groceries,Delhi,Android,App,0,normal
TXN000973,2026-02-12 22:54:00,USER0775,REC0067,1471.29,Groceries,Mumbai,Android,QR,0,normal
TXN008181,2026-02-12 23:07:00,USER0926,REC0157,825.91,Food,Bengaluru,Android,QR,0,normal
TXN003971,2026-02-12 23:19:00,USER0984,REC0277,325.53,Bills,Pune,Android,App,0,normal
TXN001202,2026-02-12 23:24:00,USER0532,REC0366,218.15,Food,Bengaluru,Android,App,0,normal
TXN004453,2026-02-12 23:41:00,USER0734,REC0239,305.49,Shopping,Mumbai,Android,QR,0,normal
TXN004726,2026-02-12 23:43:00,USER0898,REC0086,463.73,Transfer,Chennai,Android,App,0,normal
TXN000622,2026-02-13 00:12:00,USER0426,REC0014,396.65,Bills,Delhi,Android,App,0,normal
TXN002960,2026-02-13 00:21:00,USER0348,REC0423,624.97,Shopping,Bengaluru,Android,App,0,normal
TXN006349,2026-02-13 00:28:00,USER0194,REC0269,454.62,Shopping,Hyderabad,Android,QR,0,normal
TXN001795,2026-02-13 00:35:00,USER0143,REC0155,741.65,Travel,Delhi,iOS,QR,0,normal
TXN009401,2026-02-13 00:35:00,USER0350,REC0341,835.87,Groceries,Hyderabad,iOS,App,0,normal
TXN006799,2026-02-13 00:50:00,USER0885,REC0453,813.08,Food,Hyderabad,Android,App,0,normal
TXN000785,2026-02-13 00:51:00,USER0826,REC0300,724.75,Groceries,Pune,Android,App,0,normal
TXN003056,2026-02-13 01:21:00,USER0027,REC0362,209.29,Groceries,Hyderabad,Android,App,0,normal
TXN009396,2026-02-13 01:32:00,USER0425,REC0417,143.16,Groceries,Mumbai,Android,App,0,normal
TXN008544,2026-02-13 01:35:00,USER0757,REC0401,206.16,Shopping,Bengaluru,iOS,App,0,normal
TXN002769,2026-02-13 01:37:00,USER0612,REC0164,199.25,Travel,Pune,iOS,App,0,normal
TXN007176,2026-02-13 02:13:00,USER0438,REC0392,700.93,Food,Hyderabad,iOS,App,1,late_night_payment
TXN001799,2026-02-13 02:21:00,USER0961,REC0474,405.21,Groceries,Mumbai,iOS,QR,0,normal
TXN008994,2026-02-13 02:27:00,USER0077,REC0500,466.09,Food,Chennai,Android,App,0,normal
TXN004281,2026-02-13 02:28:00,USER0603,REC0211,502.39,Transfer,Chennai,Android,App,0,normal
TXN000276,2026-02-13 02:59:00,USER0040,REC0341,698.23,Food,Pune,Android,QR,1,late_night_payment
TXN009596,2026-02-13 03:06:00,USER0287,REC0059,1379.08,Travel,Mumbai,Android,App,0,normal
TXN006598,2026-02-13 03:07:00,USER0003,REC0258,798.64,Groceries,Hyderabad,Android,App,0,normal
TXN008256,2026-02-13 03:13:00,USER0611,REC0293,358.07,Shopping,Mumbai,Android,App,0,normal
TXN000768,2026-02-13 03:26:00,USER0189,REC0409,232.3,Shopping,Hyderabad,Android,App,0,normal
TXN003262,2026-02-13 03:32:00,USER0678,REC0339,342.44,Food,Pune,Android,App,0,normal
TXN005379,2026-02-13 03:55:00,USER0407,REC0374,216.92,Food,Mumbai,Android,QR,1,late_night_payment
TXN006716,2026-02-13 04:08:00,USER0116,REC0043,116.81,Food,Mumbai,Android,QR,1,late_night_payment
TXN001101,2026-02-13 04:11:00,USER0889,REC0339,365.77,Groceries,Chennai,iOS,App,0,normal
TXN004112,2026-02-13 04:21:00,USER0383,REC0279,357.97,Transfer,Chennai,Android,App,0,normal
TXN001508,2026-02-13 04:30:00,USER0753,REC0090,133.62,Transfer,Pune,Android,QR,0,normal
TXN008058,2026-02-13 04:52:00,USER0024,REC0366,595.71,Transfer,Mumbai,Android,App,0,normal
TXN003427,2026-02-13 04:54:00,USER0080,REC0312,778.89,Groceries,Pune,Android,App,0,normal
TXN007094,2026-02-13 04:58:00,USER0746,REC0493,1807.89,Transfer,Mumbai,Android,App,0,normal
TXN008090,2026-02-13 06:00:00,USER0308,REC0408,1172.97,Shopping,Chennai,iOS,App,0,normal
TXN002178,2026-02-13 06:06:00,USER0349,REC0434,444.81,Shopping,Pune,Android,App,0,normal
TXN000644,2026-02-13 06:45:00,USER0635,REC0263,425.63,Travel,Pune,Android,QR,0,normal
TXN009792,2026-02-13 06:45:00,USER0826,REC0438,369.04,Food,Pune,Android,QR,0,normal
TXN003923,2026-02-13 06:57:00,USER0335,REC0200,197.66,Food,Chennai,Android,QR,0,normal
TXN007513,2026-02-13 07:15:00,USER0203,REC0429,610.26,Food,Chennai,iOS,QR,0,normal
TXN009525,2026-02-13 07:23:00,USER0021,REC0068,814.57,Bills,Pune,Android,QR,0,normal
TXN004890,2026-02-13 07:46:00,USER0049,REC0241,638.66,Bills,Delhi,Android,QR,0,normal
TXN009068,2026-02-13 07:59:00,USER0494,REC0142,1045.92,Transfer,Hyderabad,Android,App,0,normal
TXN001808,2026-02-13 08:01:00,USER0798,REC0239,769.09,Food,Pune,iOS,QR,0,normal
TXN003656,2026-02-13 08:14:00,USER0862,REC0091,1558.17,Groceries,Delhi,iOS,QR,0,normal
TXN002686,2026-02-13 08:36:00,USER0881,REC0164,561.03,Bills,Delhi,Android,QR,0,normal
TXN003855,2026-02-13 09:11:00,USER0517,REC0230,977.56,Shopping,Hyderabad,Android,App,0,normal
TXN001932,2026-02-13 09:11:00,USER0241,REC0067,2481.94,Transfer,Delhi,iOS,App,0,normal
TXN004895,2026-02-13 09:13:00,USER0369,REC0239,168.57,Transfer,Pune,Android,App,0,normal
TXN005809,2026-02-13 09:33:00,USER0501,REC0392,385.29,Bills,Hyderabad,Android,App,0,normal
TXN004428,2026-02-13 09:55:00,USER0602,REC0433,1707.17,Food,Mumbai,iOS,QR,0,normal
TXN009508,2026-02-13 10:16:00,USER0021,REC0440,172.8,Groceries,Bengaluru,Android,App,0,normal
TXN001146,2026-02-13 10:21:00,USER0502,REC0212,253.62,Shopping,Chennai,iOS,App,0,normal
TXN006765,2026-02-13 10:25:00,USER0268,REC0316,488.88,Transfer,Mumbai,Android,App,0,normal
TXN001517,2026-02-13 10:28:00,USER0432,REC0334,165.38,Food,Mumbai,Android,QR,0,normal
TXN006311,2026-02-13 10:57:00,USER0317,REC0205,2287.02,Travel,Pune,Android,App,0,normal
TXN007136,2026-02-13 11:04:00,USER0456,REC0072,546.64,Shopping,Hyderabad,Android,App,0,normal
TXN002844,2026-02-13 11:08:00,USER0528,REC0053,905.95,Groceries,Delhi,Android,App,0,normal
TXN006937,2026-02-13 11:40:00,USER0688,REC0266,324.67,Transfer,Chennai,Android,QR,0,normal
TXN004355,2026-02-13 11:57:00,USER0882,REC0022,1472.42,Transfer,Pune,iOS,App,0,normal
TXN007785,2026-02-13 11:59:00,USER0704,REC0210,797.92,Groceries,Delhi,Android,App,0,normal
TXN007397,2026-02-13 12:12:00,USER0535,REC0264,867.33,Food,Mumbai,Android,App,0,normal
TXN006554,2026-02-13 12:17:00,USER0423,REC0265,378.79,Bills,Pune,Android,QR,0,normal
TXN006460,2026-02-13 12:23:00,USER0656,REC0368,291.06,Groceries,Pune,iOS,App,0,normal
TXN008240,2026-02-13 12:28:00,USER0852,REC0137,805.84,Food,Hyderabad,iOS,QR,0,normal
TXN009869,2026-02-13 13:24:00,USER0247,REC0306,83.73,Food,Mumbai,Android,QR,0,normal
TXN008368,2026-02-13 14:07:00,USER0984,REC0160,239.26,Bills,Hyderabad,Android,App,0,normal
TXN007060,2026-02-13 14:16:00,USER0265,REC0299,482.63,Shopping,Chennai,Android,App,0,normal
TXN007061,2026-02-13 14:59:00,USER0599,REC0051,234.63,Transfer,Mumbai,iOS,QR,0,normal
TXN009856,2026-02-13 15:30:00,USER0034,REC0405,2463.24,Food,Chennai,Android,App,0,normal
TXN006631,2026-02-13 16:41:00,USER0508,REC0004,421.7,Shopping,Pune,Android,QR,0,normal
TXN008121,2026-02-13 17:32:00,USER0922,REC0193,1124.23,Bills,Delhi,Android,App,0,normal
TXN004608,2026-02-13 17:51:00,USER0478,REC0225,1324.43,Groceries,Chennai,Android,App,0,normal
TXN008718,2026-02-13 18:06:00,USER0606,REC0064,1036.46,Shopping,Hyderabad,Android,App,0,normal
TXN002416,2026-02-13 18:10:00,USER0290,REC0323,438.97,Bills,Mumbai,Android,App,0,normal
TXN002958,2026-02-13 18:21:00,USER0247,REC0400,306.77,Food,Chennai,Android,QR,0,normal
TXN008473,2026-02-13 18:52:00,USER0344,REC0271,359.63,Bills,Mumbai,Android,QR,0,normal
TXN006387,2026-02-13 18:56:00,USER0629,REC0015,1499.6,Transfer,Bengaluru,Android,QR,0,normal
TXN000282,2026-02-13 19:10:00,USER0622,REC0004,1949.17,Groceries,Chennai,Android,App,0,normal
TXN006590,2026-02-13 19:52:00,USER0689,REC0006,388.89,Shopping,Mumbai,Android,App,0,normal
TXN007368,2026-02-13 20:01:00,USER0866,REC0362,427.32,Shopping,Pune,Android,QR,0,normal
TXN004830,2026-02-13 20:10:00,USER0659,REC0316,352.3,Groceries,Chennai,Android,App,0,normal
TXN001031,2026-02-13 21:07:00,USER0205,REC0233,920.55,Bills,Mumbai,iOS,QR,0,normal
TXN006103,2026-02-13 21:48:00,USER0385,REC0150,673.9,Groceries,Chennai,iOS,App,0,normal
TXN004473,2026-02-13 22:27:00,USER0955,REC0177,230.93,Groceries,Hyderabad,Android,QR,0,normal
TXN000729,2026-02-13 22:29:00,USER0482,REC0265,838.75,Bills,Pune,Android,App,0,normal
TXN004561,2026-02-13 22:52:00,USER0161,REC0407,174.62,Bills,Hyderabad,Android,App,0,normal
TXN006025,2026-02-13 23:13:00,USER0087,REC0443,233.06,Food,Hyderabad,Android,QR,0,normal
TXN000444,2026-02-13 23:20:00,USER0561,REC0359,1048.26,Groceries,Pune,Android,QR,0,normal
TXN004217,2026-02-13 23:28:00,USER0159,REC0143,268.81,Food,Delhi,Android,App,0,normal
TXN004714,2026-02-14 00:01:00,USER0709,REC0470,1733.22,Groceries,Mumbai,Android,App,0,normal
TXN009553,2026-02-14 00:05:00,USER0411,REC0126,391.52,Bills,Pune,Android,QR,0,normal
TXN006508,2026-02-14 00:11:00,USER0834,REC0124,134.24,Groceries,Delhi,Android,QR,0,normal
TXN009158,2026-02-14 00:44:00,USER0120,REC0052,668.04,Travel,Chennai,Android,App,0,normal
TXN000651,2026-02-14 00:47:00,USER0534,REC0261,1346.26,Food,Mumbai,Android,QR,0,normal
TXN004014,2026-02-14 00:48:00,USER0812,REC0118,317.88,Food,Bengaluru,Android,App,0,normal
TXN007841,2026-02-14 00:48:00,USER0475,REC0308,731.83,Groceries,Bengaluru,Android,App,0,normal
TXN008896,2026-02-14 01:00:00,USER0527,REC0343,340.84,Food,Chennai,Android,QR,0,normal
TXN008219,2026-02-14 01:02:00,USER0910,REC0077,296.37,Food,Chennai,iOS,App,0,normal
TXN001492,2026-02-14 01:19:00,USER0068,REC0259,489.07,Bills,Mumbai,Android,App,0,normal
TXN008369,2026-02-14 01:31:00,USER0228,REC0080,1141.76,Food,Chennai,iOS,App,0,normal
TXN001244,2026-02-14 01:45:00,USER0312,REC0221,841.48,Shopping,Chennai,iOS,App,0,normal
TXN009987,2026-02-14 01:59:00,USER0492,REC0261,727.0,Shopping,Delhi,iOS,QR,0,normal
TXN002156,2026-02-14 02:01:00,USER0358,REC0261,197.33,Bills,Delhi,iOS,App,0,normal
TXN003015,2026-02-14 02:04:00,USER0251,REC0246,580.65,Groceries,Mumbai,Android,App,0,normal
TXN001477,2026-02-14 03:30:00,USER0065,REC0015,732.31,Shopping,Bengaluru,Android,QR,0,normal
TXN005209,2026-02-14 03:40:00,USER0434,REC0004,812.67,Shopping,Pune,Android,QR,0,normal
TXN001918,2026-02-14 03:42:00,USER0669,REC0246,396.98,Shopping,Hyderabad,Android,QR,0,normal
TXN000284,2026-02-14 03:55:00,USER0563,REC0413,711.29,Groceries,Bengaluru,Android,App,0,normal
TXN001116,2026-02-14 03:58:00,USER0333,REC0037,213.39,Shopping,Pune,Android,QR,1,late_night_payment
TXN008107,2026-02-14 04:18:00,USER0516,REC0274,319.47,Food,Pune,Android,App,0,normal
TXN004415,2026-02-14 04:32:00,USER0048,REC0005,285.33,Groceries,Hyderabad,Android,Collect Request,0,normal
TXN009582,2026-02-14 04:44:00,USER0237,REC0382,399.71,Food,Delhi,iOS,App,0,normal
TXN008303,2026-02-14 04:48:00,USER0383,REC0222,712.62,Food,Chennai,iOS,App,0,normal
TXN002298,2026-02-14 05:06:00,USER0919,REC0055,584.75,Transfer,Chennai,Android,QR,0,normal
TXN007552,2026-02-14 05:12:00,USER0180,REC0185,131.13,Food,Bengaluru,Android,QR,0,normal
TXN007563,2026-02-14 05:24:00,USER0402,REC0129,221.72,Shopping,Bengaluru,Android,App,0,normal
TXN006366,2026-02-14 05:40:00,USER0510,REC0082,731.2,Transfer,Hyderabad,iOS,Collect Request,0,normal
TXN007595,2026-02-14 05:51:00,USER0586,REC0385,2015.42,Shopping,Bengaluru,iOS,QR,0,normal
TXN005330,2026-02-14 05:52:00,USER0146,REC0100,339.99,Shopping,Mumbai,Android,App,0,normal
TXN003644,2026-02-14 06:18:00,USER0937,REC0163,1038.53,Food,Pune,iOS,App,0,normal
TXN003141,2026-02-14 06:34:00,USER0295,REC0111,498.93,Shopping,Delhi,Android,App,0,normal
TXN003709,2026-02-14 06:54:00,USER0330,REC0095,614.84,Food,Chennai,Android,App,0,normal
TXN000718,2026-02-14 07:03:00,USER0364,REC0338,1917.44,Groceries,Hyderabad,Android,App,0,normal
TXN002739,2026-02-14 07:17:00,USER0123,REC0282,2135.98,Food,Delhi,Android,QR,0,normal
TXN005604,2026-02-14 07:43:00,USER0805,REC0328,1323.48,Shopping,Hyderabad,Android,QR,0,normal
TXN008821,2026-02-14 07:46:00,USER0664,REC0027,287.88,Groceries,Delhi,Android,Collect Request,0,normal
TXN005775,2026-02-14 07:57:00,USER0363,REC0214,478.04,Bills,Chennai,Android,QR,0,normal
TXN008709,2026-02-14 08:00:00,USER0241,REC0042,574.68,Transfer,Delhi,Android,QR,0,normal
TXN000235,2026-02-14 08:22:00,USER0813,REC0066,35898.64,Food,Bengaluru,Android,App,1,unusually_high_amount
TXN004293,2026-02-14 08:29:00,USER0148,REC0053,672.12,Bills,Pune,Android,Collect Request,0,normal
TXN005226,2026-02-14 08:31:00,USER0668,REC0064,385.53,Shopping,Hyderabad,Android,App,0,normal
TXN000563,2026-02-14 09:03:00,USER0327,REC0117,1522.21,Bills,Delhi,Android,QR,0,normal
TXN008380,2026-02-14 09:24:00,USER0660,REC0418,4189.73,Groceries,Bengaluru,Android,App,0,normal
TXN001120,2026-02-14 09:30:00,USER0150,REC0422,1404.19,Travel,Delhi,Android,QR,0,normal
TXN009088,2026-02-14 09:53:00,USER0524,REC0441,653.71,Groceries,Delhi,Android,App,0,normal
TXN007958,2026-02-14 09:55:00,USER0717,REC0486,934.37,Shopping,Chennai,Android,App,0,normal
TXN003660,2026-02-14 09:58:00,USER0745,REC0045,447.29,Shopping,Pune,Android,QR,0,normal
TXN002540,2026-02-14 10:19:00,USER0029,REC0093,531.74,Groceries,Pune,Android,App,0,normal
TXN008996,2026-02-14 10:50:00,USER0108,REC0122,703.35,Food,Bengaluru,Android,QR,0,normal
TXN001549,2026-02-14 11:00:00,USER0322,REC0364,418.29,Transfer,Delhi,Android,App,0,normal
TXN000252,2026-02-14 11:01:00,USER0042,REC0152,3690.48,Groceries,Mumbai,Android,QR,0,normal
TXN003842,2026-02-14 11:10:00,USER0752,REC0371,81.57,Shopping,Pune,Android,Collect Request,0,normal
TXN001018,2026-02-14 11:20:00,USER0786,REC0009,437.2,Groceries,Bengaluru,Android,App,0,normal
TXN005232,2026-02-14 11:36:00,USER0809,REC0398,355.68,Transfer,Pune,Android,App,0,normal
TXN005675,2026-02-14 11:37:00,USER0256,REC0322,260.91,Groceries,Hyderabad,Android,App,0,normal
TXN008895,2026-02-14 11:39:00,USER0680,REC0301,794.99,Groceries,Bengaluru,Android,App,0,normal
TXN003140,2026-02-14 11:43:00,USER0899,REC0297,111.1,Travel,Mumbai,iOS,App,0,normal
TXN002977,2026-02-14 11:51:00,USER0459,REC0238,188.45,Shopping,Mumbai,Android,App,0,normal
TXN004196,2026-02-14 12:20:00,USER0336,REC0058,535.03,Food,Bengaluru,Android,App,0,normal
TXN001519,2026-02-14 12:41:00,USER0018,REC0164,185.54,Shopping,Delhi,iOS,App,0,normal
TXN004573,2026-02-14 12:49:00,USER0349,REC0146,276.13,Shopping,Chennai,iOS,QR,0,normal
TXN000203,2026-02-14 13:20:00,USER0819,REC0382,553.09,Shopping,Bengaluru,Android,QR,0,normal
TXN008014,2026-02-14 13:50:00,USER0119,REC0437,189.91,Transfer,Delhi,Android,App,0,normal
TXN006710,2026-02-14 14:15:00,USER0526,REC0403,99.68,Transfer,Bengaluru,Android,QR,0,normal
TXN001814,2026-02-14 14:17:00,USER0636,REC0339,147.42,Shopping,Chennai,Android,Collect Request,0,normal
TXN006112,2026-02-14 14:21:00,USER0589,REC0122,338.03,Food,Bengaluru,Android,QR,0,normal
TXN003450,2026-02-14 14:30:00,USER0424,REC0024,833.85,Bills,Chennai,Android,App,0,normal
TXN000185,2026-02-14 14:33:00,USER0836,REC0087,1630.66,Bills,Delhi,Android,QR,0,normal
TXN008950,2026-02-14 14:36:00,USER0365,REC0202,306.09,Food,Bengaluru,iOS,QR,0,normal
TXN001353,2026-02-14 14:55:00,USER0581,REC0060,1333.14,Groceries,Pune,iOS,QR,0,normal
TXN005389,2026-02-14 15:23:00,USER0393,REC0347,816.79,Shopping,Bengaluru,iOS,QR,0,normal
TXN005193,2026-02-14 15:24:00,USER0665,REC0391,452.8,Groceries,Hyderabad,Android,QR,0,normal
TXN004638,2026-02-14 15:59:00,USER0459,REC0234,792.55,Groceries,Mumbai,iOS,App,0,normal
TXN002642,2026-02-14 16:15:00,USER0231,REC0176,3032.53,Bills,Mumbai,iOS,App,0,normal
TXN007014,2026-02-14 16:34:00,USER0570,REC0068,226.7,Shopping,Chennai,iOS,QR,0,normal
TXN005264,2026-02-14 16:34:00,USER0702,REC0365,698.96,Food,Mumbai,iOS,App,0,normal
TXN002664,2026-02-14 16:38:00,USER0958,REC0479,469.47,Food,Bengaluru,iOS,QR,0,normal
TXN002011,2026-02-14 16:57:00,USER0145,REC0169,266.13,Bills,Bengaluru,Android,QR,0,normal
TXN009184,2026-02-14 16:57:00,USER0098,REC0492,622.95,Shopping,Pune,Android,App,0,normal
TXN004363,2026-02-14 17:07:00,USER0841,REC0054,285.2,Transfer,Delhi,Android,QR,0,normal
TXN001356,2026-02-14 17:20:00,USER0579,REC0376,104.39,Food,Chennai,Android,App,0,normal
TXN005498,2026-02-14 17:34:00,USER0288,REC0204,923.06,Groceries,Mumbai,iOS,QR,0,normal
TXN007870,2026-02-14 17:42:00,USER0810,REC0382,240.23,Shopping,Hyderabad,Android,App,0,normal
TXN000183,2026-02-14 18:13:00,USER0018,REC0394,202.77,Travel,Pune,Android,App,0,normal
TXN005007,2026-02-14 18:18:00,USER0367,REC0204,1425.63,Food,Bengaluru,Android,App,0,normal
TXN005973,2026-02-14 18:28:00,USER0816,REC0068,465.11,Bills,Chennai,Android,QR,0,normal
TXN002948,2026-02-14 18:55:00,USER0569,REC0041,1236.36,Groceries,Mumbai,iOS,QR,0,normal
TXN007878,2026-02-14 19:01:00,USER0438,REC0347,320.13,Shopping,Hyderabad,iOS,QR,0,normal
TXN008535,2026-02-14 19:02:00,USER0735,REC0119,250.98,Food,Pune,Android,App,0,normal
TXN000055,2026-02-14 19:13:00,USER0430,REC0089,2234.02,Shopping,Bengaluru,Android,QR,0,normal
TXN005347,2026-02-14 19:19:00,USER0609,REC0150,261.36,Groceries,Delhi,Android,App,0,normal
TXN006807,2026-02-14 19:21:00,USER0521,REC0060,455.27,Transfer,Hyderabad,Android,Collect Request,0,normal
TXN003116,2026-02-14 19:31:00,USER0145,REC0481,885.72,Transfer,Bengaluru,Android,App,0,normal
TXN007934,2026-02-14 19:36:00,USER0506,REC0212,787.11,Food,Pune,Android,App,0,normal
TXN004660,2026-02-14 19:40:00,USER0427,REC0281,449.02,Travel,Mumbai,Android,Collect Request,0,normal
TXN007114,2026-02-14 20:16:00,USER0678,REC0265,1190.75,Groceries,Bengaluru,Android,App,0,normal
TXN006980,2026-02-14 20:29:00,USER0709,REC0496,560.47,Shopping,Hyderabad,Android,App,0,normal
TXN004883,2026-02-14 20:42:00,USER0734,REC0163,211.28,Shopping,Delhi,Android,Collect Request,0,normal
TXN005000,2026-02-14 20:58:00,USER0025,REC0110,760.3,Bills,Delhi,Android,QR,0,normal
TXN002538,2026-02-14 21:03:00,USER0038,REC0025,594.29,Shopping,Bengaluru,iOS,QR,0,normal
TXN001162,2026-02-14 21:26:00,USER0699,REC0389,346.32,Shopping,Mumbai,Android,App,0,normal
TXN009802,2026-02-14 21:28:00,USER0226,REC0416,2488.31,Shopping,Hyderabad,Android,QR,0,normal
TXN000453,2026-02-14 22:11:00,USER0936,REC0422,524.38,Travel,Bengaluru,Android,QR,0,normal
TXN003638,2026-02-14 22:15:00,USER0124,REC0024,703.68,Groceries,Chennai,Android,Collect Request,0,normal
TXN008447,2026-02-14 22:21:00,USER0006,REC0117,1065.99,Food,Pune,Android,QR,0,normal
TXN006843,2026-02-14 22:23:00,USER0016,REC0400,351.81,Groceries,Delhi,iOS,QR,0,normal
TXN005104,2026-02-14 22:26:00,USER0672,REC0189,17549.37,Groceries,Mumbai,iOS,QR,1,unusually_high_amount
TXN000405,2026-02-14 22:30:00,USER0835,REC0117,556.42,Transfer,Mumbai,Android,App,0,normal
TXN006533,2026-02-14 22:38:00,USER0610,REC0433,972.3,Shopping,Hyderabad,Android,App,0,normal
TXN004825,2026-02-14 22:43:00,USER0728,REC0365,567.09,Travel,Bengaluru,iOS,QR,0,normal
TXN007553,2026-02-14 23:17:00,USER0507,REC0125,790.53,Shopping,Mumbai,Android,App,0,normal
TXN003706,2026-02-15 00:27:00,USER0710,REC0184,291.19,Shopping,Chennai,Android,App,0,normal
TXN008228,2026-02-15 00:40:00,USER0475,REC0111,520.76,Travel,Hyderabad,Android,App,0,normal
TXN000021,2026-02-15 00:45:00,USER0203,REC0227,1550.48,Travel,Chennai,Android,QR,0,normal
TXN007213,2026-02-15 01:17:00,USER0967,REC0300,198.21,Groceries,Bengaluru,Android,QR,0,normal
TXN009636,2026-02-15 01:18:00,USER0006,REC0472,711.22,Groceries,Delhi,Android,App,0,normal
TXN002597,2026-02-15 01:24:00,USER0765,REC0490,295.6,Travel,Pune,iOS,App,0,normal
TXN004716,2026-02-15 01:25:00,USER0142,REC0120,610.32,Travel,Delhi,Android,QR,0,normal
TXN000406,2026-02-15 01:36:00,USER0171,REC0211,734.33,Bills,Bengaluru,iOS,App,0,normal
TXN002254,2026-02-15 01:39:00,USER0245,REC0178,249.14,Groceries,Pune,Android,Collect Request,0,normal
TXN009415,2026-02-15 01:54:00,USER0588,REC0226,429.74,Shopping,Bengaluru,Android,Collect Request,0,normal
TXN005352,2026-02-15 02:07:00,USER0529,REC0091,1726.31,Travel,Chennai,Android,App,0,normal
TXN000180,2026-02-15 02:15:00,USER0291,REC0249,1279.25,Groceries,Mumbai,Android,Collect Request,0,normal
TXN007206,2026-02-15 02:36:00,USER0299,REC0212,316.2,Transfer,Chennai,Android,App,0,normal
TXN009141,2026-02-15 02:40:00,USER0664,REC0041,774.41,Food,Mumbai,Android,App,0,normal
TXN009522,2026-02-15 03:35:00,USER0883,REC0189,1395.71,Transfer,Bengaluru,Android,Collect Request,0,normal
TXN004085,2026-02-15 03:38:00,USER0405,REC0277,388.28,Food,Bengaluru,Android,QR,0,normal
TXN001053,2026-02-15 03:46:00,USER0931,REC0363,664.07,Transfer,Delhi,Android,App,0,normal
TXN003927,2026-02-15 03:49:00,USER0437,REC0390,506.52,Food,Bengaluru,Android,App,0,normal
TXN009069,2026-02-15 03:53:00,USER0082,REC0465,208.46,Food,Bengaluru,iOS,App,0,normal
TXN007313,2026-02-15 04:19:00,USER0151,REC0296,594.35,Groceries,Mumbai,iOS,App,0,normal
TXN009589,2026-02-15 04:36:00,USER0547,REC0227,558.2,Groceries,Bengaluru,Android,App,0,normal
TXN008517,2026-02-15 04:37:00,USER0271,REC0347,219.93,Transfer,Pune,iOS,QR,0,normal
TXN008773,2026-02-15 04:43:00,USER0869,REC0385,336.97,Food,Mumbai,Android,App,0,normal
TXN004134,2026-02-15 05:12:00,USER0720,REC0085,291.67,Travel,Mumbai,Android,QR,0,normal
TXN004340,2026-02-15 05:25:00,USER0022,REC0307,318.17,Groceries,Mumbai,iOS,App,0,normal
TXN004346,2026-02-15 05:47:00,USER0736,REC0145,938.21,Food,Bengaluru,iOS,App,0,normal
TXN003374,2026-02-15 06:12:00,USER0943,REC0100,1960.61,Shopping,Chennai,Android,QR,0,normal
TXN001737,2026-02-15 06:13:00,USER0125,REC0104,418.71,Travel,Chennai,Android,QR,0,normal
TXN001091,2026-02-15 06:16:00,USER0578,REC0410,589.21,Bills,Pune,iOS,QR,0,normal
TXN006690,2026-02-15 06:28:00,USER0832,REC0079,803.8,Shopping,Hyderabad,Android,QR,0,normal
TXN008274,2026-02-15 06:34:00,USER0496,REC0299,1137.42,Groceries,Pune,Android,App,0,normal
TXN001379,2026-02-15 06:43:00,USER0105,REC0148,568.05,Groceries,Bengaluru,Android,QR,0,normal
TXN009070,2026-02-15 06:49:00,USER0918,REC0457,919.56,Groceries,Chennai,Android,App,0,normal
TXN005434,2026-02-15 06:51:00,USER0540,REC0261,255.33,Transfer,Chennai,Android,App,0,normal
TXN006943,2026-02-15 07:05:00,USER0230,REC0415,944.93,Bills,Chennai,Android,QR,0,normal
TXN000667,2026-02-15 07:08:00,USER0448,REC0303,728.63,Shopping,Delhi,Android,App,0,normal
TXN001008,2026-02-15 07:50:00,USER0627,REC0309,872.32,Shopping,Chennai,Android,App,0,normal
TXN009524,2026-02-15 08:06:00,USER0038,REC0268,537.1,Bills,Chennai,Android,App,0,normal
TXN007124,2026-02-15 08:29:00,USER0244,REC0035,594.59,Bills,Mumbai,Android,QR,0,normal
TXN004797,2026-02-15 08:31:00,USER0604,REC0449,283.72,Shopping,Pune,Android,App,0,normal
TXN004126,2026-02-15 08:46:00,USER0274,REC0351,348.47,Groceries,Delhi,Android,App,0,normal
TXN002350,2026-02-15 09:01:00,USER0426,REC0291,158.29,Bills,Bengaluru,Android,QR,0,normal
TXN004270,2026-02-15 09:06:00,USER0310,REC0436,318.34,Shopping,Hyderabad,Android,QR,0,normal
TXN003129,2026-02-15 09:14:00,USER0598,REC0202,570.17,Shopping,Hyderabad,Android,App,0,normal
TXN001767,2026-02-15 09:14:00,USER0713,REC0358,1918.42,Bills,Chennai,Android,QR,0,normal
TXN006119,2026-02-15 09:23:00,USER0568,REC0035,306.38,Shopping,Mumbai,iOS,App,0,normal
TXN000556,2026-02-15 09:46:00,USER0720,REC0235,646.03,Transfer,Pune,iOS,App,0,normal
TXN000876,2026-02-15 09:47:00,USER0205,REC0457,192.06,Food,Chennai,Android,QR,0,normal
TXN004140,2026-02-15 09:49:00,USER0708,REC0325,801.63,Bills,Bengaluru,iOS,QR,0,normal
TXN007279,2026-02-15 09:56:00,USER0182,REC0255,1130.07,Groceries,Chennai,iOS,App,0,normal
TXN001152,2026-02-15 10:20:00,USER0129,REC0339,179.25,Bills,Bengaluru,Android,App,0,normal
TXN000159,2026-02-15 10:50:00,USER0915,REC0308,574.13,Groceries,Pune,Android,App,0,normal
TXN000629,2026-02-15 10:54:00,USER0694,REC0125,745.33,Shopping,Mumbai,iOS,QR,0,normal
TXN003377,2026-02-15 11:06:00,USER0354,REC0153,209.35,Shopping,Delhi,iOS,QR,0,normal
TXN004962,2026-02-15 11:07:00,USER0503,REC0431,1784.33,Food,Chennai,Android,QR,0,normal
TXN003376,2026-02-15 11:23:00,USER0886,REC0135,441.6,Bills,Hyderabad,Android,QR,0,normal
TXN002685,2026-02-15 11:32:00,USER0093,REC0024,568.83,Groceries,Delhi,Android,App,0,normal
TXN009722,2026-02-15 11:39:00,USER0154,REC0119,621.38,Food,Mumbai,Android,App,0,normal
TXN003762,2026-02-15 11:53:00,USER0063,REC0296,217.9,Food,Delhi,Android,App,0,normal
TXN005533,2026-02-15 12:02:00,USER0838,REC0056,820.14,Food,Mumbai,Android,App,0,normal
TXN000115,2026-02-15 12:06:00,USER0704,REC0447,369.68,Bills,Chennai,Android,QR,0,normal
TXN005950,2026-02-15 12:21:00,USER0780,REC0018,1716.62,Transfer,Delhi,Android,App,0,normal
TXN009174,2026-02-15 12:26:00,USER0327,REC0366,1032.07,Groceries,Mumbai,iOS,App,0,normal
TXN003012,2026-02-15 12:26:00,USER0041,REC0151,443.67,Groceries,Mumbai,Android,App,0,normal
TXN007811,2026-02-15 12:33:00,USER0715,REC0047,444.68,Bills,Hyderabad,Android,App,0,normal
TXN007050,2026-02-15 12:52:00,USER0137,REC0131,375.74,Shopping,Pune,iOS,QR,0,normal
TXN006818,2026-02-15 12:54:00,USER0881,REC0059,399.26,Groceries,Hyderabad,Android,App,0,normal
TXN006271,2026-02-15 12:58:00,USER0067,REC0297,1185.57,Food,Delhi,iOS,App,0,normal
TXN000420,2026-02-15 13:40:00,USER0074,REC0180,249.18,Food,Bengaluru,Android,App,0,normal
TXN007703,2026-02-15 13:45:00,USER0193,REC0292,1441.23,Bills,Chennai,iOS,QR,0,normal
TXN009796,2026-02-15 13:46:00,USER0797,REC0056,812.77,Shopping,Hyderabad,iOS,QR,0,normal
TXN002251,2026-02-15 13:51:00,USER0248,REC0246,190.18,Shopping,Pune,iOS,QR,0,normal
TXN006658,2026-02-15 13:58:00,USER0802,REC0034,683.39,Travel,Hyderabad,Android,Collect Request,0,normal
TXN009249,2026-02-15 13:58:00,USER0749,REC0449,465.08,Transfer,Mumbai,Android,QR,0,normal
TXN002715,2026-02-15 13:59:00,USER0421,REC0241,1054.7,Food,Mumbai,Android,App,0,normal
TXN004173,2026-02-15 14:03:00,USER0169,REC0071,667.49,Transfer,Delhi,Android,App,0,normal
TXN007607,2026-02-15 14:10:00,USER0973,REC0014,381.37,Food,Hyderabad,Android,QR,0,normal
TXN009438,2026-02-15 14:16:00,USER0847,REC0018,481.5,Transfer,Mumbai,Android,App,0,normal
TXN007241,2026-02-15 14:29:00,USER0086,REC0166,145.99,Bills,Bengaluru,Android,QR,0,normal
TXN004169,2026-02-15 15:01:00,USER0939,REC0430,2545.68,Transfer,Mumbai,iOS,App,0,normal
TXN008541,2026-02-15 15:15:00,USER0251,REC0340,376.14,Transfer,Delhi,Android,App,0,normal
TXN001217,2026-02-15 15:22:00,USER0551,REC0392,668.3,Travel,Hyderabad,iOS,QR,0,normal
TXN005082,2026-02-15 15:31:00,USER0947,REC0162,1416.93,Transfer,Chennai,Android,QR,0,normal
TXN006360,2026-02-15 15:37:00,USER0392,REC0480,432.55,Bills,Mumbai,Android,App,0,normal
TXN006750,2026-02-15 15:39:00,USER0636,REC0468,406.8,Food,Chennai,iOS,QR,0,normal
TXN001618,2026-02-15 15:45:00,USER0063,REC0115,1703.99,Bills,Pune,Android,QR,0,normal
TXN009528,2026-02-15 15:49:00,USER0292,REC0113,284.22,Transfer,Bengaluru,Android,QR,0,normal
TXN002901,2026-02-15 16:06:00,USER0113,REC0171,455.4,Travel,Chennai,Android,App,0,normal
TXN004536,2026-02-15 16:34:00,USER0629,REC0085,316.01,Transfer,Mumbai,Android,App,0,normal
TXN009626,2026-02-15 16:39:00,USER0630,REC0436,1080.17,Groceries,Mumbai,Android,QR,0,normal
TXN005413,2026-02-15 16:41:00,USER0195,REC0035,447.22,Travel,Bengaluru,Android,App,0,normal
TXN001490,2026-02-15 17:38:00,USER0681,REC0387,1196.69,Shopping,Hyderabad,iOS,App,0,normal
TXN001241,2026-02-15 17:40:00,USER0633,REC0455,109.33,Groceries,Hyderabad,Android,App,0,normal
TXN002952,2026-02-15 17:41:00,USER0046,REC0013,542.43,Bills,Chennai,Android,QR,0,normal
TXN008553,2026-02-15 17:43:00,USER0671,REC0425,740.89,Shopping,Hyderabad,Android,QR,0,normal
TXN001051,2026-02-15 17:57:00,USER0853,REC0164,1309.52,Food,Pune,Android,Collect Request,0,normal
TXN007692,2026-02-15 18:01:00,USER0597,REC0060,580.4,Groceries,Delhi,Android,QR,0,normal
TXN000940,2026-02-15 18:02:00,USER0097,REC0128,1883.51,Food,Delhi,Android,QR,0,normal
TXN000445,2026-02-15 18:05:00,USER0874,REC0308,358.5,Food,Hyderabad,iOS,App,0,normal
TXN005515,2026-02-15 18:43:00,USER0530,REC0450,1507.54,Food,Hyderabad,Android,App,0,normal
TXN008488,2026-02-15 18:59:00,USER0253,REC0119,535.83,Shopping,Bengaluru,Android,QR,0,normal
TXN004395,2026-02-15 19:05:00,USER0404,REC0341,739.76,Groceries,Pune,iOS,QR,0,normal
TXN002066,2026-02-15 19:17:00,USER0125,REC0498,252.63,Food,Pune,Android,QR,0,normal
TXN003903,2026-02-15 20:01:00,USER0711,REC0452,162.29,Transfer,Delhi,Android,App,0,normal
TXN008270,2026-02-15 20:05:00,USER0026,REC0362,346.64,Food,Pune,Android,App,0,normal
TXN000897,2026-02-15 20:07:00,USER0736,REC0115,702.32,Groceries,Bengaluru,Android,App,0,normal
TXN008805,2026-02-15 20:22:00,USER0429,REC0414,864.0,Groceries,Chennai,Android,App,0,normal
TXN005080,2026-02-15 21:01:00,USER0269,REC0333,451.63,Shopping,Mumbai,Android,App,0,normal
TXN003940,2026-02-15 21:14:00,USER0568,REC0167,351.76,Groceries,Mumbai,Android,Collect Request,0,normal
TXN002313,2026-02-15 21:39:00,USER0549,REC0422,1730.53,Shopping,Delhi,iOS,QR,0,normal
TXN007866,2026-02-15 21:57:00,USER0142,REC0292,1202.84,Travel,Mumbai,iOS,QR,0,normal
TXN008268,2026-02-15 22:18:00,USER0588,REC0285,365.61,Food,Pune,Android,App,0,normal
TXN008527,2026-02-15 23:01:00,USER0219,REC0363,779.64,Food,Bengaluru,Android,App,0,normal
TXN008840,2026-02-15 23:01:00,USER0976,REC0105,879.81,Groceries,Chennai,iOS,App,0,normal
TXN007488,2026-02-15 23:14:00,USER0725,REC0357,466.68,Food,Bengaluru,Android,QR,0,normal
TXN008062,2026-02-15 23:29:00,USER0337,REC0196,98.58,Travel,Bengaluru,Android,QR,0,normal
TXN005380,2026-02-16 00:04:00,USER0369,REC0321,989.17,Food,Bengaluru,Android,App,0,normal
TXN006826,2026-02-16 00:08:00,USER0637,REC0369,192.99,Bills,Pune,iOS,QR,0,normal
TXN008771,2026-02-16 00:15:00,USER0749,REC0179,487.64,Shopping,Mumbai,iOS,App,0,normal
TXN008678,2026-02-16 00:20:00,USER0579,REC0171,333.7,Groceries,Hyderabad,Android,App,0,normal
TXN007822,2026-02-16 00:25:00,USER0369,REC0338,531.32,Groceries,Mumbai,Android,Collect Request,0,normal
TXN003995,2026-02-16 00:46:00,USER0528,REC0460,300.57,Food,Delhi,Android,QR,0,normal
TXN007117,2026-02-16 00:48:00,USER0472,REC0302,1496.5,Groceries,Delhi,Android,QR,0,normal
TXN007504,2026-02-16 00:54:00,USER0414,REC0262,724.27,Transfer,Pune,Android,App,0,normal
TXN008289,2026-02-16 00:59:00,USER0546,REC0202,618.89,Food,Chennai,Android,App,0,normal
TXN008532,2026-02-16 01:32:00,USER0715,REC0311,423.18,Food,Bengaluru,Android,App,0,normal
TXN006503,2026-02-16 01:37:00,USER0130,REC0281,535.05,Groceries,Hyderabad,Android,App,0,normal
TXN008746,2026-02-16 02:00:00,USER0698,REC0463,1271.3,Bills,Hyderabad,Android,Collect Request,0,normal
TXN002743,2026-02-16 02:01:00,USER0279,REC0367,754.46,Shopping,Pune,iOS,App,0,normal
TXN007781,2026-02-16 02:13:00,USER0294,REC0284,201.3,Shopping,Chennai,iOS,Collect Request,0,normal
TXN009240,2026-02-16 02:19:00,USER0725,REC0073,308.51,Groceries,Hyderabad,iOS,App,0,normal
TXN004396,2026-02-16 02:26:00,USER0884,REC0129,42308.42,Shopping,Hyderabad,Android,App,1,unusually_high_amount
TXN005442,2026-02-16 02:32:00,USER0197,REC0148,132.36,Bills,Delhi,Android,QR,0,normal
TXN004109,2026-02-16 02:53:00,USER0040,REC0469,178.28,Transfer,Delhi,Android,QR,0,normal
TXN007534,2026-02-16 03:06:00,USER0798,REC0332,640.93,Food,Hyderabad,Android,Collect Request,0,normal
TXN009815,2026-02-16 03:07:00,USER1000,REC0154,1395.37,Transfer,Hyderabad,iOS,App,0,normal
TXN002959,2026-02-16 03:12:00,USER0423,REC0388,1086.49,Food,Chennai,Android,App,0,normal
TXN001442,2026-02-16 03:30:00,USER0764,REC0087,502.09,Shopping,Delhi,iOS,App,0,normal
TXN001000,2026-02-16 03:31:00,USER0255,REC0386,2466.63,Shopping,Mumbai,iOS,QR,0,normal
TXN009955,2026-02-16 03:44:00,USER0350,REC0371,636.98,Bills,Chennai,Android,App,0,normal
TXN008199,2026-02-16 03:54:00,USER0270,REC0258,681.35,Food,Mumbai,Android,App,0,normal
TXN003665,2026-02-16 04:20:00,USER0122,REC0440,425.83,Food,Chennai,Android,App,0,normal
TXN000017,2026-02-16 04:34:00,USER0841,REC0140,498.16,Groceries,Delhi,iOS,App,0,normal
TXN003311,2026-02-16 04:59:00,USER0919,REC0102,331.65,Food,Delhi,iOS,QR,0,normal
TXN002811,2026-02-16 05:14:00,USER0118,REC0467,569.21,Groceries,Hyderabad,Android,App,0,normal
TXN005065,2026-02-16 06:14:00,USER0217,REC0110,212.34,Food,Bengaluru,Android,App,0,normal
TXN005556,2026-02-16 06:20:00,USER0874,REC0008,505.93,Groceries,Chennai,Android,App,0,normal
TXN007685,2026-02-16 06:38:00,USER0356,REC0024,189.0,Food,Chennai,Android,QR,0,normal
TXN000608,2026-02-16 06:43:00,USER0336,REC0275,830.98,Shopping,Mumbai,Android,QR,0,normal
TXN006469,2026-02-16 06:53:00,USER0916,REC0160,270.12,Groceries,Chennai,Android,App,0,normal
TXN007120,2026-02-16 06:55:00,USER0875,REC0358,1269.44,Bills,Delhi,Android,QR,0,normal
TXN005861,2026-02-16 07:04:00,USER0795,REC0257,38014.41,Food,Delhi,iOS,App,1,unusually_high_amount
TXN008845,2026-02-16 07:26:00,USER0341,REC0348,1571.09,Travel,Pune,Android,QR,0,normal
TXN001680,2026-02-16 07:29:00,USER0199,REC0363,531.94,Food,Bengaluru,Android,App,0,normal
TXN001296,2026-02-16 07:35:00,USER0082,REC0409,478.25,Bills,Bengaluru,Android,App,0,normal
TXN003657,2026-02-16 07:37:00,USER0727,REC0467,343.5,Groceries,Hyderabad,iOS,Collect Request,0,normal
TXN008775,2026-02-16 08:12:00,USER0337,REC0201,190.29,Groceries,Chennai,Android,App,0,normal
TXN007444,2026-02-16 08:16:00,USER0493,REC0119,656.65,Shopping,Delhi,Android,QR,0,normal
TXN000344,2026-02-16 08:31:00,USER0626,REC0159,567.79,Shopping,Chennai,Android,QR,0,normal
TXN001207,2026-02-16 08:34:00,USER0452,REC0186,207.43,Groceries,Hyderabad,Android,App,0,normal
TXN004064,2026-02-16 08:41:00,USER0229,REC0313,730.29,Food,Mumbai,Android,Collect Request,0,normal
TXN001583,2026-02-16 09:15:00,USER0117,REC0140,386.36,Transfer,Bengaluru,Android,App,0,normal
TXN000803,2026-02-16 09:35:00,USER0259,REC0470,254.64,Bills,Mumbai,Android,App,0,normal
TXN007697,2026-02-16 09:39:00,USER0768,REC0176,174.64,Transfer,Hyderabad,Android,QR,0,normal
TXN003654,2026-02-16 09:53:00,USER0015,REC0236,222.37,Transfer,Chennai,Android,Collect Request,0,normal
TXN009024,2026-02-16 09:58:00,USER0437,REC0485,373.33,Shopping,Hyderabad,Android,QR,0,normal
TXN002876,2026-02-16 10:01:00,USER0315,REC0120,708.93,Travel,Bengaluru,Android,App,0,normal
TXN007786,2026-02-16 10:15:00,USER0752,REC0444,869.25,Groceries,Delhi,Android,App,0,normal
TXN006814,2026-02-16 10:20:00,USER0189,REC0088,732.66,Groceries,Pune,Android,App,0,normal
TXN000549,2026-02-16 10:33:00,USER0412,REC0220,1839.58,Groceries,Pune,Android,App,0,normal
TXN001460,2026-02-16 10:44:00,USER0299,REC0449,395.43,Transfer,Chennai,Android,App,0,normal
TXN008715,2026-02-16 10:51:00,USER0065,REC0262,2863.43,Travel,Mumbai,Android,App,0,normal
TXN008259,2026-02-16 11:18:00,USER0210,REC0203,734.99,Bills,Chennai,iOS,Collect Request,0,normal
TXN002264,2026-02-16 11:33:00,USER0642,REC0142,2577.07,Groceries,Pune,Android,App,0,normal
TXN008083,2026-02-16 11:34:00,USER0216,REC0257,342.98,Bills,Hyderabad,Android,App,0,normal
TXN003421,2026-02-16 11:47:00,USER0153,REC0044,510.91,Bills,Pune,Android,QR,0,normal
TXN005128,2026-02-16 11:48:00,USER0440,REC0471,321.4,Transfer,Mumbai,iOS,QR,0,normal
TXN005825,2026-02-16 12:10:00,USER0697,REC0492,2094.09,Groceries,Hyderabad,iOS,QR,0,normal
TXN007265,2026-02-16 12:27:00,USER0380,REC0143,822.24,Food,Hyderabad,Android,QR,0,normal
TXN005441,2026-02-16 12:28:00,USER0426,REC0411,201.15,Food,Bengaluru,iOS,App,0,normal
TXN004685,2026-02-16 12:38:00,USER0632,REC0274,843.45,Shopping,Hyderabad,Android,App,0,normal
TXN001165,2026-02-16 12:42:00,USER0595,REC0204,1730.16,Bills,Pune,Android,QR,0,normal
TXN001720,2026-02-16 12:45:00,USER0253,REC0247,2660.79,Shopping,Chennai,Android,App,0,normal
TXN006769,2026-02-16 13:44:00,USER0596,REC0166,459.73,Shopping,Chennai,Android,QR,0,normal
TXN009622,2026-02-16 13:48:00,USER0311,REC0464,359.37,Transfer,Delhi,Android,QR,0,normal
TXN007225,2026-02-16 14:01:00,USER0704,REC0119,652.3,Transfer,Pune,Android,App,0,normal
TXN001916,2026-02-16 14:08:00,USER0076,REC0278,804.46,Transfer,Mumbai,Android,App,0,normal
TXN000717,2026-02-16 14:14:00,USER0652,REC0063,301.48,Bills,Hyderabad,iOS,QR,0,normal
TXN005459,2026-02-16 14:21:00,USER0366,REC0466,292.03,Groceries,Chennai,Android,App,0,normal
TXN005910,2026-02-16 14:37:00,USER0838,REC0459,331.93,Groceries,Mumbai,Android,App,0,normal
TXN008589,2026-02-16 14:38:00,USER0219,REC0210,895.11,Groceries,Hyderabad,Android,Collect Request,0,normal
TXN009115,2026-02-16 15:17:00,USER0285,REC0215,775.4,Groceries,Pune,Android,QR,0,normal
TXN006466,2026-02-16 15:32:00,USER0924,REC0337,245.94,Food,Bengaluru,Android,App,0,normal
TXN003901,2026-02-16 15:38:00,USER0984,REC0378,987.76,Groceries,Hyderabad,Android,App,0,normal
TXN008220,2026-02-16 16:08:00,USER0382,REC0349,1487.33,Bills,Delhi,Android,App,0,normal
TXN007834,2026-02-16 16:23:00,USER0536,REC0034,260.34,Groceries,Delhi,Android,QR,0,normal
TXN008254,2026-02-16 16:32:00,USER0258,REC0167,432.45,Bills,Chennai,iOS,App,0,normal
TXN000366,2026-02-16 16:44:00,USER0004,REC0107,742.2,Transfer,Mumbai,Android,QR,0,normal
TXN003244,2026-02-16 16:51:00,USER0274,REC0173,396.32,Shopping,Chennai,Android,QR,0,normal
TXN008786,2026-02-16 16:53:00,USER0553,REC0223,252.03,Transfer,Chennai,Android,QR,0,normal
TXN003809,2026-02-16 16:55:00,USER0073,REC0495,292.75,Shopping,Hyderabad,Android,QR,0,normal
TXN007021,2026-02-16 17:14:00,USER0331,REC0217,445.79,Groceries,Bengaluru,Android,App,0,normal
TXN008392,2026-02-16 17:20:00,USER0147,REC0389,1540.03,Shopping,Bengaluru,Android,QR,0,normal
TXN004222,2026-02-16 17:24:00,USER0958,REC0228,515.15,Travel,Pune,Android,App,0,normal
TXN007108,2026-02-16 17:31:00,USER0711,REC0484,704.73,Groceries,Mumbai,Android,QR,0,normal
TXN001015,2026-02-16 17:40:00,USER0477,REC0458,408.02,Groceries,Chennai,iOS,Collect Request,0,normal
TXN009750,2026-02-16 17:43:00,USER0203,REC0210,605.29,Shopping,Hyderabad,iOS,App,0,normal
TXN004311,2026-02-16 17:55:00,USER0143,REC0319,248.22,Food,Mumbai,iOS,QR,0,normal
TXN002133,2026-02-16 18:06:00,USER0309,REC0165,167.95,Shopping,Mumbai,Android,QR,0,normal
TXN002950,2026-02-16 18:13:00,USER0116,REC0027,444.81,Transfer,Pune,Android,QR,0,normal
TXN009713,2026-02-16 18:15:00,USER0942,REC0384,1062.75,Groceries,Pune,iOS,Collect Request,0,normal
TXN005085,2026-02-16 18:17:00,USER0212,REC0014,1042.98,Food,Bengaluru,Android,App,0,normal
TXN008698,2026-02-16 18:18:00,USER0699,REC0489,509.52,Groceries,Mumbai,Android,QR,0,normal
TXN004948,2026-02-16 18:40:00,USER0461,REC0017,393.15,Food,Bengaluru,Android,App,0,normal
TXN004000,2026-02-16 19:21:00,USER0743,REC0309,466.34,Food,Hyderabad,Android,QR,0,normal
TXN001686,2026-02-16 19:41:00,USER0271,REC0123,788.95,Shopping,Mumbai,Android,Collect Request,0,normal
TXN001010,2026-02-16 19:47:00,USER0875,REC0388,454.15,Food,Hyderabad,Android,QR,0,normal
TXN008622,2026-02-16 19:58:00,USER0227,REC0018,443.76,Groceries,Pune,Android,App,0,normal
TXN002714,2026-02-16 20:11:00,USER0329,REC0260,1395.34,Groceries,Pune,iOS,App,0,normal
TXN009915,2026-02-16 20:39:00,USER0212,REC0379,874.54,Groceries,Pune,iOS,App,0,normal
TXN000296,2026-02-16 20:39:00,USER0484,REC0029,310.39,Shopping,Pune,Android,App,0,normal
TXN006680,2026-02-16 20:51:00,USER0734,REC0021,1065.32,Food,Bengaluru,iOS,App,0,normal
TXN007042,2026-02-16 21:03:00,USER0618,REC0305,1668.62,Shopping,Hyderabad,Android,QR,0,normal
TXN005270,2026-02-16 21:18:00,USER0117,REC0049,4057.17,Food,Pune,Android,App,0,normal
TXN001849,2026-02-16 21:21:00,USER0311,REC0386,1110.12,Shopping,Mumbai,Android,QR,0,normal
TXN000449,2026-02-16 21:24:00,USER0429,REC0373,387.01,Shopping,Bengaluru,Android,QR,0,normal
TXN003957,2026-02-16 21:28:00,USER0758,REC0396,1450.12,Transfer,Pune,Android,QR,0,normal
TXN009745,2026-02-16 21:48:00,USER0360,REC0203,252.0,Groceries,Pune,iOS,App,0,normal
TXN005633,2026-02-16 22:08:00,USER0011,REC0447,272.06,Groceries,Chennai,Android,QR,0,normal
TXN008239,2026-02-16 22:15:00,USER0817,REC0152,257.48,Groceries,Delhi,iOS,App,0,normal
TXN002477,2026-02-16 22:18:00,USER0086,REC0366,202.87,Food,Bengaluru,Android,App,0,normal
TXN004740,2026-02-16 22:19:00,USER0926,REC0118,981.62,Groceries,Chennai,Android,App,0,normal
TXN004614,2026-02-16 22:54:00,USER0073,REC0160,604.7,Food,Delhi,Android,App,0,normal
TXN007121,2026-02-16 23:13:00,USER0897,REC0053,464.83,Food,Delhi,iOS,QR,0,normal
TXN004032,2026-02-16 23:15:00,USER0968,REC0028,1332.46,Shopping,Hyderabad,Android,Collect Request,0,normal
TXN007946,2026-02-16 23:16:00,USER0828,REC0013,35921.91,Groceries,Pune,Android,App,1,unusually_high_amount
TXN002432,2026-02-16 23:20:00,USER0156,REC0046,373.9,Shopping,Hyderabad,iOS,QR,0,normal
TXN004512,2026-02-16 23:28:00,USER0049,REC0453,1167.42,Food,Delhi,Android,Collect Request,0,normal
TXN008762,2026-02-16 23:30:00,USER0465,REC0277,467.14,Transfer,Chennai,iOS,App,0,normal
TXN001800,2026-02-16 23:32:00,USER0062,REC0053,353.67,Food,Pune,Android,App,0,normal
TXN003867,2026-02-16 23:37:00,USER0271,REC0238,163.49,Shopping,Pune,Android,QR,0,normal
TXN005659,2026-02-16 23:39:00,USER0578,REC0258,512.54,Food,Mumbai,Android,QR,0,normal
TXN002777,2026-02-16 23:42:00,USER0920,REC0340,1541.59,Shopping,Mumbai,Android,App,0,normal
TXN003552,2026-02-16 23:47:00,USER0386,REC0013,658.97,Groceries,Chennai,iOS,QR,0,normal
TXN004992,2026-02-16 23:49:00,USER0744,REC0460,423.36,Food,Chennai,Android,App,0,normal
TXN002732,2026-02-17 00:03:00,USER0360,REC0462,720.39,Groceries,Delhi,Android,App,0,normal
TXN009398,2026-02-17 00:05:00,USER0154,REC0231,130.42,Shopping,Mumbai,Android,QR,1,late_night_payment
TXN005205,2026-02-17 00:20:00,USER0036,REC0074,745.92,Groceries,Hyderabad,Android,Collect Request,0,normal
TXN006777,2026-02-17 00:42:00,USER0566,REC0486,1515.18,Food,Bengaluru,iOS,App,0,normal
TXN000893,2026-02-17 00:42:00,USER0243,REC0349,729.72,Transfer,Delhi,Android,App,0,normal
TXN000712,2026-02-17 00:53:00,USER0929,REC0341,794.5,Food,Chennai,Android,QR,0,normal
TXN005677,2026-02-17 01:15:00,USER0338,REC0374,339.8,Shopping,Bengaluru,Android,App,0,normal
TXN007763,2026-02-17 01:44:00,USER0278,REC0422,532.88,Food,Pune,Android,QR,0,normal
TXN003337,2026-02-17 01:44:00,USER0076,REC0163,613.18,Transfer,Hyderabad,Android,QR,0,normal
TXN003392,2026-02-17 01:52:00,USER0280,REC0423,2251.67,Food,Mumbai,Android,QR,0,normal
TXN008091,2026-02-17 02:01:00,USER0005,REC0174,1404.79,Transfer,Delhi,Android,QR,0,normal
TXN007788,2026-02-17 02:02:00,USER0245,REC0240,338.55,Groceries,Mumbai,iOS,App,0,normal
TXN000679,2026-02-17 02:10:00,USER0237,REC0135,573.35,Food,Chennai,Android,App,0,normal
TXN009787,2026-02-17 02:10:00,USER0670,REC0194,457.73,Food,Pune,iOS,App,0,normal
TXN006806,2026-02-17 02:35:00,USER0589,REC0181,5204.75,Transfer,Hyderabad,Android,App,0,normal
TXN005727,2026-02-17 02:49:00,USER0898,REC0096,235.7,Groceries,Bengaluru,Android,QR,0,normal
TXN003265,2026-02-17 03:15:00,USER0627,REC0106,1080.16,Groceries,Chennai,Android,QR,1,late_night_payment
TXN000578,2026-02-17 03:18:00,USER0308,REC0250,454.86,Shopping,Chennai,Android,App,0,normal
TXN008322,2026-02-17 03:22:00,USER0326,REC0250,291.43,Food,Pune,Android,App,0,normal
TXN003937,2026-02-17 03:30:00,USER0524,REC0437,653.34,Travel,Chennai,Android,QR,0,normal
TXN003646,2026-02-17 03:30:00,USER0490,REC0393,609.94,Bills,Delhi,Android,QR,1,late_night_payment
TXN001859,2026-02-17 03:54:00,USER0250,REC0409,590.44,Transfer,Mumbai,Android,QR,0,normal
TXN001311,2026-02-17 04:15:00,USER0961,REC0433,1067.02,Shopping,Hyderabad,Android,App,0,normal
TXN005915,2026-02-17 04:42:00,USER0426,REC0189,388.91,Transfer,Chennai,iOS,App,0,normal
TXN006674,2026-02-17 05:16:00,USER0829,REC0057,947.3,Groceries,Mumbai,Android,App,0,normal
TXN004549,2026-02-17 05:21:00,USER0846,REC0177,293.6,Groceries,Mumbai,Android,App,0,normal
TXN003469,2026-02-17 05:31:00,USER0463,REC0113,1863.77,Travel,Delhi,Android,App,0,normal
TXN007570,2026-02-17 05:35:00,USER0727,REC0420,683.3,Shopping,Hyderabad,Android,App,0,normal
TXN008982,2026-02-17 05:49:00,USER0397,REC0383,366.99,Groceries,Hyderabad,Android,QR,0,normal
TXN006409,2026-02-17 06:00:00,USER0907,REC0407,799.06,Groceries,Pune,Android,QR,0,normal
TXN001074,2026-02-17 06:11:00,USER0298,REC0345,2148.53,Food,Pune,Android,App,0,normal
TXN005520,2026-02-17 06:12:00,USER0566,REC0203,59.45,Groceries,Mumbai,iOS,QR,0,normal
TXN002489,2026-02-17 06:20:00,USER0143,REC0458,857.23,Food,Bengaluru,Android,QR,0,normal
TXN001665,2026-02-17 06:33:00,USER0823,REC0070,433.2,Food,Hyderabad,Android,QR,0,normal
TXN005724,2026-02-17 06:36:00,USER0039,REC0440,1247.85,Food,Hyderabad,Android,App,0,normal
TXN006703,2026-02-17 06:54:00,USER0410,REC0442,886.28,Food,Pune,iOS,QR,0,normal
TXN002029,2026-02-17 07:12:00,USER0541,REC0356,665.74,Groceries,Pune,iOS,App,0,normal
TXN009493,2026-02-17 07:19:00,USER0243,REC0377,635.56,Travel,Pune,iOS,QR,0,normal
TXN005517,2026-02-17 07:26:00,USER0290,REC0262,390.37,Food,Delhi,Android,QR,0,normal
TXN001195,2026-02-17 07:47:00,USER0035,REC0153,313.95,Bills,Pune,Android,QR,0,normal
TXN005435,2026-02-17 08:02:00,USER0224,REC0439,606.4,Bills,Mumbai,iOS,App,0,normal
TXN002518,2026-02-17 08:17:00,USER0483,REC0244,78.29,Shopping,Delhi,iOS,App,0,normal
TXN002609,2026-02-17 08:33:00,USER0339,REC0085,608.79,Transfer,Chennai,Android,QR,0,normal
TXN006757,2026-02-17 08:36:00,USER0425,REC0095,603.15,Groceries,Chennai,iOS,QR,0,normal
TXN008325,2026-02-17 08:57:00,USER0009,REC0324,280.24,Food,Pune,Android,App,0,normal
TXN000997,2026-02-17 08:58:00,USER0228,REC0402,155.81,Shopping,Pune,Android,App,0,normal
TXN004370,2026-02-17 09:09:00,USER0068,REC0312,1985.31,Transfer,Pune,iOS,App,0,normal
TXN000011,2026-02-17 09:11:00,USER0654,REC0192,654.16,Groceries,Delhi,Android,App,0,normal
TXN005067,2026-02-17 09:28:00,USER0695,REC0027,400.29,Food,Delhi,Android,QR,0,normal
TXN004813,2026-02-17 09:46:00,USER0021,REC0270,1094.89,Transfer,Chennai,Android,App,0,normal
TXN004219,2026-02-17 09:47:00,USER0440,REC0002,43257.23,Travel,Delhi,iOS,Collect Request,1,unusually_high_amount
TXN003728,2026-02-17 09:49:00,USER0325,REC0403,782.36,Food,Chennai,Android,App,0,normal
TXN004920,2026-02-17 11:11:00,USER0654,REC0067,174.78,Food,Bengaluru,Android,Collect Request,0,normal
TXN003360,2026-02-17 11:18:00,USER0458,REC0183,150.97,Food,Bengaluru,iOS,QR,0,normal
TXN007817,2026-02-17 11:20:00,USER0869,REC0499,516.15,Transfer,Delhi,Android,App,0,normal
TXN009879,2026-02-17 11:23:00,USER0380,REC0026,1926.68,Bills,Hyderabad,Android,App,0,normal
TXN006803,2026-02-17 11:27:00,USER0617,REC0093,104.77,Shopping,Bengaluru,Android,App,0,normal
TXN005090,2026-02-17 11:29:00,USER0551,REC0216,1047.67,Bills,Pune,Android,QR,0,normal
TXN003773,2026-02-17 11:29:00,USER0887,REC0379,1049.45,Travel,Mumbai,Android,App,0,normal
TXN004836,2026-02-17 11:41:00,USER0878,REC0002,182.99,Groceries,Chennai,iOS,QR,0,normal
TXN005559,2026-02-17 11:49:00,USER0527,REC0314,884.98,Transfer,Bengaluru,Android,QR,0,normal
TXN007575,2026-02-17 11:50:00,USER0083,REC0289,1167.62,Travel,Chennai,Android,QR,0,normal
TXN005593,2026-02-17 12:01:00,USER0057,REC0365,748.97,Shopping,Bengaluru,Android,App,0,normal
TXN006743,2026-02-17 12:14:00,USER0416,REC0439,290.66,Groceries,Bengaluru,Android,QR,0,normal
TXN007041,2026-02-17 12:15:00,USER0476,REC0290,295.14,Bills,Mumbai,iOS,QR,0,normal
TXN003539,2026-02-17 12:18:00,USER0268,REC0310,184.06,Shopping,Chennai,Android,App,0,normal
TXN008910,2026-02-17 12:26:00,USER0533,REC0375,678.92,Food,Delhi,Android,App,0,normal
TXN005225,2026-02-17 12:29:00,USER0100,REC0483,3525.68,Food,Delhi,Android,Collect Request,0,normal
TXN006029,2026-02-17 13:11:00,USER0223,REC0418,896.6,Groceries,Pune,Android,App,0,normal
TXN008489,2026-02-17 13:28:00,USER0964,REC0350,720.9,Transfer,Chennai,Android,QR,0,normal
TXN003738,2026-02-17 13:39:00,USER0649,REC0086,744.44,Bills,Chennai,iOS,App,0,normal
TXN007923,2026-02-17 13:41:00,USER0980,REC0298,803.95,Groceries,Bengaluru,Android,App,0,normal
TXN001957,2026-02-17 13:50:00,USER0836,REC0222,534.88,Travel,Mumbai,Android,QR,0,normal
TXN006852,2026-02-17 13:54:00,USER0552,REC0172,2015.28,Food,Hyderabad,Android,QR,0,normal
TXN008284,2026-02-17 14:34:00,USER0944,REC0089,387.49,Groceries,Chennai,Android,QR,0,normal
TXN007701,2026-02-17 14:38:00,USER0274,REC0416,164.17,Transfer,Hyderabad,iOS,App,0,normal
TXN005758,2026-02-17 14:43:00,USER0971,REC0326,208.17,Shopping,Bengaluru,Android,QR,0,normal
TXN009861,2026-02-17 15:11:00,USER0751,REC0222,283.82,Food,Bengaluru,Android,App,0,normal
TXN006987,2026-02-17 15:26:00,USER0004,REC0484,317.71,Travel,Bengaluru,Android,App,0,normal
TXN003044,2026-02-17 15:29:00,USER0449,REC0028,730.81,Shopping,Hyderabad,Android,App,0,normal
TXN001392,2026-02-17 15:48:00,USER0292,REC0056,1215.89,Groceries,Chennai,iOS,App,0,normal
TXN005476,2026-02-17 15:59:00,USER0441,REC0473,883.13,Food,Hyderabad,Android,App,0,normal
TXN000995,2026-02-17 16:04:00,USER0312,REC0117,2234.41,Bills,Hyderabad,iOS,App,0,normal
TXN001501,2026-02-17 16:13:00,USER0231,REC0022,956.02,Shopping,Chennai,Android,App,0,normal
TXN001920,2026-02-17 16:15:00,USER0309,REC0494,265.7,Shopping,Chennai,iOS,QR,0,normal
TXN009504,2026-02-17 16:22:00,USER0892,REC0138,302.45,Transfer,Mumbai,Android,QR,0,normal
TXN009743,2026-02-17 16:26:00,USER0926,REC0290,281.4,Travel,Bengaluru,Android,App,0,normal
TXN007808,2026-02-17 17:32:00,USER0345,REC0255,575.31,Bills,Bengaluru,Android,App,0,normal
TXN004058,2026-02-17 17:45:00,USER0613,REC0173,134.77,Shopping,Mumbai,Android,App,0,normal
TXN002411,2026-02-17 17:54:00,USER0844,REC0212,812.12,Food,Delhi,Android,QR,0,normal
TXN001299,2026-02-17 18:07:00,USER0281,REC0005,513.08,Travel,Delhi,Android,App,0,normal
TXN004152,2026-02-17 18:21:00,USER0462,REC0498,555.6,Shopping,Chennai,iOS,QR,0,normal
TXN008508,2026-02-17 18:26:00,USER0778,REC0008,344.63,Travel,Pune,Android,App,0,normal
TXN000488,2026-02-17 18:27:00,USER0262,REC0169,280.96,Bills,Bengaluru,Android,QR,0,normal
TXN006625,2026-02-17 18:32:00,USER0324,REC0238,583.06,Transfer,Hyderabad,Android,App,0,normal
TXN002539,2026-02-17 18:37:00,USER0169,REC0199,812.84,Food,Pune,Android,QR,0,normal
TXN001902,2026-02-17 18:38:00,USER0348,REC0192,262.57,Shopping,Hyderabad,Android,App,0,normal
TXN000507,2026-02-17 18:59:00,USER0040,REC0449,529.0,Shopping,Mumbai,Android,QR,0,normal
TXN001991,2026-02-17 19:01:00,USER0092,REC0020,425.47,Food,Mumbai,iOS,QR,0,normal
TXN002949,2026-02-17 19:07:00,USER0576,REC0129,3513.89,Food,Bengaluru,Android,QR,0,normal
TXN006143,2026-02-17 19:24:00,USER0199,REC0445,563.76,Food,Pune,Android,App,0,normal
TXN003478,2026-02-17 19:35:00,USER0793,REC0181,2716.47,Bills,Chennai,iOS,QR,0,normal
TXN001147,2026-02-17 19:42:00,USER0347,REC0197,756.98,Shopping,Chennai,Android,Collect Request,0,normal
TXN001164,2026-02-17 19:50:00,USER0385,REC0208,677.31,Food,Pune,Android,App,0,normal
TXN002048,2026-02-17 19:51:00,USER0879,REC0384,88.24,Shopping,Bengaluru,Android,App,0,normal
TXN007862,2026-02-17 19:53:00,USER0611,REC0425,1601.48,Transfer,Chennai,Android,App,0,normal
TXN009890,2026-02-17 20:03:00,USER0309,REC0399,438.24,Bills,Delhi,Android,App,0,normal
TXN003496,2026-02-17 20:17:00,USER0526,REC0077,571.24,Groceries,Bengaluru,Android,QR,0,normal
TXN004272,2026-02-17 20:44:00,USER0677,REC0260,3710.97,Transfer,Pune,Android,QR,0,normal
TXN001958,2026-02-17 20:52:00,USER0161,REC0266,667.63,Shopping,Pune,iOS,App,0,normal
TXN002593,2026-02-17 21:25:00,USER0317,REC0496,194.08,Bills,Pune,Android,Collect Request,0,normal
TXN000747,2026-02-17 21:32:00,USER0592,REC0028,1400.39,Groceries,Mumbai,Android,QR,0,normal
TXN003777,2026-02-17 21:59:00,USER0796,REC0103,164.89,Shopping,Bengaluru,Android,QR,0,normal
TXN005018,2026-02-17 22:01:00,USER0622,REC0428,257.2,Transfer,Hyderabad,Android,App,0,normal
TXN003017,2026-02-17 22:03:00,USER0681,REC0448,388.39,Food,Bengaluru,Android,App,0,normal
TXN002607,2026-02-17 22:03:00,USER0604,REC0405,247.96,Food,Mumbai,Android,App,0,normal
TXN008077,2026-02-17 22:14:00,USER0876,REC0085,1076.47,Groceries,Hyderabad,Android,App,0,normal
TXN005505,2026-02-17 22:15:00,USER0195,REC0290,249.09,Shopping,Pune,Android,App,0,normal
TXN003897,2026-02-17 22:24:00,USER0977,REC0292,42370.09,Food,Delhi,Android,QR,1,unusually_high_amount
TXN001669,2026-02-17 22:32:00,USER0622,REC0306,1423.59,Food,Delhi,Android,App,0,normal
TXN000656,2026-02-17 22:40:00,USER0922,REC0097,367.59,Food,Hyderabad,Android,QR,0,normal
TXN005404,2026-02-17 22:43:00,USER0529,REC0360,1261.21,Transfer,Bengaluru,iOS,App,0,normal
TXN008598,2026-02-17 23:22:00,USER0653,REC0048,550.67,Food,Bengaluru,iOS,QR,0,normal
TXN000351,2026-02-17 23:37:00,USER0892,REC0368,500.04,Food,Pune,Android,QR,0,normal
TXN001553,2026-02-17 23:49:00,USER0691,REC0388,575.34,Bills,Bengaluru,Android,App,0,normal
TXN004224,2026-02-17 23:49:00,USER0585,REC0215,540.3,Food,Chennai,Android,Collect Request,0,normal
TXN006556,2026-02-18 00:03:00,USER0748,REC0489,271.83,Travel,Mumbai,iOS,App,0,normal
TXN005826,2026-02-18 00:07:00,USER0411,REC0145,1280.48,Groceries,Chennai,iOS,App,0,normal
TXN009267,2026-02-18 00:27:00,USER0727,REC0344,657.79,Groceries,Pune,Android,QR,0,normal
TXN005485,2026-02-18 00:29:00,USER0590,REC0085,150.97,Shopping,Bengaluru,Android,QR,0,normal
TXN001335,2026-02-18 00:32:00,USER0599,REC0441,464.74,Shopping,Mumbai,Android,Collect Request,0,normal
TXN008980,2026-02-18 00:37:00,USER0905,REC0047,492.11,Food,Bengaluru,Android,App,0,normal
TXN002310,2026-02-18 01:05:00,USER0423,REC0101,456.64,Groceries,Hyderabad,iOS,QR,0,normal
TXN004502,2026-02-18 01:14:00,USER0535,REC0043,664.5,Bills,Chennai,iOS,Collect Request,0,normal
TXN001725,2026-02-18 01:18:00,USER0288,REC0418,353.1,Bills,Delhi,Android,QR,0,normal
TXN005597,2026-02-18 01:23:00,USER0047,REC0240,306.83,Bills,Mumbai,Android,QR,0,normal
TXN006147,2026-02-18 01:31:00,USER0371,REC0473,603.98,Groceries,Hyderabad,iOS,App,1,late_night_payment
TXN006015,2026-02-18 01:43:00,USER0219,REC0112,611.4,Groceries,Mumbai,Android,QR,0,normal
TXN001341,2026-02-18 01:48:00,USER0970,REC0399,506.15,Food,Chennai,iOS,App,0,normal
TXN004819,2026-02-18 01:50:00,USER0521,REC0309,519.31,Shopping,Delhi,Android,App,0,normal
TXN007280,2026-02-18 02:15:00,USER0015,REC0071,259.92,Shopping,Delhi,Android,App,0,normal
TXN002766,2026-02-18 02:44:00,USER0659,REC0230,635.91,Travel,Hyderabad,Android,QR,0,normal
TXN008834,2026-02-18 02:59:00,USER0402,REC0429,536.38,Groceries,Hyderabad,iOS,QR,0,normal
TXN001901,2026-02-18 03:18:00,USER0909,REC0019,181.31,Shopping,Delhi,Android,App,0,normal
TXN002794,2026-02-18 03:22:00,USER0794,REC0420,334.36,Bills,Chennai,Android,QR,0,normal
TXN000648,2026-02-18 04:32:00,USER0042,REC0291,1330.21,Groceries,Hyderabad,iOS,App,0,normal
TXN007319,2026-02-18 04:58:00,USER0843,REC0200,817.29,Groceries,Pune,Android,App,0,normal
TXN007115,2026-02-18 05:49:00,USER0874,REC0084,390.36,Groceries,Pune,Android,QR,0,normal
TXN000606,2026-02-18 05:54:00,USER0726,REC0306,464.84,Groceries,Bengaluru,Android,QR,0,normal
TXN005709,2026-02-18 06:05:00,USER0041,REC0484,1032.39,Groceries,Bengaluru,iOS,App,0,normal
TXN004097,2026-02-18 06:07:00,USER0417,REC0306,2481.65,Groceries,Hyderabad,iOS,App,0,normal
TXN001636,2026-02-18 06:11:00,USER0202,REC0364,1171.54,Food,Mumbai,Android,QR,0,normal
TXN008954,2026-02-18 06:27:00,USER0548,REC0226,266.8,Shopping,Hyderabad,iOS,App,0,normal
TXN002666,2026-02-18 06:48:00,USER0510,REC0207,1141.93,Food,Mumbai,Android,App,0,normal
TXN008338,2026-02-18 06:48:00,USER0163,REC0272,3804.51,Bills,Bengaluru,Android,App,0,normal
TXN000561,2026-02-18 06:52:00,USER0761,REC0320,316.27,Groceries,Hyderabad,Android,QR,0,normal
TXN001922,2026-02-18 06:59:00,USER0015,REC0110,4733.7,Bills,Delhi,Android,QR,0,normal
TXN007854,2026-02-18 07:05:00,USER0749,REC0199,551.2,Bills,Hyderabad,Android,App,0,normal
TXN008478,2026-02-18 07:55:00,USER0788,REC0318,218.68,Food,Mumbai,iOS,App,0,normal
TXN005759,2026-02-18 08:03:00,USER0533,REC0364,541.17,Bills,Hyderabad,iOS,App,0,normal
TXN006401,2026-02-18 08:04:00,USER0327,REC0489,735.64,Food,Mumbai,iOS,QR,0,normal
TXN004480,2026-02-18 08:17:00,USER0847,REC0383,236.52,Groceries,Pune,Android,App,0,normal
TXN002896,2026-02-18 08:23:00,USER0469,REC0128,1570.57,Bills,Delhi,Android,QR,0,normal
TXN008689,2026-02-18 08:26:00,USER0715,REC0214,165.3,Groceries,Mumbai,Android,App,0,normal
TXN009533,2026-02-18 08:31:00,USER0974,REC0392,498.09,Travel,Pune,Android,App,0,normal
TXN005317,2026-02-18 08:38:00,USER0170,REC0245,789.22,Groceries,Bengaluru,iOS,QR,0,normal
TXN004828,2026-02-18 08:51:00,USER0595,REC0475,982.59,Shopping,Pune,iOS,App,0,normal
TXN004912,2026-02-18 09:00:00,USER0539,REC0438,397.09,Transfer,Hyderabad,Android,QR,0,normal
TXN000931,2026-02-18 09:06:00,USER0320,REC0252,235.01,Food,Delhi,iOS,App,0,normal
TXN003345,2026-02-18 09:22:00,USER0639,REC0062,1538.4,Travel,Hyderabad,iOS,Collect Request,0,normal
TXN008417,2026-02-18 09:25:00,USER0255,REC0056,275.26,Groceries,Hyderabad,Android,QR,0,normal
TXN008304,2026-02-18 09:42:00,USER0351,REC0224,208.85,Bills,Chennai,iOS,App,0,normal
TXN008781,2026-02-18 10:04:00,USER0354,REC0330,680.6,Shopping,Bengaluru,Android,QR,0,normal
TXN005061,2026-02-18 10:36:00,USER0700,REC0438,600.32,Travel,Delhi,Android,App,0,normal
TXN007646,2026-02-18 10:49:00,USER0641,REC0153,336.59,Groceries,Delhi,Android,App,0,normal
TXN007409,2026-02-18 10:51:00,USER0342,REC0396,556.54,Groceries,Pune,Android,Collect Request,0,normal
TXN008010,2026-02-18 10:55:00,USER0009,REC0020,249.55,Groceries,Hyderabad,Android,QR,0,normal
TXN006827,2026-02-18 10:56:00,USER0636,REC0460,414.04,Shopping,Pune,Android,App,0,normal
TXN005895,2026-02-18 11:25:00,USER0012,REC0387,540.98,Groceries,Hyderabad,Android,App,0,normal
TXN004523,2026-02-18 11:26:00,USER0490,REC0306,967.2,Food,Hyderabad,iOS,Collect Request,0,normal
TXN003679,2026-02-18 11:41:00,USER0892,REC0387,353.77,Travel,Pune,iOS,Collect Request,0,normal
TXN002351,2026-02-18 11:47:00,USER0226,REC0169,25219.74,Bills,Delhi,Android,App,1,unusually_high_amount
TXN003467,2026-02-18 11:54:00,USER0211,REC0283,336.68,Food,Delhi,Android,QR,0,normal
TXN003299,2026-02-18 11:55:00,USER0173,REC0202,1942.57,Groceries,Bengaluru,Android,QR,0,normal
TXN002336,2026-02-18 12:06:00,USER0461,REC0442,433.3,Food,Bengaluru,Android,App,0,normal
TXN005581,2026-02-18 12:14:00,USER0363,REC0122,462.79,Groceries,Chennai,iOS,QR,0,normal
TXN005576,2026-02-18 12:36:00,USER0847,REC0390,393.39,Transfer,Bengaluru,Android,QR,0,normal
TXN006443,2026-02-18 12:39:00,USER0949,REC0440,801.25,Groceries,Pune,Android,App,0,normal
TXN002139,2026-02-18 12:45:00,USER0591,REC0304,1471.0,Groceries,Mumbai,Android,App,0,normal
TXN008174,2026-02-18 12:50:00,USER0267,REC0004,877.37,Food,Mumbai,Android,QR,0,normal
TXN003111,2026-02-18 12:57:00,USER0139,REC0321,387.34,Shopping,Bengaluru,Android,App,0,normal
TXN004821,2026-02-18 13:06:00,USER0811,REC0407,1361.52,Travel,Delhi,Android,QR,0,normal
TXN004888,2026-02-18 13:11:00,USER0155,REC0114,146.75,Bills,Bengaluru,Android,Collect Request,0,normal
TXN001140,2026-02-18 13:22:00,USER0880,REC0468,338.45,Groceries,Hyderabad,iOS,QR,0,normal
TXN006171,2026-02-18 13:23:00,USER0539,REC0098,486.23,Bills,Chennai,iOS,QR,0,normal
TXN006265,2026-02-18 13:57:00,USER0017,REC0064,461.49,Shopping,Pune,Android,App,0,normal
TXN000877,2026-02-18 14:03:00,USER0047,REC0265,160.07,Travel,Delhi,Android,App,0,normal
TXN006825,2026-02-18 14:29:00,USER0359,REC0068,744.37,Food,Chennai,Android,App,0,normal
TXN008170,2026-02-18 14:42:00,USER0025,REC0354,499.09,Food,Chennai,iOS,App,0,normal
TXN000539,2026-02-18 15:00:00,USER0141,REC0294,459.72,Groceries,Bengaluru,Android,App,0,normal
TXN001259,2026-02-18 15:17:00,USER0643,REC0309,306.0,Transfer,Delhi,Android,QR,0,normal
TXN007085,2026-02-18 15:22:00,USER0288,REC0245,417.8,Food,Hyderabad,Android,App,0,normal
TXN002924,2026-02-18 15:25:00,USER0739,REC0212,758.45,Food,Bengaluru,iOS,QR,0,normal
TXN003637,2026-02-18 15:28:00,USER0124,REC0456,602.94,Food,Mumbai,Android,App,0,normal
TXN009638,2026-02-18 15:38:00,USER0400,REC0261,571.81,Groceries,Bengaluru,iOS,QR,0,normal
TXN006337,2026-02-18 16:01:00,USER0900,REC0041,985.4,Food,Hyderabad,Android,Collect Request,0,normal
TXN002821,2026-02-18 16:06:00,USER0422,REC0022,1385.1,Transfer,Mumbai,Android,QR,0,normal
TXN001380,2026-02-18 16:15:00,USER0893,REC0493,380.0,Transfer,Delhi,Android,App,0,normal
TXN000927,2026-02-18 17:07:00,USER0752,REC0274,575.04,Shopping,Bengaluru,iOS,QR,0,normal
TXN003341,2026-02-18 17:34:00,USER0012,REC0239,1144.97,Shopping,Mumbai,Android,Collect Request,0,normal
TXN004031,2026-02-18 18:06:00,USER0823,REC0226,247.0,Groceries,Chennai,Android,App,0,normal
TXN006254,2026-02-18 18:09:00,USER0420,REC0311,601.89,Food,Bengaluru,iOS,QR,0,normal
TXN008724,2026-02-18 18:23:00,USER0447,REC0076,254.66,Shopping,Bengaluru,Android,QR,0,normal
TXN009171,2026-02-18 18:50:00,USER0340,REC0234,1494.22,Groceries,Chennai,Android,QR,0,normal
TXN002118,2026-02-18 18:53:00,USER0809,REC0468,893.35,Food,Pune,Android,App,0,normal
TXN000289,2026-02-18 19:14:00,USER0260,REC0336,429.81,Shopping,Delhi,Android,QR,0,normal
TXN003979,2026-02-18 19:23:00,USER0571,REC0457,1577.9,Groceries,Mumbai,Android,QR,0,normal
TXN004023,2026-02-18 19:27:00,USER0919,REC0126,449.92,Groceries,Delhi,Android,App,0,normal
TXN001848,2026-02-18 19:30:00,USER0303,REC0185,499.45,Shopping,Pune,iOS,QR,0,normal
TXN007388,2026-02-18 19:53:00,USER0036,REC0110,137.82,Travel,Bengaluru,Android,App,0,normal
TXN007983,2026-02-18 20:17:00,USER0915,REC0166,474.16,Bills,Hyderabad,Android,QR,0,normal
TXN000305,2026-02-18 20:30:00,USER0983,REC0147,626.65,Transfer,Bengaluru,Android,App,0,normal
TXN005932,2026-02-18 20:45:00,USER0815,REC0366,241.47,Travel,Hyderabad,Android,QR,0,normal
TXN000917,2026-02-18 20:54:00,USER0434,REC0458,671.21,Food,Bengaluru,iOS,App,0,normal
TXN009444,2026-02-18 21:01:00,USER0989,REC0113,277.91,Food,Pune,Android,App,0,normal
TXN005395,2026-02-18 21:04:00,USER0671,REC0168,413.86,Bills,Hyderabad,Android,QR,0,normal
TXN005102,2026-02-18 21:32:00,USER0885,REC0268,1592.07,Groceries,Chennai,iOS,Collect Request,0,normal
TXN007038,2026-02-18 21:38:00,USER0551,REC0209,718.75,Groceries,Delhi,iOS,QR,0,normal
TXN004487,2026-02-18 21:43:00,USER0670,REC0419,844.9,Food,Delhi,Android,App,0,normal
TXN009043,2026-02-18 21:48:00,USER0845,REC0150,1548.76,Travel,Pune,Android,App,0,normal
TXN008853,2026-02-18 21:50:00,USER0548,REC0354,1075.59,Groceries,Bengaluru,Android,App,0,normal
TXN005267,2026-02-18 21:54:00,USER0626,REC0428,371.42,Shopping,Mumbai,Android,QR,0,normal
TXN002836,2026-02-18 21:57:00,USER0203,REC0255,448.24,Food,Chennai,Android,App,0,normal
TXN003861,2026-02-18 22:26:00,USER0701,REC0205,277.95,Groceries,Mumbai,Android,App,0,normal
TXN005685,2026-02-18 22:49:00,USER0716,REC0257,102.09,Food,Bengaluru,Android,QR,0,normal
TXN004703,2026-02-18 23:07:00,USER0625,REC0417,155.08,Food,Chennai,Android,QR,0,normal
TXN007593,2026-02-18 23:14:00,USER0476,REC0127,287.72,Food,Delhi,Android,App,0,normal
TXN007084,2026-02-18 23:15:00,USER0008,REC0489,2115.33,Travel,Hyderabad,Android,QR,0,normal
TXN005789,2026-02-18 23:15:00,USER0910,REC0100,156.59,Bills,Bengaluru,iOS,QR,0,normal
TXN007461,2026-02-18 23:29:00,USER0111,REC0391,1411.27,Travel,Delhi,iOS,App,0,normal
TXN002137,2026-02-19 00:03:00,USER0024,REC0144,1144.38,Transfer,Pune,Android,QR,0,normal
TXN000789,2026-02-19 00:08:00,USER0120,REC0338,1740.74,Transfer,Hyderabad,Android,QR,0,normal
TXN002154,2026-02-19 00:13:00,USER0626,REC0042,664.97,Shopping,Hyderabad,iOS,App,0,normal
TXN003941,2026-02-19 00:38:00,USER0737,REC0406,374.91,Food,Hyderabad,Android,App,0,normal
TXN007836,2026-02-19 00:52:00,USER0220,REC0282,815.9,Food,Chennai,Android,QR,0,normal
TXN009512,2026-02-19 00:57:00,USER0439,REC0402,297.63,Shopping,Chennai,iOS,Collect Request,0,normal
TXN000331,2026-02-19 00:58:00,USER0309,REC0395,401.74,Groceries,Pune,Android,QR,1,late_night_payment
TXN000807,2026-02-19 00:59:00,USER0737,REC0487,324.12,Groceries,Bengaluru,Android,App,0,normal
TXN007652,2026-02-19 01:09:00,USER0876,REC0339,231.9,Bills,Bengaluru,Android,QR,0,normal
TXN000295,2026-02-19 01:12:00,USER0776,REC0044,482.12,Transfer,Hyderabad,Android,QR,0,normal
TXN000132,2026-02-19 01:13:00,USER0513,REC0463,547.1,Travel,Mumbai,Android,QR,1,late_night_payment
TXN002775,2026-02-19 01:27:00,USER0144,REC0350,164.12,Bills,Bengaluru,iOS,App,0,normal
TXN005150,2026-02-19 01:38:00,USER0009,REC0304,175.98,Food,Hyderabad,Android,Collect Request,0,normal
TXN000029,2026-02-19 02:07:00,USER0755,REC0175,696.32,Bills,Bengaluru,Android,QR,0,normal
TXN006950,2026-02-19 02:17:00,USER0284,REC0224,725.78,Food,Bengaluru,Android,App,1,late_night_payment
TXN006587,2026-02-19 02:24:00,USER0745,REC0134,541.98,Bills,Chennai,iOS,QR,0,normal
TXN002343,2026-02-19 02:29:00,USER0396,REC0169,1416.7,Food,Hyderabad,iOS,App,0,normal
TXN002834,2026-02-19 02:39:00,USER0450,REC0385,730.75,Transfer,Chennai,Android,QR,0,normal
TXN007799,2026-02-19 02:44:00,USER0872,REC0237,352.55,Food,Mumbai,Android,App,0,normal
TXN003632,2026-02-19 02:55:00,USER0193,REC0363,215.88,Groceries,Hyderabad,Android,QR,0,normal
TXN002119,2026-02-19 03:17:00,USER0109,REC0241,1366.49,Bills,Mumbai,Android,App,0,normal
TXN006626,2026-02-19 03:28:00,USER0032,REC0007,782.05,Food,Chennai,Android,QR,0,normal
TXN008068,2026-02-19 03:39:00,USER0888,REC0239,302.45,Groceries,Delhi,Android,App,0,normal
TXN000057,2026-02-19 04:35:00,USER0731,REC0419,299.82,Bills,Chennai,iOS,QR,0,normal
TXN005665,2026-02-19 04:43:00,USER0361,REC0070,451.01,Travel,Pune,Android,App,0,normal
TXN006178,2026-02-19 05:07:00,USER0463,REC0432,867.34,Bills,Mumbai,Android,QR,0,normal
TXN000229,2026-02-19 05:19:00,USER0084,REC0219,2075.37,Groceries,Chennai,Android,App,0,normal
TXN004096,2026-02-19 05:29:00,USER0326,REC0192,147.54,Travel,Delhi,Android,QR,0,normal
TXN007818,2026-02-19 05:33:00,USER0443,REC0229,522.21,Groceries,Chennai,Android,App,0,normal
TXN008791,2026-02-19 05:39:00,USER0203,REC0485,5094.98,Bills,Delhi,iOS,App,0,normal
TXN008106,2026-02-19 05:52:00,USER0920,REC0476,783.54,Travel,Hyderabad,Android,App,0,normal
TXN009281,2026-02-19 05:52:00,USER0829,REC0431,354.16,Groceries,Hyderabad,Android,App,0,normal
TXN006969,2026-02-19 06:06:00,USER0377,REC0433,1204.6,Food,Delhi,Android,QR,0,normal
TXN003758,2026-02-19 06:07:00,USER0678,REC0025,1170.15,Shopping,Pune,iOS,QR,0,normal
TXN003477,2026-02-19 06:56:00,USER0220,REC0441,591.45,Bills,Bengaluru,Android,QR,0,normal
TXN004129,2026-02-19 07:13:00,USER0384,REC0058,255.92,Transfer,Pune,Android,QR,0,normal
TXN003823,2026-02-19 08:01:00,USER0237,REC0088,745.99,Food,Hyderabad,Android,App,0,normal
TXN001577,2026-02-19 08:03:00,USER0787,REC0035,394.09,Food,Mumbai,Android,App,0,normal
TXN008032,2026-02-19 08:14:00,USER0845,REC0208,1511.43,Bills,Bengaluru,Android,QR,0,normal
TXN000879,2026-02-19 08:15:00,USER0761,REC0474,289.48,Shopping,Bengaluru,Android,Collect Request,0,normal
TXN004708,2026-02-19 08:16:00,USER0576,REC0310,893.82,Groceries,Hyderabad,iOS,App,0,normal
TXN007649,2026-02-19 08:20:00,USER0993,REC0060,98.38,Food,Bengaluru,Android,App,0,normal
TXN005770,2026-02-19 08:32:00,USER0060,REC0460,783.82,Bills,Chennai,Android,App,0,normal
TXN009539,2026-02-19 08:34:00,USER0401,REC0385,1092.08,Shopping,Bengaluru,Android,QR,0,normal
TXN008243,2026-02-19 08:49:00,USER0244,REC0071,727.95,Travel,Hyderabad,Android,App,0,normal
TXN005038,2026-02-19 09:00:00,USER0363,REC0052,495.52,Transfer,Hyderabad,Android,App,0,normal
TXN005111,2026-02-19 09:25:00,USER0877,REC0466,420.36,Groceries,Chennai,Android,App,0,normal
TXN005976,2026-02-19 09:35:00,USER0948,REC0018,439.07,Bills,Pune,Android,App,0,normal
TXN005988,2026-02-19 09:44:00,USER0864,REC0096,568.91,Shopping,Delhi,Android,App,0,normal
TXN006774,2026-02-19 09:47:00,USER0974,REC0125,635.86,Groceries,Hyderabad,Android,QR,0,normal
TXN000992,2026-02-19 10:09:00,USER0251,REC0435,1639.75,Shopping,Delhi,Android,App,0,normal
TXN009236,2026-02-19 10:31:00,USER0072,REC0356,317.64,Bills,Delhi,Android,QR,0,normal
TXN003828,2026-02-19 10:54:00,USER0740,REC0135,935.37,Transfer,Delhi,Android,QR,0,normal
TXN005766,2026-02-19 11:17:00,USER0330,REC0160,690.44,Travel,Delhi,iOS,QR,0,normal
TXN005101,2026-02-19 12:17:00,USER0317,REC0184,483.77,Bills,Hyderabad,Android,QR,0,normal
TXN008027,2026-02-19 12:26:00,USER0063,REC0366,936.63,Food,Hyderabad,iOS,App,0,normal
TXN003066,2026-02-19 12:31:00,USER0705,REC0030,639.72,Transfer,Mumbai,Android,QR,0,normal
TXN006649,2026-02-19 12:39:00,USER0487,REC0110,96.26,Travel,Hyderabad,iOS,QR,0,normal
TXN003914,2026-02-19 12:41:00,USER0289,REC0379,1843.19,Travel,Mumbai,iOS,QR,0,normal
TXN009303,2026-02-19 12:59:00,USER0890,REC0335,445.48,Groceries,Hyderabad,Android,App,0,normal
TXN008813,2026-02-19 13:09:00,USER0757,REC0394,151.83,Food,Hyderabad,Android,App,0,normal
TXN009060,2026-02-19 13:38:00,USER0263,REC0077,1728.73,Transfer,Bengaluru,Android,Collect Request,0,normal
TXN008644,2026-02-19 13:47:00,USER0283,REC0345,535.53,Food,Chennai,Android,QR,0,normal
TXN002404,2026-02-19 13:57:00,USER0499,REC0061,416.72,Shopping,Bengaluru,Android,QR,0,normal
TXN008652,2026-02-19 14:04:00,USER0531,REC0318,1135.17,Bills,Delhi,Android,Collect Request,0,normal
TXN004449,2026-02-19 14:17:00,USER0512,REC0302,1355.75,Travel,Hyderabad,Android,QR,0,normal
TXN001497,2026-02-19 14:30:00,USER0411,REC0389,336.74,Shopping,Mumbai,Android,App,0,normal
TXN004353,2026-02-19 14:37:00,USER0361,REC0204,251.79,Transfer,Pune,iOS,Collect Request,0,normal
TXN009561,2026-02-19 14:47:00,USER0407,REC0421,123.31,Shopping,Chennai,Android,Collect Request,0,normal
TXN009489,2026-02-19 14:54:00,USER0746,REC0310,456.58,Transfer,Hyderabad,Android,App,0,normal
TXN007829,2026-02-19 15:22:00,USER0784,REC0470,192.82,Bills,Bengaluru,Android,App,0,normal
TXN009231,2026-02-19 15:37:00,USER0153,REC0184,1272.26,Shopping,Bengaluru,Android,App,0,normal
TXN009719,2026-02-19 15:44:00,USER0168,REC0333,477.0,Shopping,Bengaluru,Android,App,0,normal
TXN003146,2026-02-19 16:40:00,USER0646,REC0162,2041.28,Bills,Mumbai,Android,App,0,normal
TXN002252,2026-02-19 16:43:00,USER0318,REC0158,1104.8,Transfer,Mumbai,iOS,QR,0,normal
TXN005469,2026-02-19 16:48:00,USER0071,REC0020,356.16,Food,Chennai,Android,QR,0,normal
TXN004994,2026-02-19 16:52:00,USER0333,REC0228,215.67,Bills,Chennai,iOS,QR,0,normal
TXN006946,2026-02-19 17:02:00,USER0417,REC0026,2365.16,Transfer,Mumbai,Android,App,0,normal
TXN008386,2026-02-19 17:05:00,USER0521,REC0361,985.17,Bills,Delhi,iOS,QR,0,normal
TXN009640,2026-02-19 17:09:00,USER0885,REC0178,320.54,Bills,Pune,Android,QR,0,normal
TXN001997,2026-02-19 17:41:00,USER0064,REC0001,376.0,Food,Delhi,Android,QR,0,normal
TXN001840,2026-02-19 18:15:00,USER0293,REC0001,3925.29,Groceries,Hyderabad,iOS,App,0,normal
TXN000762,2026-02-19 18:27:00,USER0220,REC0341,1527.13,Groceries,Delhi,Android,App,0,normal
TXN006504,2026-02-19 18:30:00,USER0139,REC0007,221.4,Bills,Bengaluru,Android,QR,0,normal
TXN000655,2026-02-19 18:33:00,USER0254,REC0195,637.12,Transfer,Bengaluru,iOS,App,0,normal
TXN001222,2026-02-19 18:42:00,USER0048,REC0103,223.59,Transfer,Bengaluru,iOS,Collect Request,0,normal
TXN002335,2026-02-19 18:49:00,USER0736,REC0018,899.27,Groceries,Bengaluru,iOS,App,0,normal
TXN007104,2026-02-19 18:54:00,USER0650,REC0394,196.69,Groceries,Mumbai,Android,App,0,normal
TXN001625,2026-02-19 19:15:00,USER0645,REC0362,1288.35,Transfer,Pune,iOS,App,0,normal
TXN006386,2026-02-19 19:24:00,USER0114,REC0092,537.52,Groceries,Chennai,Android,Collect Request,0,normal
TXN004197,2026-02-19 19:25:00,USER0079,REC0069,203.33,Bills,Chennai,Android,QR,0,normal
TXN008614,2026-02-19 19:35:00,USER0844,REC0134,181.54,Bills,Hyderabad,Android,App,0,normal
TXN001664,2026-02-19 19:38:00,USER0299,REC0022,175.69,Shopping,Hyderabad,Android,App,0,normal
TXN009138,2026-02-19 20:07:00,USER0076,REC0135,496.16,Bills,Pune,iOS,App,0,normal
TXN009975,2026-02-19 20:29:00,USER0509,REC0052,856.63,Groceries,Hyderabad,Android,QR,0,normal
TXN003786,2026-02-19 20:35:00,USER0064,REC0300,218.08,Bills,Mumbai,iOS,QR,0,normal
TXN000308,2026-02-19 20:43:00,USER0218,REC0171,271.22,Groceries,Bengaluru,iOS,QR,0,normal
TXN003598,2026-02-19 21:15:00,USER0556,REC0084,222.36,Groceries,Mumbai,Android,QR,0,normal
TXN002586,2026-02-19 21:30:00,USER0908,REC0082,1487.25,Bills,Chennai,Android,App,0,normal
TXN001938,2026-02-19 21:32:00,USER0621,REC0302,745.79,Food,Chennai,Android,Collect Request,0,normal
TXN009752,2026-02-19 21:32:00,USER0358,REC0350,209.58,Shopping,Delhi,Android,App,0,normal
TXN009891,2026-02-19 21:44:00,USER0200,REC0047,824.28,Transfer,Pune,Android,App,0,normal
TXN000034,2026-02-19 21:54:00,USER0507,REC0318,273.69,Shopping,Pune,iOS,App,0,normal
TXN005843,2026-02-19 22:03:00,USER0675,REC0061,140.71,Travel,Mumbai,Android,App,0,normal
TXN008898,2026-02-19 22:11:00,USER0248,REC0311,443.15,Groceries,Hyderabad,Android,QR,0,normal
TXN005555,2026-02-19 22:11:00,USER0428,REC0172,210.45,Transfer,Pune,Android,QR,0,normal
TXN007731,2026-02-19 22:19:00,USER0507,REC0303,1061.76,Food,Mumbai,iOS,QR,0,normal
TXN001365,2026-02-19 22:23:00,USER0864,REC0260,516.01,Shopping,Hyderabad,Android,App,0,normal
TXN004923,2026-02-19 22:26:00,USER0174,REC0383,457.68,Food,Pune,Android,QR,0,normal
TXN000330,2026-02-19 22:28:00,USER0649,REC0054,388.59,Food,Bengaluru,Android,QR,0,normal
TXN000755,2026-02-19 22:49:00,USER0736,REC0186,874.27,Food,Hyderabad,Android,App,0,normal
TXN006394,2026-02-19 22:49:00,USER0625,REC0436,313.3,Groceries,Hyderabad,Android,QR,0,normal
TXN006551,2026-02-19 22:54:00,USER0662,REC0434,199.15,Shopping,Chennai,iOS,QR,0,normal
TXN000456,2026-02-19 23:13:00,USER0005,REC0038,634.68,Shopping,Chennai,Android,App,0,normal
TXN004800,2026-02-19 23:21:00,USER0770,REC0297,2047.22,Shopping,Mumbai,Android,App,0,normal
TXN008537,2026-02-19 23:33:00,USER0490,REC0169,896.79,Shopping,Bengaluru,Android,App,0,normal
TXN001258,2026-02-19 23:47:00,USER0059,REC0428,473.32,Groceries,Pune,Android,QR,0,normal
TXN008352,2026-02-20 00:00:00,USER0998,REC0245,636.94,Shopping,Mumbai,Android,App,0,normal
TXN004677,2026-02-20 00:05:00,USER0031,REC0358,1676.42,Shopping,Hyderabad,Android,App,0,normal
TXN000113,2026-02-20 00:11:00,USER0057,REC0330,339.1,Bills,Delhi,Android,QR,0,normal
TXN004163,2026-02-20 00:17:00,USER0254,REC0135,330.02,Food,Mumbai,Android,App,1,late_night_payment
TXN002031,2026-02-20 00:30:00,USER0719,REC0118,728.07,Groceries,Chennai,Android,QR,0,normal
TXN004814,2026-02-20 00:41:00,USER0960,REC0264,517.4,Shopping,Bengaluru,Android,Collect Request,0,normal
TXN001084,2026-02-20 00:53:00,USER0550,REC0237,273.48,Transfer,Chennai,iOS,App,0,normal
TXN001129,2026-02-20 01:20:00,USER0925,REC0339,451.32,Transfer,Bengaluru,Android,Collect Request,0,normal
TXN004554,2026-02-20 01:22:00,USER0393,REC0472,322.57,Food,Pune,Android,QR,0,normal
TXN006492,2026-02-20 01:25:00,USER0168,REC0461,1683.4,Food,Bengaluru,Android,App,0,normal
TXN002688,2026-02-20 01:53:00,USER0452,REC0098,777.27,Shopping,Delhi,Android,App,1,late_night_payment
TXN005440,2026-02-20 02:00:00,USER0438,REC0117,204.56,Bills,Delhi,Android,QR,0,normal
TXN009237,2026-02-20 02:07:00,USER0142,REC0275,668.17,Food,Mumbai,Android,App,0,normal
TXN008458,2026-02-20 02:23:00,USER0782,REC0388,616.41,Bills,Pune,iOS,App,0,normal
TXN008355,2026-02-20 02:32:00,USER0046,REC0363,1037.94,Groceries,Pune,iOS,QR,0,normal
TXN006768,2026-02-20 02:45:00,USER0313,REC0013,737.9,Shopping,Pune,iOS,App,0,normal
TXN003176,2026-02-20 03:07:00,USER0967,REC0109,245.89,Bills,Chennai,Android,App,0,normal
TXN000158,2026-02-20 03:11:00,USER0350,REC0360,92.76,Shopping,Hyderabad,iOS,App,0,normal
TXN008701,2026-02-20 03:16:00,USER0064,REC0134,302.47,Transfer,Pune,Android,QR,0,normal
TXN005736,2026-02-20 03:32:00,USER0185,REC0341,1802.25,Transfer,Bengaluru,Android,QR,1,late_night_payment
TXN003661,2026-02-20 03:57:00,USER0751,REC0023,1043.04,Food,Bengaluru,iOS,Collect Request,0,normal
TXN007647,2026-02-20 04:07:00,USER0753,REC0018,439.14,Transfer,Mumbai,Android,QR,0,normal
TXN005144,2026-02-20 04:22:00,USER0950,REC0457,2850.68,Food,Pune,iOS,App,0,normal
TXN006864,2026-02-20 04:24:00,USER0026,REC0218,452.34,Shopping,Delhi,Android,QR,0,normal
TXN009052,2026-02-20 05:02:00,USER0574,REC0314,528.25,Groceries,Pune,Android,QR,0,normal
TXN008471,2026-02-20 05:12:00,USER0245,REC0235,473.65,Groceries,Bengaluru,Android,QR,0,normal
TXN009599,2026-02-20 05:16:00,USER0179,REC0495,785.28,Bills,Mumbai,Android,App,0,normal
TXN005237,2026-02-20 05:18:00,USER0183,REC0191,621.92,Bills,Mumbai,iOS,QR,0,normal
TXN001003,2026-02-20 05:57:00,USER0636,REC0354,325.69,Groceries,Pune,Android,App,0,normal
TXN004371,2026-02-20 06:01:00,USER0038,REC0495,1604.32,Transfer,Bengaluru,Android,QR,0,normal
TXN005419,2026-02-20 06:11:00,USER0340,REC0122,171.35,Transfer,Hyderabad,iOS,App,0,normal
TXN005632,2026-02-20 06:44:00,USER0319,REC0186,1181.58,Transfer,Pune,Android,App,0,normal
TXN001975,2026-02-20 07:45:00,USER0404,REC0219,98.54,Bills,Chennai,iOS,App,0,normal
TXN000134,2026-02-20 07:53:00,USER0624,REC0199,358.65,Groceries,Pune,Android,App,0,normal
TXN006904,2026-02-20 07:57:00,USER0091,REC0316,1097.43,Travel,Pune,Android,QR,0,normal
TXN003843,2026-02-20 08:36:00,USER0165,REC0494,613.35,Food,Mumbai,iOS,QR,0,normal
TXN003611,2026-02-20 08:39:00,USER0275,REC0159,1404.28,Transfer,Mumbai,Android,QR,0,normal
TXN005409,2026-02-20 08:39:00,USER0032,REC0210,905.49,Groceries,Mumbai,Android,App,0,normal
TXN008206,2026-02-20 09:00:00,USER0481,REC0454,524.64,Food,Pune,Android,App,0,normal
TXN008429,2026-02-20 09:24:00,USER0113,REC0312,268.57,Travel,Delhi,Android,QR,0,normal
TXN007852,2026-02-20 09:43:00,USER0470,REC0257,155.16,Shopping,Chennai,Android,App,0,normal
TXN004615,2026-02-20 10:00:00,USER0812,REC0007,1043.23,Shopping,Pune,Android,QR,0,normal
TXN008257,2026-02-20 10:03:00,USER0395,REC0170,587.52,Shopping,Delhi,Android,QR,0,normal
TXN005254,2026-02-20 10:24:00,USER0948,REC0261,830.68,Bills,Mumbai,iOS,Collect Request,0,normal
TXN001387,2026-02-20 10:36:00,USER0543,REC0354,574.82,Shopping,Hyderabad,Android,App,0,normal
TXN008515,2026-02-20 10:44:00,USER0204,REC0403,683.11,Food,Delhi,iOS,Collect Request,0,normal
TXN006714,2026-02-20 10:53:00,USER0675,REC0107,721.6,Bills,Pune,Android,QR,0,normal
TXN007252,2026-02-20 11:00:00,USER0050,REC0308,1063.64,Shopping,Bengaluru,Android,App,0,normal
TXN003760,2026-02-20 11:16:00,USER0109,REC0311,123.62,Bills,Bengaluru,Android,App,0,normal
TXN004787,2026-02-20 12:09:00,USER0229,REC0093,502.21,Groceries,Hyderabad,Android,QR,0,normal
TXN002426,2026-02-20 12:14:00,USER0382,REC0157,237.1,Travel,Mumbai,Android,QR,0,normal
TXN001412,2026-02-20 12:49:00,USER0415,REC0281,445.72,Groceries,Delhi,Android,QR,0,normal
TXN008889,2026-02-20 13:00:00,USER0487,REC0110,250.98,Groceries,Delhi,Android,Collect Request,0,normal
TXN003215,2026-02-20 13:11:00,USER0110,REC0034,290.35,Transfer,Pune,iOS,QR,0,normal
TXN002062,2026-02-20 13:31:00,USER0369,REC0189,395.85,Shopping,Chennai,Android,QR,0,normal
TXN006872,2026-02-20 13:47:00,USER0785,REC0250,778.7,Shopping,Mumbai,iOS,App,0,normal
TXN004530,2026-02-20 13:56:00,USER0563,REC0361,1353.62,Bills,Hyderabad,Android,App,0,normal
TXN006771,2026-02-20 14:01:00,USER0340,REC0133,285.36,Shopping,Bengaluru,Android,App,0,normal
TXN001434,2026-02-20 14:17:00,USER0827,REC0254,1371.99,Groceries,Chennai,Android,Collect Request,0,normal
TXN007590,2026-02-20 14:37:00,USER0560,REC0125,968.3,Food,Mumbai,iOS,App,0,normal
TXN006862,2026-02-20 15:03:00,USER0008,REC0481,699.66,Travel,Chennai,Android,App,0,normal
TXN006275,2026-02-20 15:08:00,USER0083,REC0188,1378.1,Food,Delhi,Android,QR,0,normal
TXN005799,2026-02-20 15:09:00,USER0862,REC0205,1170.46,Food,Hyderabad,iOS,App,0,normal
TXN002634,2026-02-20 15:21:00,USER0532,REC0175,962.98,Bills,Delhi,iOS,QR,0,normal
TXN002604,2026-02-20 15:22:00,USER0500,REC0494,3996.36,Travel,Pune,iOS,QR,0,normal
TXN006675,2026-02-20 15:31:00,USER0370,REC0456,398.66,Travel,Mumbai,Android,App,0,normal
TXN006484,2026-02-20 16:00:00,USER0958,REC0157,295.94,Groceries,Delhi,Android,QR,0,normal
TXN006968,2026-02-20 16:02:00,USER0551,REC0075,253.37,Food,Mumbai,Android,Collect Request,0,normal
TXN002883,2026-02-20 16:04:00,USER0700,REC0030,502.93,Food,Mumbai,Android,App,0,normal
TXN005990,2026-02-20 16:06:00,USER0056,REC0402,350.96,Transfer,Delhi,iOS,QR,0,normal
TXN005331,2026-02-20 16:07:00,USER0606,REC0357,178.75,Bills,Delhi,iOS,App,0,normal
TXN005866,2026-02-20 16:22:00,USER0071,REC0237,1134.59,Bills,Hyderabad,Android,App,0,normal
TXN003033,2026-02-20 16:34:00,USER0637,REC0249,2176.11,Bills,Bengaluru,Android,App,0,normal
TXN005044,2026-02-20 16:45:00,USER0352,REC0276,588.38,Transfer,Pune,Android,App,0,normal
TXN009131,2026-02-20 17:12:00,USER0995,REC0043,645.78,Shopping,Hyderabad,iOS,App,0,normal
TXN003448,2026-02-20 17:12:00,USER0130,REC0154,1694.9,Transfer,Mumbai,Android,QR,0,normal
TXN007457,2026-02-20 17:15:00,USER0110,REC0387,2008.17,Food,Bengaluru,iOS,App,0,normal
TXN007734,2026-02-20 17:49:00,USER0091,REC0306,967.77,Transfer,Mumbai,Android,QR,0,normal
TXN004384,2026-02-20 17:56:00,USER0271,REC0069,448.85,Shopping,Pune,iOS,App,0,normal
TXN007626,2026-02-20 18:23:00,USER0587,REC0347,1553.33,Travel,Hyderabad,Android,QR,0,normal
TXN002436,2026-02-20 18:26:00,USER0696,REC0189,281.19,Transfer,Bengaluru,Android,Collect Request,0,normal
TXN006717,2026-02-20 18:44:00,USER0415,REC0220,848.07,Transfer,Pune,Android,QR,0,normal
TXN006960,2026-02-20 18:52:00,USER0811,REC0475,825.68,Food,Mumbai,Android,App,0,normal
TXN003259,2026-02-20 19:02:00,USER0376,REC0186,752.25,Bills,Bengaluru,Android,QR,0,normal
TXN000079,2026-02-20 19:19:00,USER0952,REC0159,86.07,Transfer,Pune,Android,App,0,normal
TXN004195,2026-02-20 19:25:00,USER0285,REC0329,627.09,Travel,Hyderabad,Android,Collect Request,0,normal
TXN006713,2026-02-20 20:13:00,USER0113,REC0170,1916.9,Food,Pune,Android,QR,0,normal
TXN000706,2026-02-20 20:17:00,USER0658,REC0281,277.73,Transfer,Mumbai,Android,QR,0,normal
TXN002656,2026-02-20 20:34:00,USER0580,REC0023,447.48,Transfer,Bengaluru,Android,QR,0,normal
TXN006397,2026-02-20 20:38:00,USER0458,REC0225,419.56,Food,Chennai,Android,QR,0,normal
TXN008030,2026-02-20 20:43:00,USER0975,REC0399,812.4,Food,Bengaluru,Android,QR,0,normal
TXN000126,2026-02-20 20:54:00,USER0303,REC0407,704.43,Transfer,Bengaluru,iOS,Collect Request,0,normal
TXN001029,2026-02-20 21:02:00,USER0357,REC0244,2261.01,Transfer,Chennai,iOS,QR,0,normal
TXN006518,2026-02-20 21:05:00,USER0760,REC0024,599.54,Bills,Bengaluru,Android,QR,0,normal
TXN000131,2026-02-20 21:12:00,USER0284,REC0321,784.63,Groceries,Chennai,Android,App,0,normal
TXN005316,2026-02-20 21:24:00,USER0777,REC0366,1551.59,Shopping,Chennai,Android,App,0,normal
TXN005327,2026-02-20 21:28:00,USER0696,REC0058,714.73,Transfer,Delhi,Android,App,0,normal
TXN009999,2026-02-20 21:29:00,USER0357,REC0371,284.94,Bills,Bengaluru,iOS,QR,0,normal
TXN007137,2026-02-20 21:30:00,USER0828,REC0135,404.79,Food,Delhi,Android,QR,0,normal
TXN000980,2026-02-20 22:04:00,USER0746,REC0319,1485.69,Travel,Bengaluru,Android,Collect Request,0,normal
TXN004352,2026-02-20 22:06:00,USER0006,REC0167,465.23,Groceries,Delhi,Android,QR,0,normal
TXN007667,2026-02-20 22:19:00,USER0573,REC0404,909.08,Transfer,Delhi,Android,App,0,normal
TXN008451,2026-02-20 23:10:00,USER0980,REC0305,1203.86,Groceries,Bengaluru,Android,App,0,normal
TXN007443,2026-02-20 23:26:00,USER0291,REC0015,3349.74,Groceries,Chennai,Android,App,0,normal
TXN002402,2026-02-20 23:28:00,USER0506,REC0368,680.22,Shopping,Mumbai,Android,QR,0,normal
TXN001189,2026-02-20 23:41:00,USER0913,REC0191,572.58,Transfer,Delhi,Android,App,0,normal
TXN009601,2026-02-21 00:02:00,USER0326,REC0173,83.08,Food,Chennai,Android,App,0,normal
TXN008011,2026-02-21 00:14:00,USER0793,REC0422,1077.35,Shopping,Pune,Android,QR,0,normal
TXN009430,2026-02-21 00:34:00,USER0002,REC0330,879.1,Groceries,Hyderabad,Android,App,0,normal
TXN001672,2026-02-21 00:35:00,USER0097,REC0040,394.65,Food,Delhi,Android,Collect Request,0,normal
TXN005519,2026-02-21 00:54:00,USER0455,REC0308,1045.3,Food,Mumbai,Android,App,0,normal
TXN007012,2026-02-21 00:57:00,USER0280,REC0332,1065.45,Groceries,Bengaluru,Android,App,0,normal
TXN007193,2026-02-21 01:13:00,USER0984,REC0499,893.94,Transfer,Hyderabad,Android,QR,0,normal
TXN005509,2026-02-21 01:15:00,USER0923,REC0250,308.25,Groceries,Chennai,Android,QR,0,normal
TXN000437,2026-02-21 01:19:00,USER0336,REC0133,653.42,Food,Chennai,Android,QR,0,normal
TXN008872,2026-02-21 01:29:00,USER0556,REC0387,757.01,Groceries,Hyderabad,Android,App,0,normal
TXN003891,2026-02-21 01:37:00,USER0774,REC0189,623.74,Bills,Mumbai,Android,QR,0,normal
TXN002798,2026-02-21 01:41:00,USER0557,REC0075,458.61,Groceries,Pune,Android,QR,0,normal
TXN008430,2026-02-21 01:54:00,USER0007,REC0163,617.55,Shopping,Bengaluru,Android,QR,0,normal
TXN004678,2026-02-21 02:19:00,USER0133,REC0364,633.19,Shopping,Mumbai,Android,QR,0,normal
TXN007622,2026-02-21 02:21:00,USER0824,REC0046,1125.77,Food,Chennai,Android,App,0,normal
TXN007273,2026-02-21 02:23:00,USER0650,REC0023,501.47,Bills,Mumbai,Android,App,0,normal
TXN005820,2026-02-21 02:28:00,USER0363,REC0012,517.02,Transfer,Pune,Android,QR,0,normal
TXN002647,2026-02-21 02:28:00,USER0279,REC0254,474.96,Groceries,Delhi,Android,App,0,normal
TXN002580,2026-02-21 02:44:00,USER0891,REC0115,751.06,Groceries,Delhi,Android,App,0,normal
TXN003144,2026-02-21 03:14:00,USER0533,REC0497,199.62,Groceries,Chennai,Android,App,0,normal
TXN002857,2026-02-21 03:19:00,USER0130,REC0130,475.15,Transfer,Bengaluru,Android,QR,0,normal
TXN005199,2026-02-21 03:53:00,USER0403,REC0429,467.06,Food,Hyderabad,Android,App,0,normal
TXN008686,2026-02-21 04:03:00,USER0837,REC0217,354.87,Groceries,Pune,iOS,QR,0,normal
TXN002892,2026-02-21 04:06:00,USER0154,REC0013,368.06,Groceries,Bengaluru,iOS,Collect Request,0,normal
TXN000116,2026-02-21 04:28:00,USER0550,REC0195,274.23,Groceries,Delhi,Android,App,0,normal
TXN006549,2026-02-21 04:28:00,USER0896,REC0111,930.26,Groceries,Hyderabad,iOS,Collect Request,0,normal
TXN006399,2026-02-21 04:39:00,USER0940,REC0155,117.97,Shopping,Chennai,iOS,QR,0,normal
TXN003594,2026-02-21 04:40:00,USER0773,REC0245,195.51,Groceries,Pune,Android,QR,0,normal
TXN008855,2026-02-21 04:53:00,USER0243,REC0240,184.55,Bills,Chennai,Android,App,0,normal
TXN001544,2026-02-21 05:29:00,USER0876,REC0152,443.19,Food,Chennai,Android,App,0,normal
TXN005785,2026-02-21 06:25:00,USER0424,REC0097,573.25,Travel,Hyderabad,iOS,QR,0,normal
TXN008903,2026-02-21 06:25:00,USER0330,REC0015,378.11,Groceries,Delhi,iOS,QR,0,normal
TXN009536,2026-02-21 06:26:00,USER0652,REC0247,772.2,Shopping,Pune,Android,App,0,normal
TXN002303,2026-02-21 06:54:00,USER0290,REC0172,1117.88,Groceries,Delhi,Android,Collect Request,0,normal
TXN001728,2026-02-21 07:03:00,USER0735,REC0105,650.2,Groceries,Chennai,iOS,App,0,normal
TXN003684,2026-02-21 07:09:00,USER0991,REC0429,1020.95,Food,Mumbai,Android,QR,0,normal
TXN007004,2026-02-21 08:17:00,USER0778,REC0154,226.79,Shopping,Chennai,Android,QR,0,normal
TXN004767,2026-02-21 08:41:00,USER0206,REC0495,431.39,Groceries,Pune,Android,QR,0,normal
TXN006048,2026-02-21 08:46:00,USER0414,REC0057,138.11,Food,Chennai,Android,App,0,normal
TXN009927,2026-02-21 09:10:00,USER0114,REC0271,244.96,Shopping,Delhi,Android,App,0,normal
TXN002199,2026-02-21 09:18:00,USER0383,REC0460,579.55,Groceries,Mumbai,Android,QR,0,normal
TXN003236,2026-02-21 09:43:00,USER0852,REC0074,403.2,Bills,Hyderabad,Android,QR,0,normal
TXN006273,2026-02-21 09:46:00,USER0303,REC0025,1641.33,Shopping,Chennai,Android,Collect Request,0,normal
TXN005250,2026-02-21 09:49:00,USER0418,REC0470,1662.52,Groceries,Pune,Android,Collect Request,0,normal
TXN000570,2026-02-21 09:51:00,USER0200,REC0100,202.89,Groceries,Hyderabad,Android,QR,0,normal
TXN009291,2026-02-21 10:03:00,USER0768,REC0110,940.13,Food,Hyderabad,Android,App,0,normal
TXN001759,2026-02-21 10:13:00,USER0983,REC0061,922.7,Shopping,Mumbai,iOS,QR,0,normal
TXN005615,2026-02-21 10:20:00,USER0692,REC0111,501.64,Shopping,Pune,Android,QR,0,normal
TXN006991,2026-02-21 10:23:00,USER0629,REC0318,697.21,Groceries,Chennai,iOS,App,0,normal
TXN007356,2026-02-21 10:28:00,USER0673,REC0166,432.98,Groceries,Mumbai,Android,QR,0,normal
TXN004892,2026-02-21 10:35:00,USER0654,REC0082,648.11,Transfer,Hyderabad,Android,QR,0,normal
TXN000288,2026-02-21 10:55:00,USER0930,REC0069,148.17,Transfer,Delhi,Android,App,0,normal
TXN003926,2026-02-21 11:10:00,USER0577,REC0377,244.07,Food,Bengaluru,iOS,App,0,normal
TXN004186,2026-02-21 11:24:00,USER0837,REC0147,606.17,Transfer,Delhi,Android,QR,0,normal
TXN003235,2026-02-21 11:31:00,USER0182,REC0163,1434.72,Food,Delhi,Android,App,0,normal
TXN001455,2026-02-21 11:49:00,USER0997,REC0038,534.45,Shopping,Hyderabad,Android,App,0,normal
TXN004721,2026-02-21 11:52:00,USER0573,REC0106,502.28,Shopping,Hyderabad,iOS,App,0,normal
TXN009812,2026-02-21 11:52:00,USER0709,REC0322,325.71,Groceries,Pune,Android,QR,0,normal
TXN009847,2026-02-21 11:59:00,USER0718,REC0013,195.27,Groceries,Bengaluru,Android,App,0,normal
TXN000922,2026-02-21 12:24:00,USER0686,REC0487,251.89,Food,Delhi,iOS,App,0,normal
TXN000708,2026-02-21 12:26:00,USER0651,REC0372,279.46,Bills,Pune,Android,QR,0,normal
TXN000978,2026-02-21 12:30:00,USER0413,REC0497,275.16,Food,Chennai,Android,App,0,normal
TXN001631,2026-02-21 13:00:00,USER0604,REC0314,389.64,Shopping,Pune,Android,App,0,normal
TXN007943,2026-02-21 13:35:00,USER0857,REC0053,242.54,Groceries,Pune,Android,QR,0,normal
TXN009941,2026-02-21 14:24:00,USER0869,REC0102,157.72,Travel,Mumbai,Android,App,0,normal
TXN004977,2026-02-21 14:43:00,USER0469,REC0435,986.86,Transfer,Bengaluru,Android,App,0,normal
TXN007466,2026-02-21 14:48:00,USER0379,REC0218,2006.67,Groceries,Pune,iOS,App,0,normal
TXN004658,2026-02-21 15:03:00,USER0277,REC0112,325.04,Bills,Chennai,iOS,QR,0,normal
TXN005938,2026-02-21 15:30:00,USER0088,REC0029,734.52,Groceries,Chennai,Android,QR,0,normal
TXN008156,2026-02-21 15:48:00,USER0689,REC0178,1105.69,Food,Chennai,Android,App,0,normal
TXN007406,2026-02-21 15:57:00,USER0211,REC0048,1971.05,Shopping,Pune,Android,Collect Request,0,normal
TXN002737,2026-02-21 16:20:00,USER0384,REC0231,135.9,Food,Hyderabad,iOS,App,0,normal
TXN009318,2026-02-21 16:28:00,USER0932,REC0175,935.12,Bills,Mumbai,Android,App,0,normal
TXN001897,2026-02-21 16:30:00,USER0532,REC0245,206.34,Food,Hyderabad,Android,QR,0,normal
TXN004757,2026-02-21 16:35:00,USER0427,REC0151,181.11,Food,Delhi,Android,Collect Request,0,normal
TXN000129,2026-02-21 17:08:00,USER0211,REC0142,365.6,Groceries,Delhi,Android,App,0,normal
TXN007231,2026-02-21 17:08:00,USER0956,REC0092,484.25,Groceries,Mumbai,Android,QR,0,normal
TXN009755,2026-02-21 17:18:00,USER0674,REC0327,597.61,Bills,Mumbai,iOS,App,0,normal
TXN008185,2026-02-21 17:35:00,USER0384,REC0192,1377.71,Shopping,Delhi,Android,QR,0,normal
TXN005338,2026-02-21 17:36:00,USER0633,REC0209,1135.06,Food,Pune,Android,App,0,normal
TXN001344,2026-02-21 17:43:00,USER0869,REC0398,882.86,Travel,Pune,iOS,App,0,normal
TXN005286,2026-02-21 17:43:00,USER0328,REC0162,286.1,Bills,Chennai,Android,QR,0,normal
TXN003883,2026-02-21 18:22:00,USER0939,REC0322,204.54,Groceries,Delhi,Android,App,0,normal
TXN005480,2026-02-21 18:38:00,USER0441,REC0358,181.99,Groceries,Chennai,iOS,App,0,normal
TXN006379,2026-02-21 19:07:00,USER0417,REC0366,2324.38,Groceries,Bengaluru,Android,QR,0,normal
TXN002247,2026-02-21 19:22:00,USER0177,REC0427,478.18,Travel,Delhi,Android,App,0,normal
TXN003763,2026-02-21 19:30:00,USER0878,REC0405,143.09,Bills,Chennai,iOS,App,0,normal
TXN001765,2026-02-21 19:41:00,USER0495,REC0440,598.53,Bills,Bengaluru,iOS,Collect Request,0,normal
TXN007340,2026-02-21 19:46:00,USER0890,REC0356,619.22,Food,Delhi,iOS,App,0,normal
TXN008870,2026-02-21 19:48:00,USER0772,REC0023,2277.61,Groceries,Chennai,Android,QR,0,normal
TXN009140,2026-02-21 19:53:00,USER0633,REC0493,670.53,Food,Chennai,Android,App,0,normal
TXN002530,2026-02-21 22:01:00,USER0454,REC0031,855.96,Groceries,Delhi,Android,App,0,normal
TXN006079,2026-02-21 22:09:00,USER0214,REC0323,359.58,Transfer,Mumbai,Android,QR,0,normal
TXN005863,2026-02-21 22:59:00,USER0074,REC0199,413.28,Food,Hyderabad,Android,QR,0,normal
TXN002561,2026-02-21 23:11:00,USER0391,REC0378,265.38,Groceries,Pune,iOS,QR,0,normal
TXN000535,2026-02-21 23:13:00,USER0893,REC0117,526.25,Transfer,Pune,Android,Collect Request,0,normal
TXN001627,2026-02-22 00:04:00,USER0508,REC0020,466.06,Food,Bengaluru,Android,QR,0,normal
TXN000930,2026-02-22 00:31:00,USER0056,REC0126,340.7,Groceries,Pune,Android,App,0,normal
TXN007427,2026-02-22 00:34:00,USER0091,REC0258,311.9,Transfer,Delhi,Android,QR,0,normal
TXN007773,2026-02-22 00:48:00,USER0708,REC0284,1034.91,Food,Pune,Android,App,0,normal
TXN004365,2026-02-22 01:03:00,USER0386,REC0328,476.52,Transfer,Delhi,Android,QR,0,normal
TXN005577,2026-02-22 01:18:00,USER0682,REC0332,1341.16,Bills,Mumbai,Android,App,0,normal
TXN007949,2026-02-22 01:25:00,USER0131,REC0443,528.74,Food,Delhi,Android,App,0,normal
TXN003512,2026-02-22 01:47:00,USER0082,REC0336,308.25,Groceries,Pune,Android,App,0,normal
TXN008577,2026-02-22 02:10:00,USER0961,REC0230,107.18,Shopping,Chennai,Android,QR,0,normal
TXN003227,2026-02-22 02:15:00,USER0166,REC0418,941.89,Food,Hyderabad,Android,App,0,normal
TXN006395,2026-02-22 02:20:00,USER0778,REC0236,1748.54,Groceries,Bengaluru,Android,QR,0,normal
TXN002626,2026-02-22 02:35:00,USER0953,REC0281,468.42,Food,Mumbai,Android,App,0,normal
TXN009620,2026-02-22 02:40:00,USER0768,REC0004,1464.83,Groceries,Bengaluru,Android,QR,0,normal
TXN006586,2026-02-22 02:41:00,USER0460,REC0328,321.3,Shopping,Hyderabad,iOS,QR,0,normal
TXN006659,2026-02-22 02:57:00,USER0772,REC0400,583.91,Food,Chennai,iOS,App,0,normal
TXN007468,2026-02-22 02:58:00,USER0481,REC0379,23877.32,Bills,Mumbai,Android,QR,1,unusually_high_amount
TXN000228,2026-02-22 03:06:00,USER0937,REC0431,1013.39,Groceries,Pune,iOS,App,0,normal
TXN009330,2026-02-22 03:11:00,USER0077,REC0008,800.45,Transfer,Mumbai,Android,Collect Request,0,normal
TXN000597,2026-02-22 03:25:00,USER0318,REC0138,688.37,Travel,Bengaluru,Android,App,0,normal
TXN002679,2026-02-22 03:57:00,USER0584,REC0498,315.01,Food,Bengaluru,iOS,QR,0,normal
TXN006213,2026-02-22 04:03:00,USER0762,REC0210,890.86,Groceries,Delhi,Android,App,0,normal
TXN008521,2026-02-22 04:04:00,USER0404,REC0488,363.55,Food,Chennai,Android,QR,0,normal
TXN005592,2026-02-22 04:04:00,USER0736,REC0316,863.35,Travel,Delhi,Android,App,0,normal
TXN002719,2026-02-22 04:15:00,USER0836,REC0394,344.5,Groceries,Mumbai,Android,App,0,normal
TXN004874,2026-02-22 04:25:00,USER0090,REC0049,242.53,Groceries,Pune,iOS,App,1,late_night_payment
TXN007499,2026-02-22 04:39:00,USER0793,REC0350,368.05,Shopping,Chennai,Android,QR,0,normal
TXN009901,2026-02-22 05:05:00,USER0971,REC0091,179.41,Bills,Chennai,iOS,App,0,normal
TXN003542,2026-02-22 05:19:00,USER0349,REC0189,365.53,Shopping,Delhi,Android,QR,0,normal
TXN004662,2026-02-22 05:44:00,USER0212,REC0135,522.18,Transfer,Hyderabad,Android,App,0,normal
TXN003137,2026-02-22 06:12:00,USER0623,REC0081,130.86,Food,Pune,Android,QR,0,normal
TXN000677,2026-02-22 06:30:00,USER0270,REC0020,517.49,Shopping,Hyderabad,Android,QR,0,normal
TXN008310,2026-02-22 06:40:00,USER0471,REC0202,174.78,Groceries,Delhi,Android,App,0,normal
TXN009937,2026-02-22 06:46:00,USER0791,REC0362,160.09,Bills,Mumbai,Android,QR,0,normal
TXN001760,2026-02-22 06:56:00,USER0282,REC0390,1308.15,Transfer,Pune,Android,QR,0,normal
TXN000266,2026-02-22 07:05:00,USER0220,REC0242,271.05,Groceries,Pune,Android,Collect Request,0,normal
TXN000424,2026-02-22 07:12:00,USER0246,REC0209,275.71,Travel,Bengaluru,Android,App,0,normal
TXN002729,2026-02-22 07:24:00,USER0945,REC0236,284.27,Food,Pune,Android,App,0,normal
TXN007966,2026-02-22 07:29:00,USER0639,REC0404,1074.48,Groceries,Mumbai,Android,App,0,normal
TXN003075,2026-02-22 08:13:00,USER0946,REC0179,349.88,Travel,Hyderabad,Android,App,0,normal
TXN007749,2026-02-22 08:17:00,USER0387,REC0176,314.08,Groceries,Mumbai,Android,Collect Request,0,normal
TXN003802,2026-02-22 08:31:00,USER0361,REC0051,319.61,Bills,Delhi,Android,QR,0,normal
TXN003751,2026-02-22 08:46:00,USER0420,REC0255,1060.93,Shopping,Bengaluru,Android,Collect Request,0,normal
TXN005350,2026-02-22 09:07:00,USER0468,REC0154,1002.26,Bills,Delhi,Android,App,0,normal
TXN008780,2026-02-22 09:07:00,USER0013,REC0026,531.55,Bills,Chennai,Android,App,0,normal
TXN009950,2026-02-22 09:28:00,USER0643,REC0045,600.29,Bills,Delhi,Android,App,0,normal
TXN009233,2026-02-22 09:36:00,USER0141,REC0167,283.11,Bills,Delhi,Android,QR,0,normal
TXN006037,2026-02-22 09:42:00,USER0298,REC0319,307.78,Food,Delhi,Android,Collect Request,0,normal
TXN002123,2026-02-22 09:56:00,USER0880,REC0133,209.8,Food,Mumbai,Android,QR,0,normal
TXN003722,2026-02-22 10:04:00,USER0218,REC0476,305.91,Transfer,Mumbai,Android,QR,0,normal
TXN002753,2026-02-22 10:14:00,USER0363,REC0061,205.31,Groceries,Delhi,Android,App,0,normal
TXN009495,2026-02-22 10:18:00,USER0984,REC0189,600.33,Food,Delhi,Android,App,0,normal
TXN003378,2026-02-22 10:30:00,USER0558,REC0299,610.82,Travel,Delhi,Android,QR,0,normal
TXN005368,2026-02-22 10:35:00,USER0851,REC0072,942.4,Bills,Chennai,Android,App,0,normal
TXN008679,2026-02-22 10:42:00,USER0646,REC0462,905.57,Food,Hyderabad,Android,QR,0,normal
TXN005363,2026-02-22 10:57:00,USER0660,REC0443,1062.53,Shopping,Bengaluru,Android,QR,0,normal
TXN001161,2026-02-22 11:06:00,USER0469,REC0112,299.17,Transfer,Chennai,iOS,App,0,normal
TXN004898,2026-02-22 11:13:00,USER0473,REC0406,518.14,Travel,Pune,iOS,App,0,normal
TXN002037,2026-02-22 12:42:00,USER0515,REC0109,277.51,Bills,Pune,Android,QR,0,normal
TXN008916,2026-02-22 13:34:00,USER0179,REC0134,691.61,Food,Bengaluru,Android,QR,0,normal
TXN000242,2026-02-22 13:39:00,USER0623,REC0037,522.9,Groceries,Chennai,Android,App,0,normal
TXN004376,2026-02-22 13:47:00,USER0325,REC0087,257.79,Bills,Delhi,iOS,QR,0,normal
TXN001791,2026-02-22 13:53:00,USER0700,REC0391,1240.9,Food,Hyderabad,Android,App,0,normal
TXN001858,2026-02-22 13:55:00,USER0878,REC0448,618.52,Food,Chennai,Android,Collect Request,0,normal
TXN005247,2026-02-22 14:01:00,USER0678,REC0165,813.52,Groceries,Hyderabad,Android,App,0,normal
TXN009748,2026-02-22 14:27:00,USER0250,REC0289,673.16,Food,Chennai,Android,App,0,normal
TXN004435,2026-02-22 14:28:00,USER0898,REC0249,422.55,Shopping,Bengaluru,Android,App,0,normal
TXN001628,2026-02-22 14:49:00,USER0717,REC0352,662.35,Food,Bengaluru,iOS,QR,0,normal
TXN002548,2026-02-22 15:03:00,USER0026,REC0102,355.93,Groceries,Mumbai,iOS,Collect Request,0,normal
TXN001415,2026-02-22 15:38:00,USER0447,REC0381,540.79,Food,Mumbai,Android,QR,0,normal
TXN006726,2026-02-22 15:55:00,USER0485,REC0151,2498.54,Transfer,Hyderabad,Android,QR,0,normal
TXN004900,2026-02-22 16:00:00,USER0490,REC0225,53.14,Groceries,Bengaluru,Android,App,0,normal
TXN009568,2026-02-22 16:16:00,USER0224,REC0408,948.35,Shopping,Chennai,Android,App,0,normal
TXN005072,2026-02-22 16:54:00,USER0962,REC0477,123.79,Groceries,Hyderabad,iOS,Collect Request,0,normal
TXN002464,2026-02-22 17:15:00,USER0490,REC0497,540.88,Shopping,Bengaluru,Android,App,0,normal
TXN002190,2026-02-22 17:40:00,USER0973,REC0022,90.91,Bills,Chennai,Android,QR,0,normal
TXN007864,2026-02-22 17:59:00,USER0282,REC0277,3683.38,Shopping,Bengaluru,Android,QR,0,normal
TXN008128,2026-02-22 18:03:00,USER0788,REC0191,260.74,Transfer,Pune,Android,Collect Request,0,normal
TXN008707,2026-02-22 18:07:00,USER0682,REC0441,370.62,Travel,Chennai,Android,QR,0,normal
TXN004866,2026-02-22 18:08:00,USER0716,REC0057,299.83,Bills,Bengaluru,iOS,App,0,normal
TXN009837,2026-02-22 18:35:00,USER0353,REC0207,1316.97,Food,Delhi,Android,Collect Request,0,normal
TXN006733,2026-02-22 18:36:00,USER0866,REC0449,525.6,Food,Chennai,Android,QR,0,normal
TXN001118,2026-02-22 18:43:00,USER0671,REC0403,281.39,Transfer,Pune,iOS,App,0,normal
TXN004585,2026-02-22 19:23:00,USER0130,REC0277,20696.54,Food,Hyderabad,iOS,App,1,unusually_high_amount
TXN003673,2026-02-22 20:03:00,USER0262,REC0442,1287.37,Bills,Bengaluru,Android,Collect Request,0,normal
TXN001156,2026-02-22 20:11:00,USER0677,REC0211,641.74,Groceries,Pune,iOS,App,0,normal
TXN000985,2026-02-22 20:14:00,USER0886,REC0143,262.81,Food,Hyderabad,Android,QR,0,normal
TXN005695,2026-02-22 20:45:00,USER0920,REC0219,2130.52,Food,Bengaluru,Android,QR,0,normal
TXN005527,2026-02-22 20:57:00,USER0678,REC0412,2119.09,Food,Bengaluru,Android,QR,0,normal
TXN008559,2026-02-22 21:01:00,USER0983,REC0335,1201.05,Transfer,Bengaluru,Android,App,0,normal
TXN004508,2026-02-22 21:02:00,USER0611,REC0013,622.13,Bills,Pune,Android,App,0,normal
TXN002345,2026-02-22 21:05:00,USER0563,REC0461,2097.22,Food,Delhi,Android,QR,0,normal
TXN004412,2026-02-22 21:17:00,USER0403,REC0317,724.17,Food,Pune,Android,App,0,normal
TXN000260,2026-02-22 21:18:00,USER0977,REC0192,254.11,Groceries,Hyderabad,Android,QR,0,normal
TXN005692,2026-02-22 21:41:00,USER0277,REC0268,2782.58,Travel,Hyderabad,Android,App,0,normal
TXN005856,2026-02-22 22:23:00,USER0441,REC0031,672.04,Food,Bengaluru,Android,App,0,normal
TXN000786,2026-02-22 22:38:00,USER0979,REC0289,353.08,Travel,Chennai,iOS,App,0,normal
TXN006982,2026-02-22 22:39:00,USER0208,REC0095,303.09,Shopping,Chennai,Android,App,0,normal
TXN000966,2026-02-22 22:44:00,USER0351,REC0398,289.73,Bills,Chennai,Android,Collect Request,0,normal
TXN007439,2026-02-22 22:46:00,USER0994,REC0072,116.13,Travel,Bengaluru,iOS,App,0,normal
TXN004463,2026-02-22 23:00:00,USER0096,REC0351,2389.59,Travel,Chennai,Android,QR,0,normal
TXN002235,2026-02-22 23:21:00,USER0667,REC0477,674.71,Groceries,Mumbai,iOS,QR,0,normal
TXN001833,2026-02-22 23:23:00,USER0646,REC0410,193.48,Food,Chennai,Android,App,0,normal
TXN008736,2026-02-22 23:44:00,USER0817,REC0459,835.94,Groceries,Pune,Android,App,0,normal
TXN005263,2026-02-22 23:45:00,USER0571,REC0325,1054.61,Bills,Mumbai,Android,App,0,normal
TXN009481,2026-02-22 23:48:00,USER0290,REC0216,629.76,Groceries,Hyderabad,Android,App,0,normal
TXN002947,2026-02-22 23:54:00,USER0682,REC0006,649.61,Groceries,Pune,Android,QR,0,normal
TXN003667,2026-02-23 00:10:00,USER0793,REC0045,258.82,Bills,Bengaluru,Android,App,0,normal
TXN009022,2026-02-23 00:12:00,USER0592,REC0479,1048.79,Groceries,Hyderabad,iOS,App,0,normal
TXN001423,2026-02-23 00:17:00,USER0890,REC0431,1036.22,Food,Pune,Android,App,0,normal
TXN007270,2026-02-23 00:17:00,USER0108,REC0376,255.06,Shopping,Bengaluru,iOS,App,0,normal
TXN008203,2026-02-23 00:29:00,USER0985,REC0241,210.53,Travel,Mumbai,iOS,QR,0,normal
TXN008596,2026-02-23 00:51:00,USER0935,REC0183,508.47,Groceries,Chennai,iOS,App,0,normal
TXN002560,2026-02-23 00:57:00,USER0060,REC0154,450.8,Groceries,Bengaluru,Android,QR,0,normal
TXN008234,2026-02-23 01:20:00,USER0156,REC0430,217.68,Bills,Chennai,iOS,App,0,normal
TXN008641,2026-02-23 01:25:00,USER0127,REC0094,727.9,Groceries,Chennai,iOS,App,0,normal
TXN007167,2026-02-23 01:26:00,USER0301,REC0112,270.35,Groceries,Bengaluru,Android,QR,0,normal
TXN002065,2026-02-23 01:28:00,USER0260,REC0318,1279.17,Groceries,Bengaluru,Android,App,0,normal
TXN006696,2026-02-23 01:35:00,USER0141,REC0392,616.63,Food,Chennai,iOS,App,0,normal
TXN008217,2026-02-23 01:35:00,USER0314,REC0087,772.36,Groceries,Bengaluru,Android,App,0,normal
TXN000981,2026-02-23 01:46:00,USER0501,REC0489,777.36,Groceries,Bengaluru,Android,QR,0,normal
TXN005852,2026-02-23 01:56:00,USER0194,REC0049,512.79,Groceries,Bengaluru,Android,App,0,normal
TXN006004,2026-02-23 02:02:00,USER0898,REC0353,621.31,Food,Mumbai,Android,Collect Request,1,late_night_payment
TXN003969,2026-02-23 02:02:00,USER0997,REC0217,586.19,Shopping,Bengaluru,Android,Collect Request,0,normal
TXN008588,2026-02-23 02:10:00,USER0083,REC0438,1405.43,Travel,Hyderabad,iOS,App,0,normal
TXN006014,2026-02-23 02:22:00,USER0546,REC0293,326.59,Food,Pune,iOS,Collect Request,0,normal
TXN000698,2026-02-23 02:33:00,USER0667,REC0180,122.02,Shopping,Bengaluru,Android,App,0,normal
TXN001546,2026-02-23 02:49:00,USER0243,REC0212,484.32,Shopping,Bengaluru,Android,QR,0,normal
TXN006428,2026-02-23 02:51:00,USER0608,REC0195,1721.41,Groceries,Chennai,Android,App,0,normal
TXN009159,2026-02-23 03:04:00,USER0610,REC0496,689.9,Food,Delhi,Android,QR,0,normal
TXN001318,2026-02-23 03:05:00,USER0134,REC0229,27533.01,Shopping,Pune,Android,App,1,unusually_high_amount
TXN009436,2026-02-23 03:11:00,USER0087,REC0371,441.7,Transfer,Bengaluru,iOS,App,0,normal
TXN008750,2026-02-23 03:33:00,USER0574,REC0085,1355.74,Food,Pune,Android,QR,0,normal
TXN001396,2026-02-23 04:00:00,USER0901,REC0303,441.87,Travel,Bengaluru,Android,QR,0,normal
TXN004547,2026-02-23 04:12:00,USER0900,REC0078,464.18,Transfer,Hyderabad,Android,QR,0,normal
TXN000270,2026-02-23 04:22:00,USER0875,REC0279,314.53,Groceries,Hyderabad,Android,QR,0,normal
TXN004457,2026-02-23 04:41:00,USER0854,REC0182,504.71,Transfer,Bengaluru,Android,App,0,normal
TXN008194,2026-02-23 04:43:00,USER0462,REC0397,420.81,Transfer,Pune,iOS,QR,0,normal
TXN000548,2026-02-23 04:52:00,USER0860,REC0178,1470.7,Bills,Bengaluru,iOS,Collect Request,0,normal
TXN009029,2026-02-23 04:58:00,USER0467,REC0496,292.82,Bills,Chennai,Android,App,0,normal
TXN005531,2026-02-23 05:12:00,USER0294,REC0280,952.48,Groceries,Mumbai,iOS,QR,0,normal
TXN004938,2026-02-23 05:20:00,USER0782,REC0124,230.72,Groceries,Chennai,Android,Collect Request,0,normal
TXN009693,2026-02-23 05:31:00,USER0984,REC0389,169.54,Shopping,Hyderabad,iOS,Collect Request,0,normal
TXN000915,2026-02-23 06:38:00,USER0019,REC0205,881.93,Food,Bengaluru,iOS,QR,0,normal
TXN004782,2026-02-23 07:00:00,USER0261,REC0179,839.99,Transfer,Delhi,Android,App,0,normal
TXN005928,2026-02-23 07:06:00,USER0711,REC0385,525.78,Groceries,Hyderabad,iOS,App,0,normal
TXN007076,2026-02-23 07:06:00,USER0949,REC0452,262.91,Groceries,Delhi,iOS,App,0,normal
TXN008850,2026-02-23 07:10:00,USER0605,REC0108,547.27,Transfer,Delhi,Android,QR,0,normal
TXN004928,2026-02-23 07:18:00,USER0907,REC0040,1964.38,Food,Pune,Android,QR,0,normal
TXN007395,2026-02-23 08:01:00,USER0467,REC0333,213.58,Transfer,Mumbai,Android,App,0,normal
TXN006045,2026-02-23 08:07:00,USER0277,REC0416,1300.39,Shopping,Mumbai,Android,QR,0,normal
TXN005815,2026-02-23 08:45:00,USER0954,REC0315,690.82,Food,Mumbai,iOS,QR,0,normal
TXN002966,2026-02-23 08:47:00,USER0869,REC0062,634.17,Groceries,Pune,iOS,QR,0,normal
TXN003955,2026-02-23 09:08:00,USER0872,REC0491,612.3,Transfer,Mumbai,Android,QR,0,normal
TXN007912,2026-02-23 09:36:00,USER0373,REC0315,382.18,Food,Delhi,iOS,App,0,normal
TXN005471,2026-02-23 09:43:00,USER0531,REC0459,752.26,Bills,Bengaluru,Android,QR,0,normal
TXN004936,2026-02-23 09:51:00,USER0181,REC0059,414.9,Travel,Mumbai,Android,QR,0,normal
TXN004060,2026-02-23 09:59:00,USER0900,REC0256,738.37,Groceries,Pune,Android,App,0,normal
TXN009662,2026-02-23 10:12:00,USER0795,REC0213,1333.15,Travel,Delhi,Android,Collect Request,0,normal
TXN008933,2026-02-23 10:20:00,USER0996,REC0244,538.33,Travel,Chennai,Android,QR,0,normal
TXN000688,2026-02-23 10:21:00,USER0583,REC0477,1291.98,Bills,Chennai,iOS,App,0,normal
TXN001608,2026-02-23 10:40:00,USER0565,REC0031,418.54,Groceries,Delhi,Android,App,0,normal
TXN003825,2026-02-23 11:01:00,USER0573,REC0172,683.45,Groceries,Mumbai,Android,App,0,normal
TXN002676,2026-02-23 11:37:00,USER0337,REC0240,164.38,Groceries,Bengaluru,iOS,QR,0,normal
TXN005862,2026-02-23 11:40:00,USER0297,REC0276,1894.95,Food,Pune,iOS,App,0,normal
TXN000520,2026-02-23 11:58:00,USER0195,REC0458,649.16,Groceries,Delhi,Android,App,0,normal
TXN001644,2026-02-23 12:15:00,USER0846,REC0053,419.39,Groceries,Pune,Android,QR,0,normal
TXN007373,2026-02-23 12:22:00,USER0406,REC0494,134.28,Groceries,Delhi,iOS,QR,0,normal
TXN009616,2026-02-23 12:33:00,USER0057,REC0003,563.44,Groceries,Mumbai,Android,QR,0,normal
TXN006879,2026-02-23 12:36:00,USER0187,REC0339,1896.28,Shopping,Chennai,iOS,Collect Request,0,normal
TXN006544,2026-02-23 12:41:00,USER0157,REC0312,924.39,Food,Delhi,Android,App,0,normal
TXN006283,2026-02-23 13:29:00,USER0299,REC0412,239.12,Bills,Delhi,Android,QR,0,normal
TXN009894,2026-02-23 13:35:00,USER0819,REC0007,226.83,Bills,Hyderabad,iOS,QR,0,normal
TXN004790,2026-02-23 13:36:00,USER0856,REC0036,597.96,Transfer,Hyderabad,Android,QR,0,normal
TXN009886,2026-02-23 13:39:00,USER0787,REC0325,1715.59,Food,Hyderabad,Android,App,0,normal
TXN001350,2026-02-23 13:39:00,USER0516,REC0475,155.55,Groceries,Delhi,iOS,QR,0,normal
TXN006227,2026-02-23 14:00:00,USER0166,REC0499,464.6,Transfer,Bengaluru,Android,App,0,normal
TXN009990,2026-02-23 14:16:00,USER0356,REC0386,137.86,Shopping,Bengaluru,Android,App,0,normal
TXN008812,2026-02-23 14:22:00,USER0611,REC0441,237.41,Groceries,Delhi,Android,App,0,normal
TXN008245,2026-02-23 14:30:00,USER0788,REC0133,874.29,Food,Chennai,Android,App,0,normal
TXN001654,2026-02-23 14:44:00,USER0687,REC0346,795.2,Shopping,Bengaluru,iOS,QR,0,normal
TXN007047,2026-02-23 14:48:00,USER0492,REC0274,298.58,Transfer,Chennai,Android,App,0,normal
TXN007963,2026-02-23 14:50:00,USER0857,REC0078,504.09,Travel,Chennai,Android,App,0,normal
TXN005608,2026-02-23 15:03:00,USER0484,REC0074,2075.52,Transfer,Mumbai,iOS,App,0,normal
TXN000468,2026-02-23 15:27:00,USER0406,REC0138,538.71,Food,Mumbai,Android,QR,0,normal
TXN006880,2026-02-23 15:52:00,USER0173,REC0060,1706.45,Transfer,Mumbai,Android,Collect Request,0,normal
TXN006728,2026-02-23 16:17:00,USER0373,REC0485,211.29,Food,Delhi,iOS,QR,0,normal
TXN004802,2026-02-23 16:19:00,USER0538,REC0336,465.24,Bills,Delhi,Android,QR,0,normal
TXN005636,2026-02-23 16:55:00,USER0660,REC0423,268.68,Shopping,Chennai,Android,Collect Request,0,normal
TXN009764,2026-02-23 17:10:00,USER0123,REC0383,155.95,Travel,Chennai,Android,App,0,normal
TXN000455,2026-02-23 17:22:00,USER0054,REC0304,221.57,Shopping,Mumbai,Android,App,0,normal
TXN008807,2026-02-23 17:41:00,USER0652,REC0175,486.23,Food,Pune,Android,App,0,normal
TXN008731,2026-02-23 18:09:00,USER0036,REC0254,137.12,Travel,Pune,Android,App,0,normal
TXN003415,2026-02-23 18:20:00,USER0435,REC0300,477.43,Transfer,Pune,iOS,QR,0,normal
TXN002614,2026-02-23 18:22:00,USER0694,REC0130,242.27,Food,Pune,Android,QR,0,normal
TXN000665,2026-02-23 18:28:00,USER0283,REC0349,822.51,Groceries,Mumbai,Android,Collect Request,0,normal
TXN001505,2026-02-23 18:31:00,USER0293,REC0500,391.07,Groceries,Mumbai,Android,QR,0,normal
TXN006122,2026-02-23 19:12:00,USER0647,REC0153,886.66,Shopping,Chennai,Android,App,0,normal
TXN004390,2026-02-23 19:22:00,USER0796,REC0125,1791.85,Groceries,Hyderabad,Android,QR,0,normal
TXN002973,2026-02-23 19:25:00,USER0909,REC0039,785.89,Groceries,Hyderabad,Android,QR,0,normal
TXN003019,2026-02-23 19:36:00,USER0889,REC0301,1121.29,Transfer,Delhi,iOS,QR,0,normal
TXN007151,2026-02-23 19:56:00,USER0206,REC0435,2108.81,Transfer,Bengaluru,Android,QR,0,normal
TXN002445,2026-02-23 19:59:00,USER0276,REC0418,603.62,Groceries,Bengaluru,Android,QR,0,normal
TXN004618,2026-02-23 20:02:00,USER0127,REC0328,1586.62,Groceries,Hyderabad,Android,App,0,normal
TXN004541,2026-02-23 20:03:00,USER0267,REC0365,704.38,Shopping,Mumbai,Android,Collect Request,0,normal
TXN009761,2026-02-23 20:10:00,USER0942,REC0134,736.81,Bills,Delhi,iOS,QR,0,normal
TXN001188,2026-02-23 20:42:00,USER0010,REC0215,366.29,Shopping,Delhi,Android,Collect Request,0,normal
TXN006304,2026-02-23 20:49:00,USER0521,REC0389,150.68,Food,Delhi,Android,QR,0,normal
TXN000531,2026-02-23 20:53:00,USER0257,REC0396,2405.87,Food,Mumbai,Android,App,0,normal
TXN007266,2026-02-23 21:32:00,USER0006,REC0472,765.15,Groceries,Hyderabad,Android,QR,0,normal
TXN005013,2026-02-23 21:36:00,USER0363,REC0310,1497.54,Bills,Delhi,iOS,App,0,normal
TXN003007,2026-02-23 21:59:00,USER0534,REC0399,252.61,Shopping,Hyderabad,iOS,App,0,normal
TXN000394,2026-02-23 22:40:00,USER0444,REC0050,121.81,Shopping,Chennai,iOS,App,0,normal
TXN003838,2026-02-23 22:45:00,USER0281,REC0492,1070.19,Groceries,Mumbai,Android,QR,0,normal
TXN004265,2026-02-23 22:54:00,USER0937,REC0244,557.82,Groceries,Chennai,Android,App,0,normal
TXN000720,2026-02-23 23:07:00,USER0820,REC0355,110.27,Food,Chennai,iOS,App,0,normal
TXN006618,2026-02-23 23:10:00,USER0371,REC0076,1102.12,Bills,Chennai,Android,App,0,normal
TXN002024,2026-02-23 23:20:00,USER0704,REC0427,211.12,Food,Bengaluru,Android,QR,0,normal
TXN009733,2026-02-23 23:56:00,USER0576,REC0287,1606.24,Shopping,Hyderabad,Android,QR,0,normal
TXN007384,2026-02-24 00:35:00,USER0327,REC0345,720.76,Food,Pune,Android,App,0,normal
TXN003423,2026-02-24 01:23:00,USER0619,REC0452,855.36,Transfer,Bengaluru,Android,QR,0,normal
TXN001580,2026-02-24 01:35:00,USER0464,REC0088,515.43,Bills,Bengaluru,Android,Collect Request,0,normal
TXN001048,2026-02-24 01:48:00,USER0674,REC0241,454.14,Travel,Delhi,Android,QR,0,normal
TXN003303,2026-02-24 02:56:00,USER0582,REC0375,1141.02,Bills,Pune,Android,App,0,normal
TXN004078,2026-02-24 02:57:00,USER0888,REC0362,1977.37,Food,Delhi,Android,App,0,normal
TXN002414,2026-02-24 03:21:00,USER0396,REC0255,535.28,Groceries,Chennai,iOS,App,0,normal
TXN000967,2026-02-24 03:23:00,USER0934,REC0423,323.49,Bills,Hyderabad,Android,QR,0,normal
TXN001764,2026-02-24 03:50:00,USER0224,REC0429,283.69,Shopping,Bengaluru,iOS,Collect Request,0,normal
TXN008057,2026-02-24 03:52:00,USER0930,REC0260,1232.91,Food,Delhi,Android,App,0,normal
TXN003648,2026-02-24 04:18:00,USER0034,REC0328,300.2,Food,Mumbai,Android,App,0,normal
TXN005171,2026-02-24 04:18:00,USER0964,REC0045,532.73,Shopping,Bengaluru,Android,App,0,normal
TXN004756,2026-02-24 04:34:00,USER0958,REC0434,501.61,Groceries,Pune,Android,App,0,normal
TXN008145,2026-02-24 04:43:00,USER0679,REC0377,358.79,Transfer,Chennai,Android,App,0,normal
TXN005551,2026-02-24 04:55:00,USER0880,REC0385,299.95,Groceries,Delhi,Android,QR,0,normal
TXN004310,2026-02-24 05:12:00,USER0809,REC0353,754.02,Transfer,Bengaluru,iOS,App,0,normal
TXN006058,2026-02-24 05:13:00,USER0963,REC0123,264.88,Bills,Mumbai,iOS,App,0,normal
TXN003347,2026-02-24 05:28:00,USER0481,REC0205,304.59,Shopping,Hyderabad,iOS,App,0,normal
TXN007230,2026-02-24 05:31:00,USER0116,REC0436,195.58,Groceries,Mumbai,Android,App,0,normal
TXN009973,2026-02-24 05:34:00,USER0618,REC0357,201.41,Shopping,Pune,Android,Collect Request,0,normal
TXN009766,2026-02-24 05:45:00,USER0647,REC0043,464.78,Food,Chennai,Android,App,0,normal
TXN007023,2026-02-24 05:46:00,USER0283,REC0387,850.39,Bills,Mumbai,Android,App,0,normal
TXN000137,2026-02-24 06:07:00,USER0387,REC0084,1242.66,Shopping,Hyderabad,iOS,App,0,normal
TXN008499,2026-02-24 06:08:00,USER0171,REC0021,475.09,Shopping,Hyderabad,Android,App,0,normal
TXN000494,2026-02-24 06:42:00,USER0510,REC0024,1244.29,Groceries,Hyderabad,Android,App,0,normal
TXN008454,2026-02-24 06:55:00,USER0998,REC0008,580.66,Groceries,Delhi,iOS,App,0,normal
TXN001873,2026-02-24 07:16:00,USER0021,REC0490,297.38,Bills,Hyderabad,iOS,QR,0,normal
TXN003876,2026-02-24 07:21:00,USER0564,REC0500,127.96,Travel,Chennai,Android,QR,0,normal
TXN001568,2026-02-24 07:23:00,USER0867,REC0125,545.92,Food,Delhi,Android,QR,0,normal
TXN001525,2026-02-24 07:45:00,USER0344,REC0193,234.9,Shopping,Chennai,iOS,App,0,normal
TXN005849,2026-02-24 08:14:00,USER0078,REC0361,553.05,Groceries,Hyderabad,Android,App,0,normal
TXN007710,2026-02-24 08:20:00,USER0548,REC0093,298.98,Shopping,Hyderabad,Android,App,0,normal
TXN005130,2026-02-24 08:31:00,USER0296,REC0176,1519.75,Food,Mumbai,Android,App,0,normal
TXN006340,2026-02-24 08:55:00,USER0393,REC0115,772.09,Transfer,Hyderabad,Android,App,0,normal
TXN000625,2026-02-24 09:01:00,USER0973,REC0313,554.56,Travel,Pune,iOS,QR,0,normal
TXN007123,2026-02-24 09:02:00,USER0437,REC0321,446.3,Shopping,Mumbai,iOS,App,0,normal
TXN004259,2026-02-24 09:14:00,USER0435,REC0321,1834.35,Groceries,Delhi,Android,QR,0,normal
TXN006650,2026-02-24 09:18:00,USER0867,REC0330,1002.77,Food,Hyderabad,Android,QR,0,normal
TXN005981,2026-02-24 09:42:00,USER0186,REC0374,495.49,Transfer,Hyderabad,Android,QR,0,normal
TXN008905,2026-02-24 10:05:00,USER0607,REC0218,620.13,Groceries,Hyderabad,Android,App,0,normal
TXN008580,2026-02-24 10:15:00,USER0080,REC0187,485.86,Transfer,Pune,Android,QR,0,normal
TXN002213,2026-02-24 10:36:00,USER0237,REC0081,1787.66,Food,Hyderabad,Android,App,0,normal
TXN004233,2026-02-24 11:05:00,USER0587,REC0056,687.07,Food,Delhi,iOS,App,0,normal
TXN009458,2026-02-24 11:10:00,USER0608,REC0475,363.6,Food,Hyderabad,iOS,QR,0,normal
TXN003449,2026-02-24 11:44:00,USER0325,REC0209,2181.6,Shopping,Mumbai,Android,App,0,normal
TXN000850,2026-02-24 12:47:00,USER0933,REC0309,1654.99,Travel,Bengaluru,Android,App,0,normal
TXN007377,2026-02-24 12:49:00,USER0167,REC0163,363.43,Groceries,Bengaluru,Android,App,0,normal
TXN000490,2026-02-24 12:59:00,USER0461,REC0157,741.98,Shopping,Mumbai,Android,QR,0,normal
TXN004914,2026-02-24 13:23:00,USER0732,REC0114,414.18,Food,Pune,Android,App,0,normal
TXN002183,2026-02-24 13:26:00,USER0052,REC0440,463.78,Groceries,Bengaluru,Android,App,0,normal
TXN005968,2026-02-24 13:30:00,USER0973,REC0305,371.12,Bills,Pune,Android,QR,0,normal
TXN003170,2026-02-24 13:36:00,USER0480,REC0433,361.7,Bills,Chennai,iOS,QR,0,normal
TXN007869,2026-02-24 13:41:00,USER0628,REC0283,528.27,Groceries,Chennai,Android,App,0,normal
TXN003436,2026-02-24 13:44:00,USER0841,REC0360,714.44,Food,Chennai,Android,App,0,normal
TXN004589,2026-02-24 14:02:00,USER0537,REC0082,1643.39,Groceries,Chennai,Android,App,0,normal
TXN004210,2026-02-24 14:06:00,USER0271,REC0305,528.6,Travel,Pune,Android,QR,0,normal
TXN003810,2026-02-24 14:10:00,USER0478,REC0140,1123.03,Bills,Pune,Android,App,0,normal
TXN008387,2026-02-24 15:24:00,USER0637,REC0229,210.57,Travel,Chennai,Android,App,0,normal
TXN000193,2026-02-24 15:32:00,USER0015,REC0376,488.52,Food,Hyderabad,iOS,App,0,normal
TXN002692,2026-02-24 15:34:00,USER0638,REC0259,341.35,Food,Delhi,Android,App,0,normal
TXN006109,2026-02-24 15:55:00,USER0769,REC0302,25363.6,Shopping,Bengaluru,Android,QR,1,unusually_high_amount
TXN005335,2026-02-24 15:57:00,USER0472,REC0297,409.33,Bills,Pune,iOS,App,0,normal
TXN005609,2026-02-24 16:26:00,USER0108,REC0270,793.49,Transfer,Pune,iOS,QR,0,normal
TXN006383,2026-02-24 16:35:00,USER0984,REC0119,667.14,Shopping,Delhi,Android,QR,0,normal
TXN007073,2026-02-24 16:39:00,USER0813,REC0078,604.14,Groceries,Chennai,Android,App,0,normal
TXN009667,2026-02-24 16:41:00,USER0955,REC0047,1033.66,Bills,Mumbai,Android,App,0,normal
TXN001181,2026-02-24 17:11:00,USER0412,REC0304,139.72,Travel,Chennai,iOS,QR,0,normal
TXN007455,2026-02-24 17:25:00,USER0676,REC0393,527.05,Food,Hyderabad,Android,App,0,normal
TXN001952,2026-02-24 17:33:00,USER0222,REC0140,239.52,Food,Chennai,Android,App,0,normal
TXN007688,2026-02-24 17:33:00,USER0600,REC0306,312.29,Food,Delhi,Android,QR,0,normal
TXN007888,2026-02-24 17:55:00,USER0766,REC0104,569.59,Groceries,Pune,Android,QR,0,normal
TXN003225,2026-02-24 17:55:00,USER0425,REC0108,2197.16,Groceries,Hyderabad,Android,App,0,normal
TXN004351,2026-02-24 18:06:00,USER0140,REC0459,506.29,Food,Pune,Android,App,0,normal
TXN003895,2026-02-24 18:32:00,USER0922,REC0401,824.57,Food,Mumbai,Android,App,0,normal
TXN004980,2026-02-24 18:42:00,USER0022,REC0108,135.0,Transfer,Mumbai,Android,QR,0,normal
TXN001758,2026-02-24 18:52:00,USER0713,REC0168,1235.42,Shopping,Delhi,Android,App,0,normal
TXN005605,2026-02-24 18:56:00,USER0881,REC0266,402.2,Food,Pune,Android,QR,0,normal
TXN006158,2026-02-24 19:01:00,USER0979,REC0362,292.13,Food,Pune,Android,App,0,normal
TXN003613,2026-02-24 20:16:00,USER0763,REC0355,344.7,Bills,Bengaluru,Android,QR,0,normal
TXN007034,2026-02-24 20:22:00,USER0929,REC0171,247.26,Food,Delhi,Android,App,0,normal
TXN005645,2026-02-24 20:54:00,USER0932,REC0327,1044.72,Bills,Delhi,iOS,QR,0,normal
TXN008227,2026-02-24 21:06:00,USER0792,REC0227,578.92,Transfer,Mumbai,Android,App,0,normal
TXN007043,2026-02-24 21:15:00,USER0244,REC0431,474.67,Groceries,Chennai,Android,App,0,normal
TXN006988,2026-02-24 21:39:00,USER0888,REC0201,559.69,Shopping,Delhi,Android,QR,0,normal
TXN003425,2026-02-24 21:43:00,USER0884,REC0494,447.96,Food,Pune,Android,App,0,normal
TXN002124,2026-02-24 21:43:00,USER0404,REC0289,2147.16,Bills,Pune,iOS,App,0,normal
TXN002144,2026-02-24 22:05:00,USER0051,REC0059,1945.87,Shopping,Bengaluru,Android,App,0,normal
TXN005788,2026-02-24 22:13:00,USER0150,REC0060,272.55,Shopping,Delhi,Android,App,0,normal
TXN003602,2026-02-24 22:19:00,USER0408,REC0382,780.1,Bills,Hyderabad,Android,Collect Request,0,normal
TXN003864,2026-02-24 22:28:00,USER0724,REC0299,306.79,Groceries,Hyderabad,iOS,App,0,normal
TXN005980,2026-02-24 22:28:00,USER0858,REC0110,554.9,Travel,Delhi,Android,Collect Request,0,normal
TXN002494,2026-02-24 22:38:00,USER0938,REC0119,633.92,Shopping,Chennai,Android,QR,0,normal
TXN004586,2026-02-24 22:43:00,USER0829,REC0111,251.94,Food,Chennai,Android,App,0,normal
TXN001305,2026-02-24 22:55:00,USER0734,REC0111,1456.66,Groceries,Chennai,Android,App,0,normal
TXN001662,2026-02-24 23:15:00,USER0671,REC0381,529.55,Travel,Mumbai,Android,QR,0,normal
TXN007344,2026-02-24 23:22:00,USER0350,REC0463,974.34,Food,Chennai,Android,App,0,normal
TXN006435,2026-02-24 23:31:00,USER0164,REC0305,249.8,Shopping,Pune,Android,App,0,normal
TXN006156,2026-02-24 23:40:00,USER0243,REC0391,256.06,Food,Pune,Android,QR,0,normal
TXN000956,2026-02-24 23:43:00,USER0451,REC0217,501.72,Shopping,Pune,Android,App,0,normal
TXN007007,2026-02-24 23:55:00,USER0882,REC0462,794.14,Groceries,Delhi,Android,QR,0,normal
TXN002971,2026-02-25 00:07:00,USER0736,REC0386,1066.51,Transfer,Pune,Android,App,0,normal
TXN005679,2026-02-25 00:20:00,USER0312,REC0118,417.36,Food,Chennai,Android,QR,0,normal
TXN007017,2026-02-25 00:33:00,USER0246,REC0213,397.93,Groceries,Pune,Android,App,0,normal
TXN009065,2026-02-25 00:41:00,USER0498,REC0365,2963.19,Travel,Bengaluru,iOS,QR,0,normal
TXN008251,2026-02-25 00:42:00,USER0473,REC0247,448.12,Food,Pune,Android,QR,0,normal
TXN000896,2026-02-25 00:56:00,USER0353,REC0042,456.75,Bills,Pune,Android,QR,0,normal
TXN002825,2026-02-25 01:16:00,USER0527,REC0028,573.03,Food,Delhi,Android,QR,1,late_night_payment
TXN006753,2026-02-25 01:18:00,USER0222,REC0411,681.63,Groceries,Delhi,iOS,QR,0,normal
TXN008354,2026-02-25 01:24:00,USER0488,REC0275,256.54,Groceries,Bengaluru,iOS,QR,0,normal
TXN004801,2026-02-25 01:35:00,USER0936,REC0323,292.69,Groceries,Chennai,iOS,App,0,normal
TXN009426,2026-02-25 01:41:00,USER0860,REC0459,301.41,Transfer,Hyderabad,Android,App,0,normal
TXN005959,2026-02-25 01:54:00,USER0392,REC0060,1549.03,Groceries,Bengaluru,Android,App,0,normal
TXN002864,2026-02-25 02:23:00,USER0442,REC0018,1611.87,Bills,Hyderabad,Android,App,0,normal
TXN008020,2026-02-25 02:24:00,USER0033,REC0317,387.06,Transfer,Bengaluru,iOS,QR,0,normal
TXN008793,2026-02-25 02:45:00,USER0346,REC0294,294.08,Bills,Hyderabad,Android,QR,0,normal
TXN006497,2026-02-25 02:48:00,USER0500,REC0254,431.24,Food,Pune,Android,QR,0,normal
TXN004455,2026-02-25 02:50:00,USER0237,REC0361,322.16,Shopping,Pune,Android,Collect Request,0,normal
TXN009448,2026-02-25 02:52:00,USER0372,REC0307,309.24,Food,Pune,Android,App,0,normal
TXN004544,2026-02-25 02:52:00,USER0919,REC0089,568.66,Food,Bengaluru,Android,QR,0,normal
TXN000269,2026-02-25 02:53:00,USER0360,REC0161,192.26,Groceries,Delhi,Android,QR,0,normal
TXN007217,2026-02-25 02:57:00,USER0654,REC0462,194.26,Transfer,Bengaluru,Android,App,0,normal
TXN005821,2026-02-25 03:16:00,USER0944,REC0156,17166.28,Transfer,Hyderabad,iOS,QR,1,unusually_high_amount
TXN000767,2026-02-25 03:22:00,USER0954,REC0453,302.16,Transfer,Hyderabad,iOS,QR,0,normal
TXN004228,2026-02-25 04:18:00,USER0532,REC0084,710.39,Food,Delhi,Android,App,0,normal
TXN005525,2026-02-25 04:34:00,USER0749,REC0403,422.76,Bills,Mumbai,Android,QR,0,normal
TXN003124,2026-02-25 05:11:00,USER0353,REC0272,652.96,Food,Delhi,Android,App,0,normal
TXN009717,2026-02-25 05:17:00,USER0350,REC0390,298.27,Food,Hyderabad,Android,QR,0,normal
TXN008846,2026-02-25 05:21:00,USER0569,REC0203,267.07,Bills,Mumbai,Android,QR,0,normal
TXN005962,2026-02-25 05:23:00,USER0399,REC0109,391.08,Shopping,Chennai,Android,App,0,normal
TXN007661,2026-02-25 05:51:00,USER0017,REC0484,575.04,Groceries,Chennai,iOS,App,0,normal
TXN003920,2026-02-25 05:52:00,USER0910,REC0104,323.98,Food,Chennai,Android,App,0,normal
TXN001135,2026-02-25 05:52:00,USER0870,REC0362,308.92,Groceries,Bengaluru,Android,QR,0,normal
TXN002027,2026-02-25 06:03:00,USER0171,REC0392,762.09,Food,Mumbai,Android,Collect Request,0,normal
TXN001829,2026-02-25 06:09:00,USER0627,REC0461,837.52,Food,Delhi,Android,App,0,normal
TXN005214,2026-02-25 06:40:00,USER0779,REC0316,744.67,Shopping,Bengaluru,Android,QR,0,normal
TXN003331,2026-02-25 06:44:00,USER0720,REC0380,411.95,Transfer,Mumbai,Android,QR,0,normal
TXN005342,2026-02-25 06:50:00,USER0992,REC0137,3566.51,Shopping,Delhi,Android,App,0,normal
TXN000672,2026-02-25 07:03:00,USER0776,REC0466,1586.2,Shopping,Pune,Android,App,0,normal
TXN004038,2026-02-25 07:04:00,USER0027,REC0293,645.74,Food,Pune,Android,App,0,normal
TXN008408,2026-02-25 07:09:00,USER0353,REC0364,182.59,Groceries,Hyderabad,iOS,QR,0,normal
TXN006110,2026-02-25 07:32:00,USER0936,REC0141,930.98,Food,Mumbai,Android,App,0,normal
TXN003177,2026-02-25 07:32:00,USER0851,REC0493,264.11,Groceries,Chennai,Android,QR,0,normal
TXN000323,2026-02-25 07:37:00,USER0486,REC0002,517.68,Food,Hyderabad,Android,QR,0,normal
TXN000953,2026-02-25 07:44:00,USER0922,REC0246,557.3,Transfer,Chennai,Android,QR,0,normal
TXN003922,2026-02-25 07:49:00,USER0357,REC0245,1505.86,Bills,Hyderabad,iOS,QR,0,normal
TXN007226,2026-02-25 08:27:00,USER0643,REC0308,226.51,Groceries,Delhi,Android,QR,0,normal
TXN007378,2026-02-25 08:41:00,USER0032,REC0197,42388.18,Food,Bengaluru,iOS,App,1,unusually_high_amount
TXN005275,2026-02-25 08:43:00,USER0787,REC0351,263.01,Transfer,Bengaluru,Android,App,0,normal
TXN005123,2026-02-25 08:49:00,USER0074,REC0249,1520.3,Transfer,Chennai,Android,App,0,normal
TXN010000,2026-02-25 08:53:00,USER0481,REC0429,387.91,Travel,Mumbai,Android,QR,0,normal
TXN004639,2026-02-25 09:24:00,USER0668,REC0310,781.82,Food,Chennai,iOS,QR,0,normal
TXN008566,2026-02-25 09:30:00,USER0477,REC0373,879.9,Shopping,Delhi,Android,App,0,normal
TXN003417,2026-02-25 09:37:00,USER0584,REC0176,971.74,Bills,Delhi,Android,QR,0,normal
TXN005097,2026-02-25 09:43:00,USER0284,REC0202,1657.64,Groceries,Pune,iOS,QR,0,normal
TXN008971,2026-02-25 10:37:00,USER0976,REC0172,648.39,Transfer,Mumbai,iOS,Collect Request,0,normal
TXN000702,2026-02-25 10:55:00,USER0914,REC0133,3710.36,Food,Delhi,Android,QR,0,normal
TXN000601,2026-02-25 11:10:00,USER0740,REC0408,1293.82,Shopping,Pune,Android,Collect Request,0,normal
TXN000900,2026-02-25 11:13:00,USER0446,REC0138,205.51,Transfer,Hyderabad,Android,App,0,normal
TXN005063,2026-02-25 11:31:00,USER0766,REC0286,919.65,Travel,Delhi,Android,QR,0,normal
TXN002927,2026-02-25 11:31:00,USER0704,REC0308,664.4,Shopping,Chennai,Android,App,0,normal
TXN002629,2026-02-25 11:52:00,USER0139,REC0440,437.98,Shopping,Bengaluru,iOS,QR,0,normal
TXN006628,2026-02-25 11:56:00,USER0309,REC0390,678.14,Shopping,Delhi,iOS,QR,0,normal
TXN000987,2026-02-25 11:57:00,USER0839,REC0329,651.37,Travel,Chennai,Android,App,0,normal
TXN004595,2026-02-25 12:11:00,USER0033,REC0464,907.07,Food,Hyderabad,iOS,App,0,normal
TXN001846,2026-02-25 12:11:00,USER0747,REC0359,149.14,Shopping,Bengaluru,Android,QR,0,normal
TXN007617,2026-02-25 12:23:00,USER0263,REC0036,1118.85,Food,Hyderabad,Android,App,0,normal
TXN008176,2026-02-25 12:46:00,USER0820,REC0043,326.52,Bills,Chennai,Android,App,0,normal
TXN009496,2026-02-25 12:59:00,USER0895,REC0233,1496.94,Bills,Hyderabad,Android,App,0,normal
TXN002393,2026-02-25 13:03:00,USER0474,REC0028,485.15,Groceries,Chennai,iOS,App,0,normal
TXN009037,2026-02-25 13:12:00,USER0317,REC0319,946.17,Food,Chennai,iOS,Collect Request,0,normal
TXN006114,2026-02-25 13:28:00,USER0578,REC0013,563.21,Shopping,Pune,Android,App,0,normal
TXN006831,2026-02-25 13:29:00,USER0294,REC0459,515.65,Transfer,Chennai,Android,Collect Request,0,normal
TXN003609,2026-02-25 13:35:00,USER0022,REC0276,866.78,Food,Hyderabad,Android,App,0,normal
TXN006979,2026-02-25 13:39:00,USER0117,REC0013,177.25,Transfer,Delhi,Android,App,0,normal
TXN005786,2026-02-25 14:08:00,USER0104,REC0139,426.56,Bills,Chennai,Android,QR,0,normal
TXN005122,2026-02-25 14:09:00,USER0915,REC0135,518.95,Travel,Mumbai,iOS,App,0,normal
TXN001885,2026-02-25 14:15:00,USER0799,REC0487,446.22,Bills,Pune,Android,App,0,normal
TXN004621,2026-02-25 14:24:00,USER0231,REC0180,759.24,Food,Mumbai,Android,QR,0,normal
TXN002904,2026-02-25 14:25:00,USER0285,REC0481,782.49,Groceries,Pune,Android,App,0,normal
TXN006074,2026-02-25 14:25:00,USER0430,REC0466,284.85,Food,Delhi,Android,App,0,normal
TXN009939,2026-02-25 14:30:00,USER0192,REC0202,441.84,Groceries,Pune,Android,App,0,normal
TXN008223,2026-02-25 14:42:00,USER0012,REC0118,714.76,Bills,Chennai,Android,QR,0,normal
TXN009006,2026-02-25 15:02:00,USER0632,REC0245,1290.42,Transfer,Chennai,Android,QR,0,normal
TXN007555,2026-02-25 15:37:00,USER0153,REC0288,264.29,Shopping,Hyderabad,Android,QR,0,normal
TXN009905,2026-02-25 15:40:00,USER0335,REC0054,203.88,Groceries,Hyderabad,Android,QR,0,normal
TXN008646,2026-02-25 16:02:00,USER0136,REC0432,340.94,Groceries,Pune,Android,App,0,normal
TXN003970,2026-02-25 16:18:00,USER0317,REC0090,301.55,Groceries,Chennai,Android,App,0,normal
TXN002726,2026-02-25 16:25:00,USER0521,REC0442,21080.28,Food,Bengaluru,Android,QR,1,unusually_high_amount
TXN006197,2026-02-25 16:48:00,USER0350,REC0266,1024.74,Food,Chennai,iOS,App,0,normal
TXN003344,2026-02-25 16:51:00,USER0321,REC0320,364.08,Bills,Chennai,Android,App,0,normal
TXN001554,2026-02-25 17:17:00,USER0708,REC0443,598.8,Bills,Mumbai,Android,QR,0,normal
TXN002417,2026-02-25 17:25:00,USER0925,REC0379,714.14,Food,Delhi,Android,App,0,normal
TXN006001,2026-02-25 17:27:00,USER0997,REC0118,2657.84,Bills,Chennai,Android,QR,0,normal
TXN002508,2026-02-25 18:16:00,USER0358,REC0100,472.86,Shopping,Pune,Android,App,0,normal
TXN002226,2026-02-25 18:29:00,USER0262,REC0054,948.31,Travel,Mumbai,iOS,App,0,normal
TXN008632,2026-02-25 18:30:00,USER0942,REC0042,905.49,Bills,Mumbai,Android,QR,0,normal
TXN001661,2026-02-25 18:31:00,USER0391,REC0023,1004.67,Travel,Delhi,Android,Collect Request,0,normal
TXN006934,2026-02-25 18:35:00,USER0390,REC0105,300.42,Shopping,Pune,Android,Collect Request,0,normal
TXN003640,2026-02-25 18:35:00,USER0970,REC0227,532.69,Groceries,Bengaluru,Android,Collect Request,0,normal
TXN001397,2026-02-25 18:57:00,USER0667,REC0199,552.49,Food,Mumbai,iOS,QR,0,normal
TXN005152,2026-02-25 19:01:00,USER0982,REC0201,258.06,Shopping,Chennai,iOS,App,0,normal
TXN006834,2026-02-25 19:16:00,USER0944,REC0441,1562.51,Groceries,Pune,Android,App,0,normal
TXN007792,2026-02-25 19:22:00,USER0120,REC0378,303.77,Transfer,Pune,iOS,QR,0,normal
TXN007738,2026-02-25 19:26:00,USER0404,REC0068,1113.69,Groceries,Delhi,iOS,QR,0,normal
TXN005062,2026-02-25 19:31:00,USER0111,REC0091,467.83,Groceries,Pune,Android,QR,0,normal
TXN001540,2026-02-25 19:31:00,USER0747,REC0399,343.1,Bills,Chennai,iOS,App,0,normal
TXN006583,2026-02-25 19:33:00,USER0947,REC0296,652.32,Transfer,Bengaluru,Android,App,0,normal
TXN001200,2026-02-25 19:58:00,USER0475,REC0449,797.13,Transfer,Pune,Android,App,0,normal
TXN007579,2026-02-25 20:27:00,USER0863,REC0149,338.62,Groceries,Mumbai,Android,QR,0,normal
TXN003875,2026-02-25 21:01:00,USER0882,REC0435,1869.22,Groceries,Mumbai,Android,QR,0,normal
TXN002917,2026-02-25 21:11:00,USER0809,REC0032,595.28,Shopping,Hyderabad,Android,QR,0,normal
TXN007664,2026-02-25 21:11:00,USER0556,REC0022,532.16,Shopping,Hyderabad,Android,App,0,normal
TXN003367,2026-02-25 21:15:00,USER0040,REC0433,677.5,Travel,Hyderabad,Android,App,0,normal
TXN009940,2026-02-25 21:51:00,USER0534,REC0481,623.73,Transfer,Chennai,iOS,App,0,normal
TXN004903,2026-02-25 22:17:00,USER0639,REC0222,1340.05,Groceries,Hyderabad,Android,App,0,normal
TXN005742,2026-02-25 22:21:00,USER0034,REC0451,1107.43,Groceries,Chennai,Android,App,0,normal
TXN001638,2026-02-25 23:04:00,USER0351,REC0133,621.55,Food,Bengaluru,Android,QR,0,normal
TXN007242,2026-02-25 23:06:00,USER0937,REC0306,838.59,Shopping,Bengaluru,Android,App,0,normal
TXN003600,2026-02-25 23:13:00,USER0159,REC0145,234.37,Groceries,Mumbai,Android,QR,0,normal
TXN000343,2026-02-25 23:13:00,USER0839,REC0480,716.48,Bills,Delhi,Android,App,0,normal
TXN000675,2026-02-25 23:14:00,USER0721,REC0334,444.23,Travel,Pune,Android,App,0,normal
TXN001290,2026-02-25 23:17:00,USER0623,REC0319,395.78,Food,Pune,Android,App,0,normal
TXN007118,2026-02-26 01:00:00,USER0300,REC0427,194.67,Groceries,Chennai,Android,App,0,normal
TXN001982,2026-02-26 01:03:00,USER0109,REC0305,451.67,Food,Mumbai,iOS,App,0,normal
TXN009797,2026-02-26 01:05:00,USER0416,REC0440,534.92,Groceries,Pune,Android,QR,0,normal
TXN009252,2026-02-26 01:21:00,USER0701,REC0094,354.48,Bills,Pune,Android,App,0,normal
TXN007660,2026-02-26 01:30:00,USER0951,REC0005,734.51,Transfer,Pune,Android,App,1,late_night_payment
TXN005701,2026-02-26 01:37:00,USER0257,REC0348,373.2,Groceries,Delhi,iOS,App,0,normal
TXN005798,2026-02-26 01:50:00,USER0959,REC0396,3581.61,Transfer,Pune,Android,QR,0,normal
TXN009202,2026-02-26 01:51:00,USER0530,REC0361,1208.57,Transfer,Mumbai,iOS,QR,0,normal
TXN000825,2026-02-26 02:21:00,USER0688,REC0082,756.05,Food,Chennai,iOS,App,0,normal
TXN001211,2026-02-26 02:28:00,USER0430,REC0334,891.02,Food,Chennai,iOS,App,0,normal
TXN007385,2026-02-26 02:50:00,USER0193,REC0071,401.24,Travel,Pune,Android,App,0,normal
TXN003604,2026-02-26 02:51:00,USER0664,REC0205,434.22,Food,Pune,Android,App,0,normal
TXN009265,2026-02-26 02:53:00,USER0689,REC0420,814.98,Shopping,Bengaluru,Android,QR,0,normal
TXN006257,2026-02-26 04:29:00,USER0213,REC0063,648.15,Shopping,Bengaluru,iOS,Collect Request,0,normal
TXN004910,2026-02-26 05:28:00,USER0956,REC0265,239.34,Transfer,Bengaluru,iOS,QR,0,normal
TXN002907,2026-02-26 05:43:00,USER0440,REC0164,553.21,Bills,Hyderabad,Android,QR,0,normal
TXN006361,2026-02-26 05:55:00,USER0841,REC0325,583.12,Travel,Chennai,Android,App,0,normal
TXN002359,2026-02-26 06:52:00,USER0994,REC0424,1879.56,Food,Delhi,Android,App,0,normal
TXN002128,2026-02-26 07:01:00,USER0402,REC0141,270.86,Shopping,Pune,Android,QR,0,normal
TXN007163,2026-02-26 07:36:00,USER0110,REC0168,241.93,Groceries,Chennai,Android,App,0,normal
TXN007951,2026-02-26 07:36:00,USER0762,REC0431,1372.27,Food,Hyderabad,Android,Collect Request,0,normal
TXN002898,2026-02-26 08:08:00,USER0684,REC0346,227.64,Groceries,Chennai,Android,QR,0,normal
TXN000996,2026-02-26 08:11:00,USER0307,REC0349,413.78,Travel,Chennai,Android,QR,0,normal
TXN009909,2026-02-26 08:20:00,USER0307,REC0473,125.55,Transfer,Bengaluru,Android,App,0,normal
TXN008479,2026-02-26 08:21:00,USER0659,REC0478,848.51,Food,Bengaluru,Android,QR,0,normal
TXN005048,2026-02-26 08:30:00,USER0167,REC0120,1260.12,Food,Chennai,Android,QR,0,normal
TXN002179,2026-02-26 08:39:00,USER0035,REC0223,1133.06,Food,Chennai,Android,App,0,normal
TXN002829,2026-02-26 08:56:00,USER0521,REC0050,532.75,Transfer,Delhi,Android,App,0,normal
TXN007165,2026-02-26 09:02:00,USER0308,REC0476,1030.27,Food,Delhi,Android,App,0,normal
TXN003692,2026-02-26 09:32:00,USER0080,REC0242,524.91,Bills,Pune,Android,App,0,normal
TXN002721,2026-02-26 09:32:00,USER0567,REC0437,302.63,Groceries,Delhi,Android,App,0,normal
TXN009942,2026-02-26 09:34:00,USER0723,REC0371,889.84,Food,Bengaluru,Android,QR,0,normal
TXN001755,2026-02-26 09:34:00,USER0440,REC0384,425.95,Groceries,Hyderabad,Android,App,0,normal
TXN003819,2026-02-26 09:47:00,USER0662,REC0001,168.96,Food,Chennai,iOS,App,0,normal
TXN005594,2026-02-26 09:48:00,USER0244,REC0438,202.65,Bills,Bengaluru,Android,QR,0,normal
TXN008264,2026-02-26 09:55:00,USER0735,REC0479,415.64,Food,Pune,Android,QR,0,normal
TXN003026,2026-02-26 09:56:00,USER0180,REC0293,229.33,Transfer,Mumbai,Android,App,0,normal
TXN006421,2026-02-26 10:05:00,USER0710,REC0031,587.03,Travel,Chennai,iOS,App,0,normal
TXN004496,2026-02-26 10:13:00,USER0197,REC0349,1199.21,Food,Hyderabad,Android,App,0,normal
TXN000240,2026-02-26 10:59:00,USER0507,REC0157,941.26,Food,Delhi,Android,QR,0,normal
TXN005003,2026-02-26 10:59:00,USER0570,REC0208,890.07,Bills,Chennai,Android,QR,0,normal
TXN008620,2026-02-26 11:17:00,USER0643,REC0186,361.19,Food,Hyderabad,Android,App,0,normal
TXN008829,2026-02-26 11:28:00,USER0496,REC0495,863.37,Transfer,Hyderabad,Android,QR,0,normal
TXN007069,2026-02-26 11:52:00,USER0019,REC0054,957.7,Shopping,Hyderabad,Android,App,0,normal
TXN007644,2026-02-26 11:56:00,USER0401,REC0456,1210.06,Shopping,Chennai,Android,QR,0,normal
TXN000599,2026-02-26 12:05:00,USER0834,REC0435,543.05,Groceries,Pune,Android,QR,0,normal
TXN003117,2026-02-26 13:25:00,USER0585,REC0138,409.25,Travel,Bengaluru,Android,QR,0,normal
TXN006574,2026-02-26 13:30:00,USER0402,REC0452,443.28,Bills,Chennai,Android,QR,0,normal
TXN001753,2026-02-26 14:04:00,USER0546,REC0026,841.9,Food,Mumbai,Android,QR,0,normal
TXN000245,2026-02-26 14:05:00,USER0107,REC0164,1028.59,Groceries,Mumbai,Android,App,0,normal
TXN003171,2026-02-26 14:28:00,USER0743,REC0083,1247.18,Shopping,Hyderabad,Android,App,0,normal
TXN004542,2026-02-26 14:31:00,USER0861,REC0435,383.2,Food,Pune,Android,App,0,normal
TXN001171,2026-02-26 14:35:00,USER0449,REC0128,265.77,Transfer,Chennai,iOS,App,0,normal
TXN007941,2026-02-26 14:48:00,USER0476,REC0412,2684.99,Shopping,Bengaluru,iOS,App,0,normal
TXN003009,2026-02-26 14:50:00,USER0920,REC0401,755.07,Food,Delhi,iOS,App,0,normal
TXN009887,2026-02-26 14:52:00,USER0306,REC0394,516.44,Bills,Chennai,Android,Collect Request,0,normal
TXN003185,2026-02-26 15:28:00,USER0408,REC0160,693.09,Transfer,Bengaluru,Android,App,0,normal
TXN007616,2026-02-26 15:54:00,USER0789,REC0155,1841.51,Food,Chennai,iOS,App,0,normal
TXN000085,2026-02-26 16:17:00,USER0176,REC0170,630.07,Groceries,Mumbai,Android,QR,0,normal
TXN009864,2026-02-26 16:20:00,USER0681,REC0100,648.6,Food,Delhi,Android,QR,0,normal
TXN000880,2026-02-26 16:49:00,USER0156,REC0211,211.94,Transfer,Bengaluru,Android,QR,0,normal
TXN005268,2026-02-26 17:07:00,USER0577,REC0220,750.16,Food,Chennai,Android,QR,0,normal
TXN009716,2026-02-26 17:18:00,USER0613,REC0107,1240.61,Food,Hyderabad,Android,App,0,normal
TXN000192,2026-02-26 17:24:00,USER0556,REC0331,1228.16,Bills,Mumbai,Android,QR,0,normal
TXN007540,2026-02-26 18:11:00,USER0080,REC0176,41365.73,Travel,Pune,Android,QR,1,unusually_high_amount
TXN001172,2026-02-26 18:35:00,USER0951,REC0342,429.49,Bills,Delhi,iOS,QR,0,normal
TXN003546,2026-02-26 18:46:00,USER0465,REC0171,322.55,Bills,Hyderabad,Android,QR,0,normal
TXN009870,2026-02-26 19:01:00,USER0878,REC0452,1347.81,Bills,Hyderabad,Android,App,0,normal
TXN002996,2026-02-26 19:06:00,USER0473,REC0495,2818.0,Transfer,Delhi,Android,QR,0,normal
TXN007509,2026-02-26 19:07:00,USER0327,REC0267,1466.99,Groceries,Hyderabad,Android,QR,0,normal
TXN005060,2026-02-26 19:34:00,USER0173,REC0082,1276.71,Food,Bengaluru,iOS,App,0,normal
TXN003865,2026-02-26 20:13:00,USER0958,REC0295,639.28,Shopping,Chennai,iOS,App,0,normal
TXN004858,2026-02-26 20:19:00,USER0600,REC0499,649.62,Groceries,Mumbai,Android,QR,0,normal
TXN000040,2026-02-26 20:23:00,USER0438,REC0363,388.9,Transfer,Mumbai,iOS,App,0,normal
TXN009878,2026-02-26 20:24:00,USER0768,REC0390,701.54,Groceries,Hyderabad,Android,App,0,normal
TXN007905,2026-02-26 20:27:00,USER0477,REC0483,426.79,Bills,Hyderabad,Android,App,0,normal
TXN003317,2026-02-26 21:11:00,USER0543,REC0332,2273.6,Groceries,Hyderabad,Android,App,0,normal
TXN001111,2026-02-26 21:19:00,USER0285,REC0290,377.83,Groceries,Bengaluru,iOS,QR,0,normal
TXN002158,2026-02-26 21:33:00,USER0069,REC0114,888.64,Travel,Mumbai,iOS,QR,0,normal
TXN002010,2026-02-26 21:43:00,USER0061,REC0372,727.11,Bills,Pune,Android,QR,0,normal
TXN004086,2026-02-26 21:53:00,USER0086,REC0462,457.7,Transfer,Mumbai,Android,App,0,normal
TXN004063,2026-02-26 22:02:00,USER0603,REC0208,1286.22,Food,Chennai,iOS,QR,0,normal
TXN006232,2026-02-26 22:05:00,USER0938,REC0418,1212.76,Groceries,Delhi,Android,QR,0,normal
TXN009803,2026-02-26 22:21:00,USER0347,REC0491,832.42,Bills,Mumbai,iOS,App,0,normal
TXN002231,2026-02-26 22:32:00,USER0074,REC0068,1121.49,Transfer,Pune,iOS,App,0,normal
TXN009515,2026-02-26 22:37:00,USER0054,REC0466,1701.36,Groceries,Bengaluru,iOS,QR,0,normal
TXN007641,2026-02-26 23:01:00,USER0058,REC0119,220.48,Groceries,Mumbai,Android,QR,0,normal
TXN000658,2026-02-26 23:06:00,USER0438,REC0186,264.62,Transfer,Pune,Android,QR,0,normal
TXN004619,2026-02-26 23:28:00,USER0171,REC0318,234.38,Transfer,Hyderabad,Android,App,0,normal
TXN009974,2026-02-26 23:30:00,USER0833,REC0431,264.21,Bills,Pune,Android,App,0,normal
TXN002568,2026-02-26 23:36:00,USER0087,REC0039,1096.57,Groceries,Hyderabad,iOS,Collect Request,0,normal
TXN009137,2026-02-27 00:36:00,USER0321,REC0040,144.58,Food,Hyderabad,Android,Collect Request,0,normal
TXN001196,2026-02-27 00:56:00,USER0414,REC0237,925.81,Bills,Mumbai,Android,App,0,normal
TXN002185,2026-02-27 00:59:00,USER0051,REC0475,191.22,Food,Delhi,Android,Collect Request,0,normal
TXN000458,2026-02-27 01:23:00,USER0193,REC0032,516.05,Groceries,Delhi,Android,Collect Request,0,normal
TXN002758,2026-02-27 01:56:00,USER0292,REC0299,942.92,Groceries,Mumbai,Android,QR,0,normal
TXN009251,2026-02-27 02:03:00,USER0149,REC0059,907.6,Transfer,Hyderabad,iOS,QR,0,normal
TXN000475,2026-02-27 02:05:00,USER0396,REC0036,171.06,Shopping,Chennai,Android,App,0,normal
TXN006911,2026-02-27 02:12:00,USER0503,REC0408,527.21,Transfer,Delhi,Android,App,0,normal
TXN000743,2026-02-27 02:30:00,USER0491,REC0402,593.62,Transfer,Mumbai,Android,App,0,normal
TXN001370,2026-02-27 02:36:00,USER0421,REC0349,678.77,Groceries,Chennai,Android,App,0,normal
TXN000958,2026-02-27 02:47:00,USER0574,REC0099,757.72,Food,Pune,iOS,QR,0,normal
TXN008281,2026-02-27 02:56:00,USER0606,REC0174,522.28,Bills,Bengaluru,Android,Collect Request,0,normal
TXN000130,2026-02-27 02:59:00,USER0922,REC0287,303.98,Groceries,Mumbai,Android,QR,0,normal
TXN000341,2026-02-27 03:14:00,USER0642,REC0202,174.02,Groceries,Pune,Android,App,0,normal
TXN001417,2026-02-27 03:24:00,USER0777,REC0296,668.63,Transfer,Bengaluru,Android,App,0,normal
TXN006561,2026-02-27 04:15:00,USER0522,REC0148,690.45,Travel,Pune,iOS,App,0,normal
TXN009740,2026-02-27 04:19:00,USER0925,REC0150,256.78,Food,Mumbai,Android,QR,0,normal
TXN008481,2026-02-27 04:23:00,USER0007,REC0175,783.77,Bills,Delhi,Android,Collect Request,0,normal
TXN006080,2026-02-27 04:46:00,USER0838,REC0495,524.56,Food,Pune,Android,App,0,normal
TXN003492,2026-02-27 04:48:00,USER0099,REC0452,1064.44,Groceries,Delhi,Android,QR,0,normal
TXN001467,2026-02-27 04:49:00,USER0767,REC0481,1809.69,Shopping,Chennai,Android,Collect Request,0,normal
TXN007659,2026-02-27 04:57:00,USER0725,REC0040,899.95,Travel,Delhi,Android,QR,0,normal
TXN001585,2026-02-27 05:08:00,USER0339,REC0481,205.53,Groceries,Mumbai,Android,QR,0,normal
TXN008964,2026-02-27 05:35:00,USER0358,REC0338,1326.31,Travel,Pune,Android,QR,0,normal
TXN000673,2026-02-27 06:14:00,USER0332,REC0266,721.52,Groceries,Pune,Android,QR,0,normal
TXN003301,2026-02-27 06:36:00,USER0743,REC0289,2483.19,Travel,Bengaluru,Android,QR,0,normal
TXN000920,2026-02-27 06:38:00,USER0064,REC0313,548.47,Shopping,Pune,iOS,Collect Request,0,normal
TXN003764,2026-02-27 07:12:00,USER0653,REC0416,1053.09,Shopping,Delhi,iOS,Collect Request,0,normal
TXN000099,2026-02-27 07:24:00,USER0640,REC0018,512.01,Bills,Pune,Android,App,0,normal
TXN003757,2026-02-27 07:42:00,USER0725,REC0091,447.91,Food,Mumbai,Android,App,0,normal
TXN001235,2026-02-27 07:56:00,USER0084,REC0091,1171.8,Bills,Chennai,Android,Collect Request,0,normal
TXN000782,2026-02-27 08:04:00,USER0562,REC0342,2391.85,Travel,Mumbai,Android,QR,0,normal
TXN005183,2026-02-27 08:28:00,USER0624,REC0453,750.37,Groceries,Pune,Android,App,0,normal
TXN001985,2026-02-27 08:36:00,USER0683,REC0300,799.85,Bills,Pune,Android,QR,0,normal
TXN007695,2026-02-27 09:10:00,USER0223,REC0477,365.72,Bills,Hyderabad,Android,App,0,normal
TXN001128,2026-02-27 09:11:00,USER0175,REC0097,485.72,Shopping,Chennai,Android,App,0,normal
TXN002970,2026-02-27 09:14:00,USER0975,REC0141,891.61,Food,Bengaluru,Android,App,0,normal
TXN005566,2026-02-27 09:37:00,USER0505,REC0293,1074.76,Bills,Pune,Android,QR,0,normal
TXN008261,2026-02-27 09:56:00,USER0036,REC0170,3298.67,Bills,Chennai,Android,App,0,normal
TXN002992,2026-02-27 09:56:00,USER0013,REC0182,217.6,Food,Chennai,Android,Collect Request,0,normal
TXN009467,2026-02-27 10:12:00,USER0393,REC0391,1596.65,Bills,Mumbai,Android,Collect Request,0,normal
TXN002689,2026-02-27 10:14:00,USER0412,REC0136,490.72,Food,Mumbai,Android,QR,0,normal
TXN003925,2026-02-27 10:26:00,USER0781,REC0012,493.12,Transfer,Pune,Android,App,0,normal
TXN003408,2026-02-27 10:33:00,USER0123,REC0252,913.92,Transfer,Bengaluru,Android,App,0,normal
TXN008323,2026-02-27 10:34:00,USER0872,REC0256,342.97,Groceries,Hyderabad,Android,Collect Request,0,normal
TXN001337,2026-02-27 10:36:00,USER0353,REC0058,698.92,Shopping,Delhi,Android,Collect Request,0,normal
TXN007442,2026-02-27 10:41:00,USER0803,REC0263,15515.8,Food,Mumbai,Android,QR,1,unusually_high_amount
TXN009480,2026-02-27 10:48:00,USER0660,REC0394,491.88,Food,Hyderabad,Android,QR,0,normal
TXN003550,2026-02-27 11:05:00,USER0517,REC0114,819.2,Shopping,Chennai,iOS,App,0,normal
TXN009246,2026-02-27 11:21:00,USER0950,REC0491,462.13,Groceries,Chennai,Android,Collect Request,0,normal
TXN006572,2026-02-27 11:39:00,USER0168,REC0327,829.42,Shopping,Mumbai,Android,App,0,normal
TXN008330,2026-02-27 11:42:00,USER0492,REC0052,2788.85,Groceries,Chennai,Android,QR,0,normal
TXN003721,2026-02-27 11:48:00,USER0333,REC0229,106.07,Bills,Chennai,Android,App,0,normal
TXN001994,2026-02-27 12:16:00,USER0581,REC0175,211.07,Groceries,Hyderabad,Android,App,0,normal
TXN003730,2026-02-27 12:17:00,USER0529,REC0184,931.09,Groceries,Mumbai,Android,QR,0,normal
TXN008339,2026-02-27 12:38:00,USER0722,REC0387,189.63,Bills,Delhi,Android,QR,0,normal
TXN005064,2026-02-27 12:41:00,USER0088,REC0280,894.34,Bills,Pune,Android,QR,0,normal
TXN003324,2026-02-27 12:46:00,USER0884,REC0209,957.32,Groceries,Bengaluru,iOS,App,0,normal
TXN002437,2026-02-27 13:03:00,USER0377,REC0233,395.24,Bills,Pune,Android,App,0,normal
TXN006292,2026-02-27 13:18:00,USER0584,REC0014,514.92,Groceries,Delhi,Android,App,0,normal
TXN000616,2026-02-27 13:27:00,USER0295,REC0062,559.95,Transfer,Mumbai,Android,App,0,normal
TXN009063,2026-02-27 13:31:00,USER0001,REC0136,419.33,Food,Chennai,Android,QR,0,normal
TXN006905,2026-02-27 14:11:00,USER0968,REC0077,789.19,Transfer,Delhi,Android,Collect Request,0,normal
TXN005613,2026-02-27 14:13:00,USER0522,REC0148,442.1,Shopping,Pune,Android,QR,0,normal
TXN006003,2026-02-27 14:49:00,USER0039,REC0015,612.56,Transfer,Bengaluru,Android,App,0,normal
TXN005145,2026-02-27 15:07:00,USER0608,REC0475,754.68,Groceries,Hyderabad,Android,App,0,normal
TXN008066,2026-02-27 15:12:00,USER0399,REC0120,682.99,Shopping,Bengaluru,Android,Collect Request,0,normal
TXN003502,2026-02-27 15:20:00,USER0017,REC0430,979.27,Shopping,Hyderabad,Android,Collect Request,0,normal
TXN006059,2026-02-27 15:35:00,USER0866,REC0445,629.23,Travel,Chennai,Android,App,0,normal
TXN009779,2026-02-27 15:46:00,USER0022,REC0282,495.35,Bills,Pune,Android,QR,0,normal
TXN001068,2026-02-27 16:19:00,USER0347,REC0359,557.68,Shopping,Pune,iOS,App,0,normal
TXN006210,2026-02-27 16:26:00,USER0700,REC0182,262.46,Shopping,Delhi,Android,App,0,normal
TXN004906,2026-02-27 17:44:00,USER0419,REC0346,2308.62,Groceries,Delhi,iOS,QR,0,normal
TXN003696,2026-02-27 17:46:00,USER0418,REC0257,280.17,Food,Chennai,Android,QR,0,normal
TXN009333,2026-02-27 17:46:00,USER0267,REC0130,544.03,Shopping,Hyderabad,iOS,QR,0,normal
TXN006546,2026-02-27 17:59:00,USER0975,REC0447,529.62,Bills,Delhi,Android,QR,0,normal
TXN007751,2026-02-27 18:18:00,USER0812,REC0054,511.38,Shopping,Mumbai,Android,QR,0,normal
TXN003647,2026-02-27 18:48:00,USER0464,REC0199,1172.3,Bills,Chennai,Android,App,0,normal
TXN003266,2026-02-27 19:15:00,USER0881,REC0115,571.62,Shopping,Delhi,Android,App,0,normal
TXN005020,2026-02-27 19:24:00,USER0584,REC0342,2507.13,Groceries,Bengaluru,Android,App,0,normal
TXN004995,2026-02-27 19:39:00,USER0723,REC0190,647.09,Food,Bengaluru,Android,Collect Request,0,normal
TXN000600,2026-02-27 19:45:00,USER0093,REC0494,229.49,Bills,Delhi,Android,App,0,normal
TXN003147,2026-02-27 19:50:00,USER0268,REC0098,24314.46,Transfer,Mumbai,Android,App,1,unusually_high_amount
TXN006096,2026-02-27 19:51:00,USER0978,REC0306,972.47,Groceries,Bengaluru,iOS,Collect Request,0,normal
TXN000569,2026-02-27 19:56:00,USER0949,REC0302,544.71,Groceries,Hyderabad,Android,App,0,normal
TXN007684,2026-02-27 20:17:00,USER0138,REC0300,20129.06,Groceries,Hyderabad,Android,QR,1,unusually_high_amount
TXN007258,2026-02-27 20:17:00,USER0412,REC0447,534.59,Shopping,Pune,Android,App,0,normal
TXN005420,2026-02-27 20:27:00,USER0667,REC0127,164.91,Bills,Hyderabad,Android,App,0,normal
TXN003118,2026-02-27 20:52:00,USER0876,REC0360,811.96,Groceries,Bengaluru,iOS,App,0,normal
TXN005672,2026-02-27 21:14:00,USER0338,REC0064,524.22,Bills,Delhi,iOS,QR,0,normal
TXN009205,2026-02-27 22:02:00,USER0233,REC0180,166.04,Groceries,Chennai,Android,QR,0,normal
TXN009239,2026-02-27 22:06:00,USER0922,REC0252,817.77,Travel,Mumbai,iOS,App,0,normal
TXN005106,2026-02-27 22:28:00,USER0299,REC0315,373.31,Transfer,Hyderabad,Android,App,0,normal
TXN008843,2026-02-27 22:30:00,USER0480,REC0366,466.17,Shopping,Mumbai,Android,QR,0,normal
TXN009178,2026-02-27 22:31:00,USER0774,REC0323,847.54,Bills,Chennai,Android,QR,0,normal
TXN000026,2026-02-27 22:44:00,USER0205,REC0022,2329.8,Bills,Hyderabad,Android,App,0,normal
TXN003977,2026-02-27 23:03:00,USER0079,REC0316,1401.84,Bills,Chennai,Android,App,0,normal
TXN009542,2026-02-27 23:13:00,USER0374,REC0139,176.23,Transfer,Pune,iOS,App,0,normal
TXN001715,2026-02-27 23:58:00,USER0662,REC0054,290.95,Groceries,Chennai,Android,QR,0,normal
TXN007597,2026-02-28 00:40:00,USER0330,REC0317,459.5,Shopping,Hyderabad,iOS,App,0,normal
TXN002184,2026-02-28 00:48:00,USER0117,REC0119,1234.49,Shopping,Delhi,Android,App,0,normal
TXN007008,2026-02-28 00:55:00,USER0599,REC0117,327.04,Shopping,Delhi,Android,App,0,normal
TXN007281,2026-02-28 01:46:00,USER0131,REC0042,259.27,Groceries,Bengaluru,iOS,App,0,normal
TXN007481,2026-02-28 02:01:00,USER0405,REC0495,245.27,Travel,Hyderabad,Android,QR,0,normal
TXN005787,2026-02-28 02:11:00,USER0698,REC0009,279.43,Shopping,Mumbai,Android,QR,0,normal
TXN003577,2026-02-28 03:00:00,USER0714,REC0042,1031.66,Groceries,Chennai,Android,App,0,normal
TXN008001,2026-02-28 03:05:00,USER0728,REC0136,764.05,Food,Pune,Android,QR,0,normal
TXN001717,2026-02-28 03:07:00,USER0447,REC0410,222.99,Transfer,Pune,Android,Collect Request,0,normal
TXN009871,2026-02-28 03:21:00,USER0113,REC0264,506.47,Food,Hyderabad,Android,QR,0,normal
TXN009033,2026-02-28 03:40:00,USER0825,REC0146,426.87,Groceries,Pune,Android,QR,0,normal
TXN003675,2026-02-28 03:43:00,USER0235,REC0447,239.79,Groceries,Bengaluru,Android,QR,0,normal
TXN002448,2026-02-28 03:59:00,USER0146,REC0241,1043.72,Shopping,Mumbai,Android,QR,0,normal
TXN006216,2026-02-28 04:16:00,USER0840,REC0171,502.7,Shopping,Hyderabad,Android,App,0,normal
TXN008957,2026-02-28 04:26:00,USER0638,REC0423,117.07,Bills,Bengaluru,Android,App,0,normal
TXN008823,2026-02-28 04:52:00,USER0701,REC0071,486.52,Transfer,Chennai,Android,App,0,normal
TXN009685,2026-02-28 04:56:00,USER0909,REC0440,1779.56,Food,Hyderabad,iOS,QR,0,normal
TXN007103,2026-02-28 04:58:00,USER0357,REC0159,511.67,Bills,Chennai,Android,QR,0,normal
TXN008663,2026-02-28 05:22:00,USER0436,REC0032,202.98,Shopping,Delhi,Android,App,0,normal
TXN002072,2026-02-28 05:40:00,USER0877,REC0456,665.22,Food,Chennai,Android,QR,0,normal
TXN008144,2026-02-28 05:46:00,USER0322,REC0346,549.51,Transfer,Pune,Android,App,0,normal
TXN009121,2026-02-28 06:15:00,USER0624,REC0256,279.09,Food,Hyderabad,Android,App,0,normal
TXN006736,2026-02-28 06:24:00,USER0757,REC0151,2156.12,Bills,Chennai,Android,App,0,normal
TXN008059,2026-02-28 06:54:00,USER0631,REC0008,910.18,Shopping,Pune,Android,App,0,normal
TXN002015,2026-02-28 06:56:00,USER0982,REC0294,657.18,Groceries,Hyderabad,Android,QR,0,normal
TXN009243,2026-02-28 07:04:00,USER0741,REC0433,249.42,Groceries,Chennai,Android,QR,0,normal
TXN006390,2026-02-28 07:24:00,USER0904,REC0188,650.76,Shopping,Bengaluru,iOS,App,0,normal
TXN008946,2026-02-28 07:27:00,USER0020,REC0071,980.23,Bills,Pune,Android,Collect Request,0,normal
TXN000984,2026-02-28 07:34:00,USER0664,REC0226,889.91,Transfer,Chennai,Android,App,0,normal
TXN006800,2026-02-28 07:36:00,USER0796,REC0106,1135.56,Groceries,Hyderabad,Android,QR,0,normal
TXN009545,2026-02-28 07:40:00,USER0083,REC0227,123.76,Groceries,Pune,iOS,Collect Request,0,normal
TXN006458,2026-02-28 07:52:00,USER0950,REC0090,850.32,Shopping,Pune,Android,App,0,normal
TXN002986,2026-02-28 08:04:00,USER0850,REC0015,740.56,Transfer,Bengaluru,Android,App,0,normal
TXN004560,2026-02-28 08:32:00,USER0740,REC0329,571.14,Food,Bengaluru,Android,QR,0,normal
TXN006106,2026-02-28 08:38:00,USER0909,REC0073,234.15,Food,Delhi,Android,QR,0,normal
TXN008033,2026-02-28 08:47:00,USER0223,REC0457,494.0,Shopping,Mumbai,Android,QR,0,normal
TXN009270,2026-02-28 08:47:00,USER0645,REC0082,660.94,Bills,Delhi,iOS,QR,0,normal
TXN005554,2026-02-28 08:58:00,USER0201,REC0166,829.0,Transfer,Chennai,Android,QR,0,normal
TXN002361,2026-02-28 09:08:00,USER0023,REC0098,306.5,Travel,Bengaluru,Android,QR,0,normal
TXN004991,2026-02-28 09:21:00,USER0672,REC0060,574.03,Groceries,Pune,Android,QR,0,normal
TXN005812,2026-02-28 09:21:00,USER0188,REC0445,395.24,Food,Bengaluru,iOS,App,0,normal
TXN007594,2026-02-28 09:38:00,USER0478,REC0025,900.59,Transfer,Mumbai,iOS,QR,0,normal
TXN007876,2026-02-28 10:03:00,USER0018,REC0164,913.41,Transfer,Pune,iOS,App,0,normal
TXN001130,2026-02-28 10:09:00,USER0933,REC0315,157.14,Food,Chennai,Android,App,0,normal
TXN008154,2026-02-28 10:17:00,USER0819,REC0136,1324.99,Bills,Chennai,Android,QR,0,normal
TXN000934,2026-02-28 10:20:00,USER0797,REC0192,1003.66,Groceries,Bengaluru,Android,App,0,normal
TXN006408,2026-02-28 10:41:00,USER0594,REC0130,691.61,Groceries,Delhi,Android,App,0,normal
TXN006787,2026-02-28 10:53:00,USER0072,REC0413,438.88,Travel,Delhi,iOS,QR,0,normal
TXN001221,2026-02-28 11:17:00,USER0605,REC0297,874.63,Transfer,Bengaluru,Android,App,0,normal
TXN005674,2026-02-28 11:37:00,USER0261,REC0468,947.22,Transfer,Delhi,Android,QR,0,normal
TXN001255,2026-02-28 11:38:00,USER0618,REC0365,2389.76,Travel,Mumbai,Android,Collect Request,0,normal
TXN000244,2026-02-28 11:40:00,USER0307,REC0113,1007.19,Shopping,Pune,Android,App,0,normal
TXN000824,2026-02-28 12:16:00,USER0775,REC0012,1445.91,Food,Delhi,Android,App,0,normal
TXN009965,2026-02-28 12:21:00,USER0357,REC0164,324.64,Shopping,Mumbai,iOS,App,0,normal
TXN003589,2026-02-28 13:03:00,USER0144,REC0029,598.8,Groceries,Mumbai,Android,QR,0,normal
TXN001887,2026-02-28 13:30:00,USER0376,REC0267,738.19,Food,Hyderabad,Android,Collect Request,0,normal
TXN004008,2026-02-28 13:42:00,USER0529,REC0496,206.61,Groceries,Hyderabad,Android,QR,0,normal
TXN005944,2026-02-28 13:45:00,USER0151,REC0198,426.73,Food,Mumbai,Android,App,0,normal
TXN001205,2026-02-28 13:54:00,USER0290,REC0166,2097.99,Groceries,Mumbai,Android,App,0,normal
TXN001089,2026-02-28 14:02:00,USER0042,REC0339,396.34,Groceries,Mumbai,Android,QR,0,normal
TXN006241,2026-02-28 14:04:00,USER0371,REC0368,672.06,Transfer,Bengaluru,Android,App,0,normal
TXN006135,2026-02-28 14:41:00,USER0446,REC0370,1282.43,Shopping,Mumbai,Android,App,0,normal
TXN004042,2026-02-28 14:53:00,USER0987,REC0139,606.28,Food,Hyderabad,Android,QR,0,normal
TXN005735,2026-02-28 14:55:00,USER0908,REC0364,212.34,Food,Delhi,Android,QR,0,normal
TXN002481,2026-02-28 15:20:00,USER0966,REC0058,321.07,Transfer,Hyderabad,Android,QR,0,normal
TXN002754,2026-02-28 15:36:00,USER0297,REC0450,374.37,Groceries,Pune,Android,QR,0,normal
TXN009208,2026-02-28 15:40:00,USER0393,REC0464,581.62,Travel,Delhi,Android,QR,0,normal
TXN007960,2026-02-28 15:55:00,USER0626,REC0455,994.24,Groceries,Hyderabad,Android,Collect Request,0,normal
TXN002905,2026-02-28 16:05:00,USER0924,REC0390,200.9,Shopping,Chennai,Android,App,0,normal
TXN000771,2026-02-28 16:08:00,USER0056,REC0034,354.03,Bills,Hyderabad,Android,Collect Request,0,normal
TXN000502,2026-02-28 16:10:00,USER0480,REC0396,238.33,Bills,Hyderabad,Android,QR,0,normal
TXN008054,2026-02-28 16:14:00,USER0761,REC0261,943.58,Groceries,Chennai,Android,QR,0,normal
TXN007861,2026-02-28 16:32:00,USER0873,REC0297,278.54,Transfer,Chennai,Android,Collect Request,0,normal
TXN008373,2026-02-28 16:46:00,USER0481,REC0126,256.71,Groceries,Pune,Android,QR,0,normal
TXN002324,2026-02-28 16:52:00,USER0562,REC0360,1400.65,Groceries,Pune,iOS,Collect Request,0,normal
TXN009563,2026-02-28 16:53:00,USER0757,REC0423,282.42,Transfer,Mumbai,Android,QR,0,normal
TXN000986,2026-02-28 17:15:00,USER0238,REC0476,199.74,Shopping,Delhi,iOS,App,0,normal
TXN001812,2026-02-28 17:26:00,USER0882,REC0034,726.09,Transfer,Bengaluru,Android,QR,0,normal
TXN005186,2026-02-28 17:32:00,USER0822,REC0392,108.95,Groceries,Pune,Android,App,0,normal
TXN000652,2026-02-28 17:35:00,USER0147,REC0002,471.53,Food,Pune,iOS,App,0,normal
TXN003273,2026-02-28 17:37:00,USER0490,REC0081,943.16,Food,Pune,iOS,App,0,normal
TXN007686,2026-02-28 17:40:00,USER0148,REC0361,658.0,Shopping,Hyderabad,Android,QR,0,normal
TXN007955,2026-02-28 17:40:00,USER0192,REC0230,3273.83,Travel,Mumbai,Android,App,0,normal
TXN002258,2026-02-28 17:48:00,USER0535,REC0043,765.76,Groceries,Hyderabad,Android,QR,0,normal
TXN001723,2026-02-28 17:59:00,USER0571,REC0234,1040.24,Bills,Bengaluru,Android,QR,0,normal
TXN005522,2026-02-28 18:01:00,USER0352,REC0409,498.04,Groceries,Delhi,iOS,App,0,normal
TXN001438,2026-02-28 18:18:00,USER0099,REC0009,388.93,Food,Pune,Android,QR,0,normal
TXN004181,2026-02-28 18:39:00,USER0388,REC0060,178.09,Bills,Chennai,Android,App,0,normal
TXN007592,2026-02-28 18:40:00,USER0593,REC0319,1338.63,Food,Pune,iOS,App,0,normal
TXN002930,2026-02-28 18:53:00,USER0556,REC0437,418.4,Bills,Mumbai,Android,App,0,normal
TXN007091,2026-02-28 19:06:00,USER0528,REC0321,182.63,Shopping,Mumbai,Android,QR,0,normal
TXN008788,2026-02-28 19:20:00,USER0212,REC0447,250.62,Bills,Bengaluru,Android,App,0,normal
TXN008906,2026-02-28 19:21:00,USER0802,REC0041,414.48,Groceries,Delhi,Android,QR,0,normal
TXN004679,2026-02-28 19:24:00,USER0668,REC0051,865.2,Transfer,Delhi,iOS,App,0,normal
TXN001398,2026-02-28 19:25:00,USER0855,REC0440,276.6,Groceries,Chennai,Android,QR,0,normal
TXN008923,2026-02-28 19:38:00,USER0345,REC0387,908.29,Bills,Chennai,Android,Collect Request,0,normal
TXN002380,2026-02-28 19:38:00,USER0611,REC0177,756.83,Groceries,Delhi,Android,App,0,normal
TXN005954,2026-02-28 20:26:00,USER0839,REC0335,224.73,Food,Chennai,iOS,App,0,normal
TXN009066,2026-02-28 20:34:00,USER0963,REC0292,748.7,Food,Delhi,Android,QR,0,normal
TXN008358,2026-02-28 20:36:00,USER0774,REC0231,197.53,Transfer,Delhi,Android,App,0,normal
TXN001224,2026-02-28 20:51:00,USER0711,REC0098,1365.37,Groceries,Bengaluru,iOS,QR,0,normal
TXN005361,2026-02-28 21:10:00,USER0383,REC0334,1314.53,Food,Delhi,Android,QR,0,normal
TXN000123,2026-02-28 21:33:00,USER0725,REC0047,179.71,Shopping,Delhi,iOS,QR,0,normal
TXN000003,2026-02-28 21:52:00,USER0521,REC0107,697.75,Groceries,Hyderabad,Android,QR,0,normal
TXN008952,2026-02-28 21:52:00,USER0976,REC0399,320.23,Transfer,Pune,Android,App,0,normal
TXN002551,2026-02-28 21:54:00,USER0395,REC0450,696.39,Shopping,Mumbai,Android,App,0,normal
TXN008109,2026-02-28 22:10:00,USER0276,REC0063,497.99,Groceries,Chennai,Android,QR,0,normal
TXN004437,2026-02-28 22:22:00,USER0927,REC0157,1320.88,Shopping,Pune,Android,Collect Request,0,normal
TXN005138,2026-02-28 22:47:00,USER0907,REC0496,1018.87,Groceries,Delhi,Android,App,0,normal
TXN005994,2026-02-28 23:02:00,USER0136,REC0444,1201.12,Groceries,Hyderabad,Android,App,0,normal
TXN008480,2026-02-28 23:27:00,USER0962,REC0005,398.89,Shopping,Chennai,iOS,App,0,normal
TXN004464,2026-02-28 23:47:00,USER0223,REC0463,372.46,Travel,Pune,Android,QR,0,normal
TXN009560,2026-02-28 23:51:00,USER0815,REC0003,531.23,Food,Bengaluru,Android,QR,0,normal
TXN002086,2026-02-28 23:55:00,USER0780,REC0370,199.98,Food,Delhi,iOS,App,0,normal
TXN009898,2026-03-01 00:04:00,USER0632,REC0407,674.81,Bills,Chennai,Android,App,0,normal
TXN007541,2026-03-01 00:17:00,USER0952,REC0452,594.96,Food,Bengaluru,Android,App,0,normal
TXN003794,2026-03-01 00:41:00,USER0927,REC0172,925.56,Transfer,Bengaluru,Android,App,0,normal
TXN009696,2026-03-01 00:46:00,USER0390,REC0221,902.71,Food,Bengaluru,iOS,QR,0,normal
TXN005923,2026-03-01 00:47:00,USER0287,REC0455,823.73,Food,Bengaluru,Android,App,0,normal
TXN008706,2026-03-01 00:51:00,USER0348,REC0287,596.93,Shopping,Mumbai,iOS,App,0,normal
TXN005553,2026-03-01 01:02:00,USER0449,REC0441,1173.27,Groceries,Mumbai,Android,App,0,normal
TXN007222,2026-03-01 01:03:00,USER0155,REC0460,332.02,Shopping,Bengaluru,Android,App,0,normal
TXN002396,2026-03-01 01:07:00,USER0149,REC0088,481.75,Groceries,Mumbai,Android,App,0,normal
TXN004302,2026-03-01 01:27:00,USER0559,REC0019,1252.28,Groceries,Mumbai,iOS,App,0,normal
TXN001597,2026-03-01 01:28:00,USER0519,REC0136,577.27,Bills,Pune,Android,App,1,late_night_payment
TXN000842,2026-03-01 01:32:00,USER0385,REC0086,608.47,Travel,Chennai,Android,QR,0,normal
TXN009855,2026-03-01 01:36:00,USER0699,REC0383,653.57,Food,Pune,Android,QR,0,normal
TXN006228,2026-03-01 01:55:00,USER0728,REC0033,1075.25,Travel,Pune,Android,QR,0,normal
TXN008073,2026-03-01 02:08:00,USER0554,REC0334,2700.09,Food,Chennai,Android,QR,0,normal
TXN002619,2026-03-01 02:11:00,USER0036,REC0092,471.23,Bills,Chennai,Android,QR,0,normal
TXN003963,2026-03-01 02:25:00,USER0044,REC0106,1302.6,Food,Mumbai,iOS,QR,0,normal
TXN008133,2026-03-01 02:51:00,USER0271,REC0183,364.58,Food,Hyderabad,Android,App,0,normal
TXN001277,2026-03-01 03:10:00,USER0491,REC0422,107.21,Groceries,Chennai,iOS,App,0,normal
TXN006013,2026-03-01 03:11:00,USER0412,REC0250,197.98,Food,Hyderabad,Android,App,0,normal
TXN005879,2026-03-01 03:13:00,USER0087,REC0414,1086.73,Shopping,Chennai,Android,App,1,late_night_payment
TXN009899,2026-03-01 03:43:00,USER0200,REC0049,901.77,Food,Delhi,Android,App,0,normal
TXN004902,2026-03-01 03:50:00,USER0240,REC0140,803.63,Travel,Hyderabad,Android,App,0,normal
TXN001693,2026-03-01 04:00:00,USER0705,REC0338,804.69,Shopping,Bengaluru,Android,App,0,normal
TXN002195,2026-03-01 04:03:00,USER0055,REC0349,852.04,Groceries,Hyderabad,Android,QR,0,normal
TXN001981,2026-03-01 04:19:00,USER0647,REC0274,770.14,Groceries,Pune,Android,App,0,normal
TXN006481,2026-03-01 04:20:00,USER0890,REC0313,246.37,Groceries,Chennai,Android,QR,0,normal
TXN006153,2026-03-01 04:51:00,USER0753,REC0010,2378.96,Shopping,Mumbai,Android,App,0,normal
TXN000730,2026-03-01 04:59:00,USER0885,REC0039,406.12,Food,Mumbai,Android,App,0,normal
TXN009843,2026-03-01 05:22:00,USER0644,REC0443,147.36,Food,Bengaluru,Android,App,0,normal
TXN007287,2026-03-01 05:43:00,USER0192,REC0224,1495.29,Shopping,Pune,iOS,App,0,normal
TXN002023,2026-03-01 05:46:00,USER0971,REC0287,269.54,Shopping,Pune,Android,App,0,normal
TXN003438,2026-03-01 06:19:00,USER0626,REC0289,929.01,Transfer,Bengaluru,iOS,App,0,normal
TXN008936,2026-03-01 06:25:00,USER0621,REC0101,686.46,Groceries,Chennai,Android,QR,0,normal
TXN006343,2026-03-01 06:26:00,USER0703,REC0029,906.66,Shopping,Bengaluru,Android,QR,0,normal
TXN006755,2026-03-01 06:26:00,USER0193,REC0499,483.93,Bills,Pune,Android,App,0,normal
TXN005143,2026-03-01 06:38:00,USER0131,REC0358,760.21,Travel,Chennai,Android,QR,0,normal
TXN002584,2026-03-01 06:54:00,USER0929,REC0181,1186.73,Shopping,Bengaluru,Android,Collect Request,0,normal
TXN008204,2026-03-01 06:55:00,USER0521,REC0121,797.84,Shopping,Bengaluru,Android,App,0,normal
TXN009534,2026-03-01 07:02:00,USER0251,REC0039,621.84,Food,Chennai,iOS,QR,0,normal
TXN006822,2026-03-01 07:06:00,USER0686,REC0402,458.18,Bills,Pune,Android,QR,0,normal
TXN005015,2026-03-01 07:21:00,USER0675,REC0480,135.34,Bills,Pune,iOS,QR,0,normal
TXN006846,2026-03-01 07:26:00,USER0656,REC0496,1388.68,Travel,Mumbai,Android,QR,0,normal
TXN004321,2026-03-01 07:56:00,USER0992,REC0016,860.22,Groceries,Pune,iOS,QR,0,normal
TXN003409,2026-03-01 08:04:00,USER0342,REC0021,131.07,Food,Hyderabad,Android,App,0,normal
TXN006166,2026-03-01 08:07:00,USER0077,REC0141,432.12,Bills,Chennai,Android,QR,0,normal
TXN000316,2026-03-01 08:21:00,USER0590,REC0396,998.91,Groceries,Mumbai,iOS,Collect Request,0,normal
TXN008726,2026-03-01 08:26:00,USER0631,REC0484,787.42,Food,Bengaluru,iOS,QR,0,normal
TXN009629,2026-03-01 08:56:00,USER0338,REC0098,631.26,Shopping,Mumbai,Android,App,0,normal
TXN002022,2026-03-01 09:29:00,USER0761,REC0283,656.82,Food,Chennai,Android,App,0,normal
TXN003834,2026-03-01 09:34:00,USER0350,REC0398,1271.29,Food,Mumbai,Android,QR,0,normal
TXN002050,2026-03-01 09:35:00,USER0839,REC0122,1794.17,Travel,Pune,Android,App,0,normal
TXN007467,2026-03-01 09:36:00,USER0745,REC0315,268.52,Groceries,Mumbai,Android,QR,0,normal
TXN002897,2026-03-01 09:47:00,USER0010,REC0215,203.14,Food,Hyderabad,Android,App,0,normal
TXN009350,2026-03-01 09:51:00,USER0403,REC0477,706.02,Shopping,Bengaluru,iOS,QR,0,normal
TXN001959,2026-03-01 10:33:00,USER0014,REC0454,2026.56,Groceries,Mumbai,Android,App,0,normal
TXN008908,2026-03-01 10:34:00,USER0668,REC0286,4061.76,Travel,Pune,iOS,QR,0,normal
TXN007838,2026-03-01 10:35:00,USER0868,REC0166,420.32,Groceries,Delhi,Android,App,0,normal
TXN009132,2026-03-01 10:51:00,USER0557,REC0264,1141.13,Groceries,Delhi,Android,App,0,normal
TXN000255,2026-03-01 10:53:00,USER0124,REC0059,457.55,Bills,Delhi,Android,App,0,normal
TXN002771,2026-03-01 11:08:00,USER0188,REC0392,111.34,Transfer,Delhi,Android,App,0,normal
TXN007561,2026-03-01 11:09:00,USER0297,REC0117,600.15,Travel,Mumbai,Android,QR,0,normal
TXN008093,2026-03-01 11:14:00,USER0474,REC0001,2043.07,Bills,Hyderabad,iOS,Collect Request,0,normal
TXN007413,2026-03-01 11:18:00,USER0583,REC0186,641.2,Groceries,Chennai,Android,App,0,normal
TXN005714,2026-03-01 11:28:00,USER0197,REC0020,521.25,Shopping,Chennai,Android,App,0,normal
TXN009849,2026-03-01 11:52:00,USER0100,REC0012,1205.76,Food,Mumbai,Android,App,0,normal
TXN009989,2026-03-01 13:00:00,USER0387,REC0106,792.38,Shopping,Delhi,iOS,QR,0,normal
TXN007547,2026-03-01 13:05:00,USER0494,REC0409,174.37,Shopping,Delhi,Android,QR,0,normal
TXN000372,2026-03-01 13:11:00,USER0867,REC0045,251.72,Travel,Delhi,Android,App,0,normal
TXN000156,2026-03-01 13:44:00,USER0150,REC0088,491.62,Food,Hyderabad,Android,App,0,normal
TXN009865,2026-03-01 13:53:00,USER0404,REC0328,466.36,Food,Chennai,Android,QR,0,normal
TXN007538,2026-03-01 14:01:00,USER0566,REC0169,2686.67,Food,Delhi,Android,QR,0,normal
TXN009730,2026-03-01 14:22:00,USER0059,REC0076,1206.88,Bills,Pune,Android,App,0,normal
TXN003000,2026-03-01 15:03:00,USER0587,REC0197,439.41,Food,Mumbai,Android,App,0,normal
TXN003929,2026-03-01 15:21:00,USER0667,REC0247,194.43,Shopping,Pune,iOS,QR,0,normal
TXN009163,2026-03-01 15:26:00,USER0223,REC0163,1539.48,Travel,Pune,iOS,QR,0,normal
TXN000446,2026-03-01 15:47:00,USER0099,REC0332,1073.87,Food,Pune,Android,App,0,normal
TXN002088,2026-03-01 15:53:00,USER0997,REC0143,763.27,Food,Mumbai,Android,QR,0,normal
TXN008056,2026-03-01 15:54:00,USER0827,REC0365,140.17,Shopping,Hyderabad,Android,App,0,normal
TXN004400,2026-03-01 15:55:00,USER0693,REC0380,710.28,Food,Hyderabad,Android,QR,0,normal
TXN009309,2026-03-01 16:42:00,USER0021,REC0431,442.7,Transfer,Delhi,Android,App,0,normal
TXN000237,2026-03-01 16:43:00,USER0949,REC0145,341.68,Travel,Mumbai,iOS,QR,0,normal
TXN007784,2026-03-01 16:45:00,USER0707,REC0447,381.26,Food,Chennai,iOS,QR,0,normal
TXN002242,2026-03-01 17:03:00,USER0056,REC0451,764.73,Shopping,Delhi,Android,App,0,normal
TXN000479,2026-03-01 17:17:00,USER0638,REC0355,1152.09,Food,Chennai,iOS,App,0,normal
TXN001648,2026-03-01 17:25:00,USER0174,REC0216,1037.36,Transfer,Mumbai,Android,QR,0,normal
TXN007935,2026-03-01 17:44:00,USER0418,REC0244,545.89,Food,Delhi,Android,QR,0,normal
TXN005889,2026-03-01 18:07:00,USER0508,REC0135,388.08,Food,Delhi,iOS,App,0,normal
TXN002877,2026-03-01 18:49:00,USER0872,REC0148,2032.57,Food,Bengaluru,iOS,App,0,normal
TXN000162,2026-03-01 18:55:00,USER0175,REC0258,747.43,Groceries,Bengaluru,Android,App,0,normal
TXN004876,2026-03-01 18:59:00,USER0358,REC0010,823.28,Groceries,Bengaluru,iOS,App,0,normal
TXN005298,2026-03-01 19:29:00,USER0318,REC0097,692.43,Travel,Hyderabad,Android,App,0,normal
TXN004489,2026-03-01 19:31:00,USER0030,REC0138,1391.46,Travel,Delhi,Android,App,0,normal
TXN006562,2026-03-01 19:37:00,USER0473,REC0156,784.74,Food,Pune,Android,App,0,normal
TXN000108,2026-03-01 20:04:00,USER0121,REC0207,3010.63,Shopping,Delhi,Android,QR,0,normal
TXN009646,2026-03-01 20:11:00,USER0534,REC0191,373.28,Travel,Delhi,Android,Collect Request,0,normal
TXN008321,2026-03-01 20:24:00,USER0047,REC0074,520.93,Shopping,Delhi,iOS,QR,0,normal
TXN006767,2026-03-01 20:44:00,USER0840,REC0353,300.37,Groceries,Hyderabad,Android,App,0,normal
TXN005369,2026-03-01 20:47:00,USER0793,REC0057,37296.9,Travel,Pune,Android,QR,1,unusually_high_amount
TXN004730,2026-03-01 20:51:00,USER0185,REC0495,210.29,Transfer,Hyderabad,Android,App,0,normal
TXN000822,2026-03-01 21:52:00,USER0268,REC0254,341.12,Food,Chennai,Android,QR,0,normal
TXN000819,2026-03-01 22:01:00,USER0503,REC0240,351.86,Food,Bengaluru,iOS,QR,0,normal
TXN000311,2026-03-01 22:32:00,USER0355,REC0046,347.94,Bills,Pune,Android,App,0,normal
TXN005218,2026-03-01 22:40:00,USER0323,REC0157,273.06,Bills,Pune,Android,QR,0,normal
TXN007614,2026-03-01 22:46:00,USER0024,REC0018,662.96,Bills,Hyderabad,Android,App,0,normal
TXN008929,2026-03-01 23:01:00,USER0384,REC0024,2320.91,Groceries,Hyderabad,Android,App,0,normal
TXN009074,2026-03-01 23:01:00,USER0858,REC0180,578.65,Shopping,Chennai,iOS,QR,0,normal
TXN002563,2026-03-02 00:06:00,USER0697,REC0126,400.94,Shopping,Chennai,Android,App,0,normal
TXN005870,2026-03-02 00:21:00,USER0623,REC0497,512.51,Shopping,Hyderabad,Android,QR,0,normal
TXN005811,2026-03-02 00:28:00,USER0355,REC0059,184.47,Bills,Mumbai,Android,App,0,normal
TXN006720,2026-03-02 00:38:00,USER0161,REC0046,856.42,Groceries,Hyderabad,Android,QR,0,normal
TXN005204,2026-03-02 01:34:00,USER0985,REC0456,883.02,Travel,Chennai,Android,App,0,normal
TXN002084,2026-03-02 01:46:00,USER0006,REC0165,313.79,Bills,Hyderabad,Android,App,0,normal
TXN005447,2026-03-02 01:58:00,USER0565,REC0403,1158.02,Groceries,Bengaluru,Android,QR,0,normal
TXN007917,2026-03-02 02:06:00,USER0567,REC0181,381.51,Travel,Chennai,Android,App,0,normal
TXN002102,2026-03-02 02:33:00,USER0432,REC0067,2022.65,Transfer,Delhi,iOS,App,0,normal
TXN009836,2026-03-02 02:42:00,USER0413,REC0125,1715.91,Transfer,Mumbai,Android,QR,0,normal
TXN003159,2026-03-02 02:45:00,USER0014,REC0277,369.81,Shopping,Bengaluru,Android,QR,0,normal
TXN003739,2026-03-02 03:13:00,USER0673,REC0432,256.2,Food,Delhi,Android,QR,0,normal
TXN002722,2026-03-02 03:35:00,USER0349,REC0413,202.22,Shopping,Delhi,Android,App,0,normal
TXN000122,2026-03-02 03:45:00,USER0169,REC0442,1306.24,Shopping,Delhi,Android,App,0,normal
TXN007250,2026-03-02 03:50:00,USER0344,REC0024,866.13,Food,Bengaluru,Android,App,0,normal
TXN001049,2026-03-02 03:51:00,USER0053,REC0155,1393.6,Bills,Pune,Android,App,0,normal
TXN007812,2026-03-02 03:56:00,USER0239,REC0469,173.45,Shopping,Hyderabad,Android,QR,0,normal
TXN007993,2026-03-02 04:08:00,USER0122,REC0304,2218.38,Groceries,Mumbai,Android,QR,0,normal
TXN003655,2026-03-02 04:13:00,USER0647,REC0334,195.53,Food,Hyderabad,Android,App,0,normal
TXN004305,2026-03-02 04:32:00,USER0030,REC0082,551.85,Groceries,Chennai,Android,App,0,normal
TXN002616,2026-03-02 04:55:00,USER0849,REC0438,672.5,Groceries,Chennai,Android,App,0,normal
TXN008104,2026-03-02 05:07:00,USER0582,REC0419,206.58,Transfer,Pune,iOS,QR,0,normal
TXN000859,2026-03-02 05:19:00,USER0147,REC0456,724.59,Bills,Chennai,Android,App,0,normal
TXN007739,2026-03-02 05:31:00,USER0498,REC0409,757.5,Food,Pune,Android,App,0,normal
TXN005259,2026-03-02 05:51:00,USER0381,REC0071,21363.09,Transfer,Hyderabad,Android,QR,1,unusually_high_amount
TXN004359,2026-03-02 06:03:00,USER0587,REC0274,1767.55,Travel,Chennai,Android,QR,0,normal
TXN000080,2026-03-02 06:47:00,USER0763,REC0269,1178.33,Food,Hyderabad,Android,QR,0,normal
TXN007416,2026-03-02 07:24:00,USER0039,REC0233,432.32,Shopping,Mumbai,Android,QR,0,normal
TXN001132,2026-03-02 07:38:00,USER0248,REC0216,192.61,Bills,Pune,Android,QR,0,normal
TXN001613,2026-03-02 07:41:00,USER0879,REC0012,355.87,Food,Delhi,Android,QR,0,normal
TXN000641,2026-03-02 09:01:00,USER0495,REC0451,445.63,Shopping,Delhi,iOS,App,0,normal
TXN003983,2026-03-02 09:10:00,USER0072,REC0341,1535.48,Transfer,Hyderabad,Android,App,0,normal
TXN003193,2026-03-02 09:14:00,USER0782,REC0472,168.89,Food,Hyderabad,Android,App,0,normal
TXN000283,2026-03-02 09:37:00,USER0039,REC0192,456.25,Groceries,Pune,Android,QR,0,normal
TXN000736,2026-03-02 09:51:00,USER0785,REC0218,1806.89,Groceries,Bengaluru,Android,App,0,normal
TXN005376,2026-03-02 10:13:00,USER0674,REC0149,768.68,Groceries,Delhi,Android,QR,0,normal
TXN004879,2026-03-02 10:31:00,USER0423,REC0444,1082.13,Bills,Delhi,iOS,App,0,normal
TXN001427,2026-03-02 10:38:00,USER0964,REC0409,577.98,Food,Delhi,iOS,App,0,normal
TXN001306,2026-03-02 10:41:00,USER0591,REC0409,44531.81,Transfer,Bengaluru,Android,App,1,unusually_high_amount
TXN008179,2026-03-02 10:54:00,USER0740,REC0147,872.84,Bills,Pune,iOS,App,0,normal
TXN007291,2026-03-02 11:11:00,USER0970,REC0076,111.11,Shopping,Bengaluru,Android,App,0,normal
TXN003002,2026-03-02 11:12:00,USER0915,REC0260,672.32,Bills,Chennai,Android,Collect Request,0,normal
TXN006692,2026-03-02 11:16:00,USER0511,REC0424,132.14,Bills,Mumbai,Android,App,0,normal
TXN008915,2026-03-02 11:28:00,USER0037,REC0060,911.07,Bills,Chennai,Android,App,0,normal
TXN006344,2026-03-02 11:29:00,USER0691,REC0082,1529.48,Shopping,Bengaluru,iOS,Collect Request,0,normal
TXN009170,2026-03-02 11:33:00,USER0810,REC0395,542.27,Groceries,Delhi,Android,QR,0,normal
TXN002659,2026-03-02 11:37:00,USER0069,REC0454,756.9,Bills,Pune,iOS,App,0,normal
TXN009919,2026-03-02 11:42:00,USER0121,REC0337,1586.33,Shopping,Chennai,Android,App,0,normal
TXN007717,2026-03-02 11:46:00,USER0965,REC0145,1247.9,Groceries,Mumbai,Android,QR,0,normal
TXN000312,2026-03-02 12:02:00,USER0004,REC0171,913.05,Groceries,Bengaluru,iOS,App,0,normal
TXN002280,2026-03-02 12:05:00,USER0446,REC0086,475.21,Food,Pune,Android,App,0,normal
TXN008087,2026-03-02 12:11:00,USER0705,REC0270,636.78,Groceries,Mumbai,iOS,App,0,normal
TXN003375,2026-03-02 12:20:00,USER0803,REC0186,37068.85,Groceries,Mumbai,iOS,App,1,unusually_high_amount
TXN007256,2026-03-02 12:28:00,USER0906,REC0153,363.65,Groceries,Mumbai,Android,Collect Request,0,normal
TXN008397,2026-03-02 12:44:00,USER0270,REC0078,262.19,Groceries,Delhi,Android,App,0,normal
TXN002932,2026-03-02 13:21:00,USER0856,REC0368,1383.69,Groceries,Hyderabad,Android,App,0,normal
TXN006085,2026-03-02 13:39:00,USER0595,REC0151,1308.4,Shopping,Mumbai,Android,QR,0,normal
TXN009003,2026-03-02 13:58:00,USER0728,REC0260,652.38,Groceries,Delhi,iOS,QR,0,normal
TXN005403,2026-03-02 14:13:00,USER0043,REC0231,1448.77,Groceries,Chennai,Android,QR,0,normal
TXN006236,2026-03-02 14:23:00,USER0334,REC0474,271.0,Food,Mumbai,Android,App,0,normal
TXN001813,2026-03-02 14:44:00,USER0559,REC0370,479.94,Transfer,Hyderabad,Android,QR,0,normal
TXN005828,2026-03-02 14:47:00,USER0874,REC0464,301.34,Food,Chennai,Android,QR,0,normal
TXN006429,2026-03-02 14:55:00,USER0233,REC0089,242.69,Bills,Pune,Android,QR,0,normal
TXN002817,2026-03-02 15:42:00,USER0456,REC0159,1072.81,Shopping,Bengaluru,Android,Collect Request,0,normal
TXN005848,2026-03-02 16:09:00,USER0576,REC0103,1466.91,Shopping,Chennai,Android,Collect Request,0,normal
TXN005518,2026-03-02 16:10:00,USER0348,REC0191,392.93,Travel,Bengaluru,Android,App,0,normal
TXN003984,2026-03-02 16:15:00,USER0258,REC0129,1749.34,Travel,Mumbai,Android,App,0,normal
TXN009061,2026-03-02 16:48:00,USER0392,REC0056,205.28,Transfer,Hyderabad,Android,App,0,normal
TXN007317,2026-03-02 16:51:00,USER0038,REC0482,2820.12,Food,Mumbai,Android,QR,0,normal
TXN009169,2026-03-02 17:00:00,USER0990,REC0233,384.51,Transfer,Mumbai,iOS,QR,0,normal
TXN001424,2026-03-02 17:07:00,USER0551,REC0218,661.7,Shopping,Delhi,Android,App,0,normal
TXN002112,2026-03-02 17:25:00,USER0039,REC0370,87.03,Transfer,Mumbai,Android,App,0,normal
TXN003610,2026-03-02 17:27:00,USER0885,REC0338,694.7,Transfer,Chennai,Android,App,0,normal
TXN006509,2026-03-02 17:30:00,USER0070,REC0468,756.32,Food,Pune,Android,App,0,normal
TXN004170,2026-03-02 17:35:00,USER0633,REC0444,343.96,Shopping,Pune,Android,App,0,normal
TXN003813,2026-03-02 17:43:00,USER0268,REC0111,1206.09,Food,Bengaluru,Android,App,0,normal
TXN005643,2026-03-02 17:49:00,USER0621,REC0355,444.71,Shopping,Delhi,Android,QR,0,normal
TXN001071,2026-03-02 17:54:00,USER0377,REC0482,147.88,Shopping,Bengaluru,iOS,App,0,normal
TXN001329,2026-03-02 18:01:00,USER0046,REC0213,2045.17,Transfer,Mumbai,iOS,App,0,normal
TXN009226,2026-03-02 18:22:00,USER0634,REC0172,830.42,Food,Bengaluru,Android,App,0,normal
TXN001274,2026-03-02 18:39:00,USER0263,REC0485,544.31,Shopping,Chennai,Android,App,0,normal
TXN008211,2026-03-02 18:43:00,USER0941,REC0085,338.09,Transfer,Pune,Android,QR,0,normal
TXN005536,2026-03-02 18:44:00,USER0378,REC0163,1020.48,Transfer,Pune,iOS,App,0,normal
TXN008887,2026-03-02 19:02:00,USER0397,REC0414,292.52,Food,Bengaluru,Android,QR,0,normal
TXN009108,2026-03-02 19:37:00,USER0104,REC0407,459.77,Food,Hyderabad,Android,App,0,normal
TXN008511,2026-03-02 19:58:00,USER0195,REC0400,192.14,Groceries,Bengaluru,iOS,App,0,normal
TXN006212,2026-03-02 20:12:00,USER0027,REC0373,404.24,Shopping,Delhi,Android,QR,0,normal
TXN007445,2026-03-02 20:51:00,USER0839,REC0100,1365.83,Travel,Chennai,Android,QR,0,normal
TXN009671,2026-03-02 20:53:00,USER0414,REC0296,142.79,Groceries,Mumbai,iOS,QR,0,normal
TXN006974,2026-03-02 21:00:00,USER0942,REC0174,376.79,Bills,Bengaluru,iOS,QR,0,normal
TXN003233,2026-03-02 21:26:00,USER0302,REC0454,582.68,Shopping,Bengaluru,Android,QR,0,normal
TXN002438,2026-03-02 21:34:00,USER0196,REC0262,2219.9,Food,Chennai,Android,QR,0,normal
TXN005129,2026-03-02 22:03:00,USER0088,REC0330,900.38,Bills,Mumbai,Android,Collect Request,0,normal
TXN006454,2026-03-02 22:42:00,USER0699,REC0319,1298.38,Food,Mumbai,Android,App,0,normal
TXN001298,2026-03-02 22:56:00,USER0435,REC0133,1446.1,Shopping,Bengaluru,Android,App,0,normal
TXN008839,2026-03-02 23:31:00,USER0434,REC0246,1006.45,Shopping,Bengaluru,Android,App,0,normal
TXN001668,2026-03-02 23:39:00,USER0654,REC0343,248.58,Groceries,Bengaluru,iOS,App,0,normal
TXN000416,2026-03-02 23:44:00,USER0930,REC0103,391.5,Groceries,Hyderabad,Android,App,0,normal
TXN000257,2026-03-02 23:50:00,USER0781,REC0334,1614.41,Shopping,Mumbai,iOS,App,0,normal
TXN003206,2026-03-02 23:51:00,USER0272,REC0132,1505.73,Bills,Mumbai,Android,QR,0,normal
TXN009162,2026-03-03 00:16:00,USER0714,REC0389,213.07,Food,Bengaluru,Android,App,0,normal
TXN000049,2026-03-03 00:18:00,USER0324,REC0295,466.67,Groceries,Hyderabad,Android,Collect Request,0,normal
TXN006718,2026-03-03 00:21:00,USER0896,REC0210,917.92,Groceries,Hyderabad,Android,App,0,normal
TXN003390,2026-03-03 00:25:00,USER0457,REC0154,1645.73,Bills,Delhi,Android,QR,0,normal
TXN003519,2026-03-03 00:30:00,USER0898,REC0107,421.36,Food,Pune,iOS,QR,0,normal
TXN006350,2026-03-03 00:30:00,USER0076,REC0065,729.84,Bills,Mumbai,Android,App,0,normal
TXN009351,2026-03-03 00:33:00,USER0557,REC0156,75.96,Groceries,Hyderabad,Android,App,0,normal
TXN002034,2026-03-03 00:40:00,USER0157,REC0259,336.24,Groceries,Mumbai,Android,App,0,normal
TXN005124,2026-03-03 01:09:00,USER0294,REC0170,286.6,Shopping,Chennai,Android,QR,0,normal
TXN004201,2026-03-03 01:27:00,USER0837,REC0370,2210.39,Groceries,Bengaluru,Android,App,0,normal
TXN004999,2026-03-03 01:37:00,USER0470,REC0290,273.19,Food,Chennai,Android,App,0,normal
TXN003767,2026-03-03 01:43:00,USER0094,REC0289,1033.41,Groceries,Chennai,Android,App,0,normal
TXN008671,2026-03-03 02:20:00,USER0163,REC0218,335.92,Travel,Pune,Android,App,0,normal
TXN008434,2026-03-03 02:36:00,USER0982,REC0439,423.62,Food,Delhi,Android,App,0,normal
TXN009789,2026-03-03 02:41:00,USER0344,REC0449,596.68,Groceries,Delhi,Android,QR,0,normal
TXN004924,2026-03-03 02:45:00,USER0573,REC0177,1561.02,Bills,Mumbai,iOS,App,0,normal
TXN006894,2026-03-03 02:48:00,USER0434,REC0475,191.51,Groceries,Hyderabad,Android,App,0,normal
TXN007053,2026-03-03 02:52:00,USER0038,REC0301,293.31,Food,Pune,Android,Collect Request,0,normal
TXN005644,2026-03-03 02:57:00,USER0579,REC0139,252.37,Travel,Hyderabad,Android,QR,0,normal
TXN009597,2026-03-03 03:01:00,USER0944,REC0085,2992.86,Groceries,Delhi,Android,App,0,normal
TXN008317,2026-03-03 03:12:00,USER0290,REC0212,347.47,Transfer,Mumbai,Android,QR,0,normal
TXN000711,2026-03-03 03:14:00,USER0296,REC0272,3824.84,Transfer,Chennai,Android,QR,0,normal
TXN001327,2026-03-03 03:20:00,USER0126,REC0109,503.46,Groceries,Bengaluru,iOS,QR,0,normal
TXN008359,2026-03-03 03:32:00,USER0337,REC0229,1737.39,Shopping,Pune,iOS,QR,0,normal
TXN007328,2026-03-03 03:36:00,USER0924,REC0207,1097.96,Shopping,Hyderabad,Android,App,0,normal
TXN002468,2026-03-03 03:46:00,USER0226,REC0413,508.45,Groceries,Delhi,Android,Collect Request,0,normal
TXN008647,2026-03-03 04:50:00,USER0331,REC0194,627.25,Travel,Mumbai,Android,QR,0,normal
TXN004166,2026-03-03 04:52:00,USER0795,REC0162,388.67,Transfer,Hyderabad,iOS,App,0,normal
TXN005955,2026-03-03 04:54:00,USER0511,REC0410,641.18,Groceries,Chennai,Android,Collect Request,0,normal
TXN008913,2026-03-03 05:24:00,USER0592,REC0311,258.32,Food,Delhi,Android,QR,0,normal
TXN009161,2026-03-03 05:34:00,USER0231,REC0429,508.12,Transfer,Mumbai,iOS,QR,0,normal
TXN008801,2026-03-03 05:41:00,USER0188,REC0132,467.54,Groceries,Delhi,Android,App,0,normal
TXN002632,2026-03-03 05:42:00,USER0506,REC0112,325.82,Food,Delhi,Android,App,0,normal
TXN009756,2026-03-03 05:43:00,USER0862,REC0245,936.65,Groceries,Mumbai,Android,QR,0,normal
TXN008415,2026-03-03 06:05:00,USER0930,REC0070,1152.03,Transfer,Chennai,Android,App,0,normal
TXN007546,2026-03-03 06:16:00,USER0680,REC0304,660.38,Bills,Pune,iOS,QR,0,normal
TXN006097,2026-03-03 06:17:00,USER0297,REC0340,548.39,Transfer,Hyderabad,Android,App,0,normal
TXN000550,2026-03-03 06:20:00,USER0382,REC0094,1513.21,Food,Chennai,Android,App,0,normal
TXN000827,2026-03-03 06:22:00,USER0594,REC0341,44298.12,Transfer,Bengaluru,Android,QR,1,unusually_high_amount
TXN009624,2026-03-03 06:53:00,USER0382,REC0134,308.41,Bills,Mumbai,Android,App,0,normal
TXN009307,2026-03-03 07:02:00,USER0505,REC0423,1544.0,Groceries,Hyderabad,iOS,App,0,normal
TXN006223,2026-03-03 07:06:00,USER0652,REC0175,860.21,Bills,Chennai,Android,QR,0,normal
TXN005919,2026-03-03 07:08:00,USER0320,REC0374,323.3,Groceries,Pune,Android,QR,0,normal
TXN002285,2026-03-03 07:22:00,USER0782,REC0177,1548.35,Bills,Pune,Android,QR,0,normal
TXN007201,2026-03-03 07:33:00,USER0865,REC0485,946.18,Bills,Delhi,Android,QR,0,normal
TXN003192,2026-03-03 07:40:00,USER0350,REC0137,607.09,Shopping,Bengaluru,iOS,App,0,normal
TXN007018,2026-03-03 07:45:00,USER0947,REC0136,232.43,Groceries,Mumbai,Android,App,0,normal
TXN009056,2026-03-03 07:48:00,USER0083,REC0442,318.68,Groceries,Hyderabad,Android,QR,0,normal
TXN003829,2026-03-03 08:27:00,USER0072,REC0176,800.19,Bills,Pune,Android,App,0,normal
TXN009474,2026-03-03 08:41:00,USER0025,REC0374,254.44,Travel,Bengaluru,Android,App,0,normal
TXN001973,2026-03-03 08:50:00,USER0571,REC0167,92.91,Shopping,Mumbai,Android,App,0,normal
TXN004822,2026-03-03 08:53:00,USER0765,REC0342,265.36,Groceries,Bengaluru,iOS,QR,0,normal
TXN001703,2026-03-03 09:04:00,USER0847,REC0121,444.2,Food,Delhi,Android,QR,0,normal
TXN003719,2026-03-03 09:35:00,USER0221,REC0400,704.81,Transfer,Bengaluru,Android,App,0,normal
TXN009666,2026-03-03 09:44:00,USER0710,REC0437,287.66,Food,Delhi,iOS,App,0,normal
TXN008401,2026-03-03 09:45:00,USER0470,REC0286,401.89,Transfer,Chennai,iOS,App,0,normal
TXN009818,2026-03-03 10:10:00,USER0319,REC0211,4852.03,Groceries,Delhi,Android,QR,0,normal
TXN000098,2026-03-03 10:11:00,USER0160,REC0482,2819.0,Transfer,Chennai,Android,Collect Request,0,normal
TXN008685,2026-03-03 10:13:00,USER0584,REC0295,585.66,Transfer,Delhi,Android,QR,0,normal
TXN007682,2026-03-03 10:19:00,USER0180,REC0057,299.21,Travel,Hyderabad,iOS,App,0,normal
TXN001696,2026-03-03 10:22:00,USER0220,REC0028,636.04,Transfer,Bengaluru,Android,QR,0,normal
TXN003612,2026-03-03 10:23:00,USER0773,REC0337,355.59,Transfer,Mumbai,Android,QR,0,normal
TXN005023,2026-03-03 10:25:00,USER0702,REC0463,651.02,Groceries,Hyderabad,iOS,QR,0,normal
TXN004443,2026-03-03 10:51:00,USER0442,REC0170,210.99,Bills,Chennai,Android,QR,0,normal
TXN005004,2026-03-03 11:18:00,USER0733,REC0041,36055.27,Travel,Mumbai,iOS,App,1,unusually_high_amount
TXN000060,2026-03-03 11:23:00,USER0026,REC0326,1191.91,Shopping,Mumbai,Android,QR,0,normal
TXN001510,2026-03-03 11:50:00,USER0086,REC0323,446.42,Food,Mumbai,Android,App,0,normal
TXN009104,2026-03-03 11:52:00,USER0116,REC0027,322.11,Transfer,Mumbai,iOS,QR,0,normal
TXN002267,2026-03-03 12:08:00,USER0294,REC0118,149.73,Food,Bengaluru,Android,App,0,normal
TXN006251,2026-03-03 12:13:00,USER0041,REC0500,843.62,Groceries,Pune,Android,App,0,normal
TXN000191,2026-03-03 12:47:00,USER0023,REC0152,208.5,Shopping,Delhi,Android,QR,0,normal
TXN009087,2026-03-03 12:49:00,USER0491,REC0356,419.95,Groceries,Bengaluru,Android,QR,0,normal
TXN005670,2026-03-03 13:06:00,USER0604,REC0136,1918.73,Groceries,Pune,Android,App,0,normal
TXN005854,2026-03-03 13:26:00,USER0185,REC0318,605.07,Transfer,Delhi,Android,App,0,normal
TXN005723,2026-03-03 13:38:00,USER0872,REC0448,166.67,Bills,Chennai,iOS,QR,0,normal
TXN007408,2026-03-03 14:06:00,USER0344,REC0261,1210.42,Food,Delhi,Android,App,0,normal
TXN008893,2026-03-03 14:22:00,USER0144,REC0333,1856.34,Shopping,Delhi,Android,QR,0,normal
TXN000813,2026-03-03 14:30:00,USER0507,REC0048,1929.69,Bills,Bengaluru,Android,App,0,normal
TXN008440,2026-03-03 14:34:00,USER0163,REC0007,237.35,Groceries,Delhi,iOS,QR,0,normal
TXN009580,2026-03-03 14:37:00,USER0903,REC0279,1188.63,Transfer,Delhi,Android,App,0,normal
TXN001780,2026-03-03 14:39:00,USER0085,REC0031,328.31,Bills,Bengaluru,Android,QR,0,normal
TXN004215,2026-03-03 15:52:00,USER0981,REC0017,1786.75,Transfer,Delhi,Android,App,0,normal
TXN009341,2026-03-03 15:54:00,USER0548,REC0051,1240.15,Groceries,Pune,Android,App,0,normal
TXN004732,2026-03-03 16:03:00,USER0092,REC0449,757.08,Bills,Hyderabad,Android,QR,0,normal
TXN006772,2026-03-03 16:08:00,USER0386,REC0216,493.99,Food,Mumbai,Android,App,0,normal
TXN004037,2026-03-03 16:27:00,USER0524,REC0259,1314.82,Groceries,Delhi,Android,QR,0,normal
TXN002136,2026-03-03 16:31:00,USER0227,REC0216,384.69,Transfer,Delhi,iOS,QR,0,normal
TXN007674,2026-03-03 16:52:00,USER0649,REC0404,173.7,Food,Hyderabad,Android,QR,0,normal
TXN000636,2026-03-03 17:12:00,USER0918,REC0255,886.78,Transfer,Chennai,Android,QR,0,normal
TXN007381,2026-03-03 17:15:00,USER0784,REC0448,525.51,Shopping,Pune,Android,QR,0,normal
TXN007638,2026-03-03 17:23:00,USER0776,REC0132,330.08,Food,Mumbai,Android,App,0,normal
TXN008530,2026-03-03 17:28:00,USER0151,REC0347,775.47,Food,Chennai,iOS,QR,0,normal
TXN003576,2026-03-03 17:52:00,USER0720,REC0162,667.34,Food,Bengaluru,Android,App,0,normal
TXN000788,2026-03-03 17:58:00,USER0464,REC0284,654.16,Food,Bengaluru,iOS,QR,0,normal
TXN009322,2026-03-03 18:02:00,USER0361,REC0324,2681.89,Transfer,Mumbai,Android,App,0,normal
TXN002256,2026-03-03 18:06:00,USER0006,REC0112,918.94,Food,Mumbai,Android,App,0,normal
TXN000615,2026-03-03 18:07:00,USER0586,REC0214,593.56,Shopping,Chennai,iOS,QR,0,normal
TXN007583,2026-03-03 18:44:00,USER0234,REC0302,542.97,Groceries,Pune,iOS,App,0,normal
TXN000075,2026-03-03 18:47:00,USER0768,REC0470,146.58,Shopping,Delhi,Android,App,0,normal
TXN008198,2026-03-03 19:23:00,USER0557,REC0463,244.09,Travel,Delhi,Android,Collect Request,0,normal
TXN005574,2026-03-03 19:35:00,USER0694,REC0356,172.18,Groceries,Chennai,Android,QR,0,normal
TXN007957,2026-03-03 20:10:00,USER0722,REC0393,551.18,Transfer,Hyderabad,Android,App,0,normal
TXN003797,2026-03-03 20:26:00,USER0865,REC0448,725.24,Travel,Chennai,Android,App,0,normal
TXN009715,2026-03-03 20:41:00,USER0246,REC0064,393.35,Shopping,Hyderabad,Android,App,0,normal
TXN001547,2026-03-03 20:55:00,USER0982,REC0435,859.19,Groceries,Chennai,Android,App,0,normal
TXN004020,2026-03-03 21:04:00,USER0529,REC0229,228.37,Bills,Hyderabad,Android,App,0,normal
TXN001062,2026-03-03 21:21:00,USER0344,REC0348,544.0,Shopping,Pune,Android,App,0,normal
TXN008600,2026-03-03 22:12:00,USER0095,REC0281,438.98,Transfer,Chennai,Android,App,0,normal
TXN009947,2026-03-03 22:19:00,USER0583,REC0408,406.42,Transfer,Hyderabad,Android,App,0,normal
TXN007571,2026-03-03 22:21:00,USER0137,REC0256,658.15,Transfer,Pune,Android,App,0,normal
TXN005913,2026-03-03 23:08:00,USER0377,REC0061,154.63,Travel,Bengaluru,iOS,QR,0,normal
TXN005402,2026-03-03 23:42:00,USER0161,REC0269,460.46,Food,Hyderabad,Android,QR,0,normal
TXN003588,2026-03-04 00:01:00,USER0582,REC0088,325.9,Food,Hyderabad,Android,App,0,normal
TXN006258,2026-03-04 00:01:00,USER0609,REC0282,302.42,Groceries,Bengaluru,iOS,QR,0,normal
TXN006951,2026-03-04 00:13:00,USER0388,REC0145,451.28,Bills,Mumbai,Android,App,0,normal
TXN003573,2026-03-04 00:25:00,USER0096,REC0010,666.89,Groceries,Bengaluru,Android,App,0,normal
TXN001149,2026-03-04 00:34:00,USER0849,REC0329,392.69,Travel,Hyderabad,Android,QR,0,normal
TXN006731,2026-03-04 00:55:00,USER0896,REC0419,231.2,Groceries,Pune,Android,QR,0,normal
TXN000587,2026-03-04 01:04:00,USER0394,REC0432,690.71,Food,Mumbai,Android,QR,0,normal
TXN004013,2026-03-04 01:16:00,USER0836,REC0263,66.96,Transfer,Chennai,Android,QR,0,normal
TXN005323,2026-03-04 01:38:00,USER0168,REC0295,2802.71,Groceries,Bengaluru,Android,QR,0,normal
TXN009276,2026-03-04 01:51:00,USER0809,REC0279,911.53,Food,Bengaluru,iOS,App,0,normal
TXN004672,2026-03-04 01:53:00,USER0902,REC0245,158.19,Food,Bengaluru,Android,App,0,normal
TXN004029,2026-03-04 02:26:00,USER0749,REC0251,732.93,Transfer,Pune,Android,QR,0,normal
TXN008463,2026-03-04 02:38:00,USER0642,REC0302,311.83,Travel,Mumbai,Android,App,0,normal
TXN006547,2026-03-04 02:39:00,USER0717,REC0341,763.81,Transfer,Bengaluru,Android,QR,0,normal
TXN002718,2026-03-04 02:40:00,USER0508,REC0101,488.43,Bills,Bengaluru,Android,QR,0,normal
TXN008296,2026-03-04 03:16:00,USER0452,REC0457,819.76,Shopping,Mumbai,Android,App,0,normal
TXN003268,2026-03-04 03:16:00,USER0580,REC0071,143.24,Food,Bengaluru,iOS,App,0,normal
TXN005066,2026-03-04 03:28:00,USER0392,REC0188,1538.38,Travel,Pune,Android,App,0,normal
TXN009687,2026-03-04 04:07:00,USER0996,REC0139,22881.47,Food,Delhi,iOS,App,1,unusually_high_amount
TXN001183,2026-03-04 04:07:00,USER0612,REC0094,220.51,Bills,Chennai,iOS,App,0,normal
TXN000941,2026-03-04 04:17:00,USER0372,REC0397,967.16,Shopping,Delhi,Android,App,0,normal
TXN004887,2026-03-04 04:45:00,USER0734,REC0400,405.04,Bills,Chennai,Android,App,0,normal
TXN009900,2026-03-04 04:50:00,USER0549,REC0215,807.61,Groceries,Bengaluru,iOS,QR,0,normal
TXN008712,2026-03-04 05:45:00,USER0311,REC0389,244.77,Travel,Pune,iOS,QR,0,normal
TXN009293,2026-03-04 05:56:00,USER0509,REC0038,131.57,Travel,Delhi,Android,QR,0,normal
TXN004571,2026-03-04 06:00:00,USER0178,REC0073,586.39,Groceries,Chennai,Android,QR,0,normal
TXN004805,2026-03-04 06:10:00,USER0168,REC0166,1428.76,Groceries,Hyderabad,iOS,App,0,normal
TXN004856,2026-03-04 06:23:00,USER0162,REC0445,305.81,Groceries,Chennai,Android,App,0,normal
TXN006902,2026-03-04 06:27:00,USER0942,REC0207,2500.65,Groceries,Pune,Android,App,0,normal
TXN005572,2026-03-04 06:28:00,USER0966,REC0168,206.25,Food,Hyderabad,Android,App,0,normal
TXN006798,2026-03-04 06:37:00,USER0983,REC0305,297.06,Bills,Pune,Android,App,0,normal
TXN006857,2026-03-04 06:40:00,USER0565,REC0109,1687.36,Bills,Mumbai,Android,QR,0,normal
TXN002517,2026-03-04 06:41:00,USER0950,REC0004,330.21,Groceries,Pune,Android,App,0,normal
TXN009790,2026-03-04 06:42:00,USER0544,REC0208,637.04,Food,Chennai,Android,QR,0,normal
TXN006267,2026-03-04 07:02:00,USER0190,REC0476,391.21,Bills,Mumbai,Android,App,0,normal
TXN007819,2026-03-04 07:59:00,USER0704,REC0380,1374.69,Food,Mumbai,Android,QR,0,normal
TXN005112,2026-03-04 08:23:00,USER0920,REC0205,1137.11,Groceries,Delhi,iOS,Collect Request,0,normal
TXN004501,2026-03-04 08:24:00,USER0616,REC0263,2109.12,Travel,Chennai,iOS,QR,0,normal
TXN003976,2026-03-04 08:43:00,USER0055,REC0095,964.37,Food,Mumbai,iOS,QR,0,normal
TXN001614,2026-03-04 09:05:00,USER0706,REC0146,706.62,Shopping,Bengaluru,Android,App,0,normal
TXN006665,2026-03-04 09:22:00,USER0960,REC0210,420.05,Transfer,Hyderabad,Android,App,0,normal
TXN009339,2026-03-04 09:27:00,USER0807,REC0008,1253.34,Bills,Mumbai,Android,App,0,normal
TXN005626,2026-03-04 09:58:00,USER0702,REC0018,86.81,Shopping,Delhi,Android,QR,0,normal
TXN003608,2026-03-04 10:02:00,USER0380,REC0371,655.54,Food,Delhi,Android,QR,0,normal
TXN004760,2026-03-04 10:44:00,USER0351,REC0128,191.48,Groceries,Bengaluru,Android,Collect Request,0,normal
TXN006734,2026-03-04 11:08:00,USER0120,REC0202,508.86,Travel,Hyderabad,Android,App,0,normal
TXN004591,2026-03-04 11:17:00,USER0628,REC0206,174.35,Bills,Mumbai,Android,App,0,normal
TXN000422,2026-03-04 11:36:00,USER0452,REC0005,274.91,Shopping,Delhi,iOS,App,0,normal
TXN007232,2026-03-04 12:11:00,USER0634,REC0065,1209.97,Groceries,Chennai,iOS,App,0,normal
TXN005357,2026-03-04 12:32:00,USER0206,REC0413,2045.96,Food,Chennai,Android,QR,0,normal
TXN000666,2026-03-04 12:45:00,USER0247,REC0278,541.41,Bills,Bengaluru,Android,App,0,normal
TXN007926,2026-03-04 12:45:00,USER0707,REC0438,298.56,Travel,Hyderabad,iOS,QR,0,normal
TXN003877,2026-03-04 12:54:00,USER0647,REC0244,388.01,Transfer,Delhi,Android,QR,0,normal
TXN008705,2026-03-04 13:13:00,USER0692,REC0296,173.57,Shopping,Bengaluru,Android,App,0,normal
TXN009776,2026-03-04 13:16:00,USER0774,REC0411,555.94,Food,Chennai,Android,App,0,normal
TXN008136,2026-03-04 13:39:00,USER0597,REC0379,868.2,Food,Hyderabad,Android,App,0,normal
TXN008085,2026-03-04 14:00:00,USER0708,REC0375,1138.29,Groceries,Mumbai,Android,App,0,normal
TXN006448,2026-03-04 14:23:00,USER0921,REC0108,609.97,Groceries,Delhi,iOS,QR,0,normal
TXN009746,2026-03-04 15:05:00,USER0657,REC0435,362.39,Groceries,Delhi,Android,App,0,normal
TXN006524,2026-03-04 15:36:00,USER0084,REC0083,1826.4,Food,Bengaluru,Android,Collect Request,0,normal
TXN004745,2026-03-04 15:51:00,USER0873,REC0363,499.41,Shopping,Mumbai,iOS,QR,0,normal
TXN000184,2026-03-04 16:03:00,USER0759,REC0052,431.04,Food,Delhi,Android,App,0,normal
TXN004493,2026-03-04 16:27:00,USER0143,REC0163,448.29,Bills,Bengaluru,iOS,Collect Request,0,normal
TXN002075,2026-03-04 16:29:00,USER0174,REC0219,728.95,Travel,Hyderabad,iOS,App,0,normal
TXN005154,2026-03-04 16:55:00,USER0903,REC0212,547.11,Bills,Delhi,Android,App,0,normal
TXN000175,2026-03-04 17:01:00,USER0987,REC0448,1116.54,Shopping,Bengaluru,Android,App,0,normal
TXN004870,2026-03-04 18:06:00,USER0010,REC0358,606.61,Shopping,Chennai,Android,App,0,normal
TXN005860,2026-03-04 18:07:00,USER0693,REC0299,527.1,Groceries,Mumbai,Android,QR,0,normal
TXN000008,2026-03-04 18:18:00,USER0167,REC0019,449.19,Travel,Chennai,Android,App,0,normal
TXN000875,2026-03-04 18:19:00,USER0478,REC0118,1331.6,Groceries,Delhi,iOS,App,0,normal
TXN004683,2026-03-04 18:35:00,USER0497,REC0432,639.82,Food,Pune,iOS,QR,0,normal
TXN008055,2026-03-04 19:04:00,USER0030,REC0458,652.35,Food,Bengaluru,Android,App,0,normal
TXN006357,2026-03-04 19:18:00,USER0749,REC0129,634.46,Transfer,Delhi,iOS,App,0,normal
TXN000866,2026-03-04 19:56:00,USER0659,REC0142,1046.59,Food,Bengaluru,Android,QR,0,normal
TXN007580,2026-03-04 19:59:00,USER0819,REC0315,182.42,Food,Bengaluru,Android,App,0,normal
TXN001472,2026-03-04 20:05:00,USER0953,REC0232,1004.81,Food,Mumbai,Android,App,0,normal
TXN006028,2026-03-04 20:05:00,USER0362,REC0131,398.76,Transfer,Pune,Android,App,0,normal
TXN004522,2026-03-04 20:22:00,USER0884,REC0209,430.76,Groceries,Mumbai,iOS,QR,0,normal
TXN005516,2026-03-04 20:36:00,USER0028,REC0149,617.31,Food,Chennai,Android,QR,0,normal
TXN006784,2026-03-04 21:02:00,USER0435,REC0435,170.22,Transfer,Chennai,iOS,QR,0,normal
TXN006689,2026-03-04 21:16:00,USER0552,REC0380,549.03,Food,Hyderabad,Android,App,0,normal
TXN005269,2026-03-04 21:44:00,USER0361,REC0116,690.64,Food,Delhi,Android,App,0,normal
TXN002375,2026-03-04 22:11:00,USER0130,REC0181,973.28,Food,Mumbai,iOS,QR,0,normal
TXN008422,2026-03-04 22:25:00,USER0946,REC0397,319.23,Transfer,Chennai,iOS,Collect Request,0,normal
TXN006895,2026-03-04 22:29:00,USER0622,REC0469,344.74,Bills,Mumbai,Android,App,0,normal
TXN002501,2026-03-04 22:44:00,USER0175,REC0288,618.79,Shopping,Delhi,Android,Collect Request,0,normal
TXN008366,2026-03-04 22:45:00,USER0401,REC0286,782.46,Food,Chennai,Android,QR,0,normal
TXN001733,2026-03-04 22:53:00,USER0371,REC0109,979.98,Shopping,Pune,Android,App,0,normal
TXN003221,2026-03-04 22:58:00,USER0500,REC0330,441.74,Transfer,Mumbai,iOS,QR,0,normal
TXN008717,2026-03-04 23:10:00,USER0570,REC0059,256.21,Groceries,Pune,Android,App,0,normal
TXN000204,2026-03-04 23:22:00,USER0295,REC0386,163.73,Travel,Pune,Android,App,0,normal
TXN000932,2026-03-04 23:30:00,USER0810,REC0432,858.33,Groceries,Hyderabad,Android,QR,0,normal
TXN001303,2026-03-04 23:36:00,USER0132,REC0165,1172.02,Groceries,Bengaluru,Android,QR,0,normal
TXN002181,2026-03-04 23:38:00,USER0684,REC0335,173.03,Transfer,Bengaluru,Android,QR,0,normal
TXN002211,2026-03-04 23:46:00,USER0884,REC0108,1671.49,Shopping,Mumbai,Android,App,0,normal
TXN006388,2026-03-04 23:49:00,USER0925,REC0178,394.54,Food,Mumbai,iOS,QR,0,normal
TXN009210,2026-03-04 23:49:00,USER0183,REC0444,514.0,Travel,Delhi,iOS,App,0,normal
TXN006970,2026-03-04 23:57:00,USER0774,REC0198,862.34,Bills,Delhi,Android,App,0,normal
TXN008560,2026-03-05 00:01:00,USER0926,REC0215,110.5,Transfer,Mumbai,iOS,App,0,normal
TXN000086,2026-03-05 00:34:00,USER0317,REC0312,450.04,Groceries,Pune,Android,App,0,normal
TXN000043,2026-03-05 01:07:00,USER0373,REC0470,1230.25,Groceries,Hyderabad,iOS,QR,0,normal
TXN002141,2026-03-05 01:43:00,USER0334,REC0379,604.33,Travel,Delhi,Android,Collect Request,0,normal
TXN001348,2026-03-05 01:54:00,USER0550,REC0379,244.31,Transfer,Hyderabad,Android,App,0,normal
TXN003105,2026-03-05 02:08:00,USER0085,REC0218,320.86,Travel,Bengaluru,Android,QR,0,normal
TXN009769,2026-03-05 02:36:00,USER0355,REC0380,297.31,Shopping,Chennai,Android,QR,0,normal
TXN006424,2026-03-05 02:44:00,USER0974,REC0176,1223.32,Groceries,Mumbai,iOS,QR,0,normal
TXN002120,2026-03-05 03:00:00,USER0887,REC0041,3163.5,Travel,Chennai,Android,App,0,normal
TXN009923,2026-03-05 03:08:00,USER0778,REC0209,1140.33,Food,Chennai,Android,App,0,normal
TXN008547,2026-03-05 03:17:00,USER0103,REC0054,127.5,Transfer,Pune,Android,Collect Request,0,normal
TXN008241,2026-03-05 03:33:00,USER0601,REC0450,303.41,Groceries,Pune,Android,QR,0,normal
TXN000982,2026-03-05 04:19:00,USER0313,REC0127,1178.05,Shopping,Delhi,Android,App,0,normal
TXN001595,2026-03-05 04:32:00,USER0607,REC0097,416.39,Food,Bengaluru,iOS,App,0,normal
TXN005029,2026-03-05 04:32:00,USER0478,REC0242,387.99,Groceries,Pune,Android,App,0,normal
TXN009077,2026-03-05 04:49:00,USER0242,REC0292,145.81,Shopping,Pune,Android,QR,0,normal
TXN003933,2026-03-05 06:13:00,USER0228,REC0474,514.55,Bills,Hyderabad,Android,App,0,normal
TXN001194,2026-03-05 06:33:00,USER0916,REC0114,202.87,Food,Delhi,Android,QR,0,normal
TXN009357,2026-03-05 06:34:00,USER0461,REC0491,404.66,Groceries,Chennai,iOS,App,0,normal
TXN007867,2026-03-05 06:56:00,USER0532,REC0443,414.97,Groceries,Chennai,iOS,QR,0,normal
TXN008124,2026-03-05 07:54:00,USER0917,REC0103,906.29,Transfer,Pune,Android,App,0,normal
TXN009120,2026-03-05 08:04:00,USER0675,REC0152,398.31,Shopping,Chennai,iOS,App,0,normal
TXN009986,2026-03-05 08:08:00,USER0370,REC0091,891.83,Transfer,Mumbai,Android,App,0,normal
TXN004568,2026-03-05 08:09:00,USER0133,REC0139,1107.73,Shopping,Mumbai,Android,Collect Request,0,normal
TXN009269,2026-03-05 08:20:00,USER0331,REC0457,1540.07,Bills,Mumbai,Android,QR,0,normal
TXN009147,2026-03-05 08:24:00,USER0263,REC0091,1081.55,Groceries,Pune,Android,QR,0,normal
TXN009648,2026-03-05 08:42:00,USER0449,REC0455,430.85,Groceries,Mumbai,iOS,App,0,normal
TXN000223,2026-03-05 08:42:00,USER0423,REC0219,501.73,Transfer,Hyderabad,iOS,QR,0,normal
TXN006550,2026-03-05 08:53:00,USER0267,REC0310,2804.43,Food,Delhi,Android,QR,0,normal
TXN004533,2026-03-05 09:16:00,USER0970,REC0092,516.71,Travel,Chennai,iOS,App,0,normal
TXN005822,2026-03-05 09:29:00,USER0985,REC0254,387.84,Shopping,Hyderabad,Android,QR,0,normal
TXN007554,2026-03-05 09:37:00,USER0449,REC0218,1782.73,Food,Mumbai,Android,App,0,normal
TXN004567,2026-03-05 09:48:00,USER0771,REC0284,1347.55,Groceries,Delhi,Android,QR,0,normal
TXN003557,2026-03-05 09:52:00,USER0202,REC0360,792.83,Food,Hyderabad,Android,QR,0,normal
TXN008919,2026-03-05 09:59:00,USER0382,REC0159,525.34,Bills,Bengaluru,Android,App,0,normal
TXN002155,2026-03-05 10:03:00,USER0654,REC0423,279.62,Transfer,Mumbai,Android,App,0,normal
TXN002842,2026-03-05 10:27:00,USER0342,REC0361,163.65,Shopping,Delhi,Android,QR,0,normal
TXN007806,2026-03-05 10:31:00,USER0784,REC0324,1810.14,Food,Chennai,iOS,QR,0,normal
TXN003005,2026-03-05 10:35:00,USER0265,REC0499,570.22,Food,Hyderabad,Android,App,0,normal
TXN003068,2026-03-05 10:51:00,USER0051,REC0364,898.23,Travel,Delhi,iOS,App,0,normal
TXN009093,2026-03-05 10:55:00,USER0293,REC0362,278.96,Shopping,Bengaluru,iOS,QR,0,normal
TXN007070,2026-03-05 11:04:00,USER0740,REC0287,1053.11,Travel,Delhi,iOS,QR,0,normal
TXN000110,2026-03-05 11:09:00,USER0817,REC0420,1740.42,Bills,Pune,iOS,QR,0,normal
TXN006964,2026-03-05 11:19:00,USER0175,REC0082,620.28,Transfer,Hyderabad,iOS,Collect Request,0,normal
TXN004454,2026-03-05 11:23:00,USER0027,REC0007,727.41,Transfer,Mumbai,Android,QR,0,normal
TXN001064,2026-03-05 11:40:00,USER0842,REC0033,421.91,Bills,Delhi,Android,QR,0,normal
TXN007696,2026-03-05 11:46:00,USER0592,REC0105,891.14,Food,Hyderabad,Android,App,0,normal
TXN005207,2026-03-05 12:06:00,USER0418,REC0395,443.37,Groceries,Pune,Android,QR,0,normal
TXN002774,2026-03-05 12:31:00,USER0276,REC0071,188.07,Bills,Chennai,Android,App,0,normal
TXN006072,2026-03-05 13:10:00,USER0867,REC0349,671.1,Transfer,Delhi,Android,QR,0,normal
TXN002707,2026-03-05 13:10:00,USER0393,REC0210,491.46,Groceries,Mumbai,Android,App,0,normal
TXN006207,2026-03-05 13:17:00,USER0037,REC0004,427.27,Food,Chennai,Android,App,0,normal
TXN001041,2026-03-05 13:18:00,USER0634,REC0144,300.95,Travel,Hyderabad,Android,App,0,normal
TXN007718,2026-03-05 13:29:00,USER0254,REC0255,266.57,Bills,Bengaluru,Android,App,0,normal
TXN001539,2026-03-05 13:31:00,USER0833,REC0078,1184.3,Shopping,Pune,Android,App,0,normal
TXN008531,2026-03-05 14:05:00,USER0173,REC0461,3223.7,Transfer,Hyderabad,Android,App,0,normal
TXN005478,2026-03-05 14:27:00,USER0092,REC0172,374.55,Food,Pune,Android,App,0,normal
TXN004157,2026-03-05 14:37:00,USER0400,REC0092,487.4,Groceries,Mumbai,iOS,QR,0,normal
TXN008344,2026-03-05 14:46:00,USER0678,REC0133,513.15,Shopping,Bengaluru,Android,QR,0,normal
TXN003065,2026-03-05 15:17:00,USER0307,REC0105,208.62,Shopping,Hyderabad,Android,App,0,normal
TXN005779,2026-03-05 15:17:00,USER0472,REC0286,774.72,Groceries,Bengaluru,iOS,App,0,normal
TXN007024,2026-03-05 15:41:00,USER0529,REC0185,229.57,Shopping,Pune,Android,App,0,normal
TXN008469,2026-03-05 15:44:00,USER0766,REC0143,907.12,Groceries,Chennai,Android,App,0,normal
TXN004695,2026-03-05 16:17:00,USER0736,REC0224,768.56,Groceries,Hyderabad,Android,QR,0,normal
TXN005463,2026-03-05 16:19:00,USER0853,REC0291,4876.11,Bills,Delhi,Android,App,0,normal
TXN006646,2026-03-05 16:35:00,USER0064,REC0390,1196.3,Bills,Pune,Android,App,0,normal
TXN002820,2026-03-05 16:56:00,USER0212,REC0094,414.01,Bills,Delhi,iOS,App,0,normal
TXN002799,2026-03-05 17:02:00,USER0540,REC0186,388.35,Bills,Chennai,Android,QR,0,normal
TXN001600,2026-03-05 17:28:00,USER0397,REC0435,1221.48,Groceries,Bengaluru,Android,QR,0,normal
TXN003050,2026-03-05 17:37:00,USER0343,REC0450,700.35,Groceries,Mumbai,Android,App,0,normal
TXN004584,2026-03-05 17:40:00,USER0268,REC0359,640.42,Shopping,Pune,Android,App,0,normal
TXN009749,2026-03-05 18:04:00,USER0715,REC0106,248.29,Transfer,Mumbai,Android,Collect Request,0,normal
TXN003931,2026-03-05 19:07:00,USER0932,REC0205,1308.16,Food,Chennai,Android,App,0,normal
TXN005840,2026-03-05 19:08:00,USER0429,REC0317,724.23,Shopping,Hyderabad,iOS,App,0,normal
TXN006032,2026-03-05 19:19:00,USER0241,REC0089,445.91,Groceries,Hyderabad,iOS,App,0,normal
TXN004555,2026-03-05 19:23:00,USER0357,REC0342,946.03,Shopping,Hyderabad,Android,App,0,normal
TXN000541,2026-03-05 19:31:00,USER0474,REC0359,230.99,Food,Delhi,Android,QR,0,normal
TXN001045,2026-03-05 19:49:00,USER0216,REC0085,2330.63,Groceries,Delhi,iOS,Collect Request,0,normal
TXN008278,2026-03-05 20:01:00,USER0316,REC0126,168.35,Groceries,Delhi,Android,QR,0,normal
TXN009540,2026-03-05 20:19:00,USER0086,REC0160,362.35,Groceries,Pune,Android,QR,0,normal
TXN003681,2026-03-05 20:27:00,USER0727,REC0302,492.95,Groceries,Hyderabad,Android,QR,0,normal
TXN005410,2026-03-05 20:38:00,USER0428,REC0192,1163.32,Travel,Delhi,iOS,App,0,normal
TXN000906,2026-03-05 20:41:00,USER0748,REC0396,499.24,Shopping,Pune,Android,App,0,normal
TXN005583,2026-03-05 20:42:00,USER0021,REC0377,254.96,Bills,Mumbai,Android,QR,0,normal
TXN007458,2026-03-05 20:46:00,USER0126,REC0010,220.54,Bills,Mumbai,Android,QR,0,normal
TXN001317,2026-03-05 20:49:00,USER0159,REC0361,234.66,Food,Hyderabad,Android,Collect Request,0,normal
TXN000892,2026-03-05 21:23:00,USER0271,REC0018,781.28,Groceries,Chennai,Android,App,0,normal
TXN006548,2026-03-05 21:26:00,USER0727,REC0111,510.38,Bills,Hyderabad,iOS,App,0,normal
TXN005956,2026-03-05 21:36:00,USER0959,REC0250,970.73,Transfer,Mumbai,Android,Collect Request,0,normal
TXN003490,2026-03-05 21:38:00,USER0095,REC0207,2051.36,Food,Hyderabad,iOS,App,0,normal
TXN009453,2026-03-05 21:54:00,USER0064,REC0449,790.64,Travel,Chennai,Android,App,0,normal
TXN009810,2026-03-05 21:57:00,USER0600,REC0175,232.62,Travel,Pune,iOS,QR,0,normal
TXN001894,2026-03-05 22:07:00,USER0058,REC0481,454.81,Bills,Mumbai,iOS,QR,0,normal
TXN008721,2026-03-05 22:12:00,USER0740,REC0315,673.74,Groceries,Chennai,Android,QR,0,normal
TXN004212,2026-03-05 22:22:00,USER0045,REC0323,1020.77,Transfer,Pune,Android,Collect Request,0,normal
TXN006215,2026-03-05 22:36:00,USER0953,REC0241,459.87,Food,Delhi,Android,QR,0,normal
TXN003135,2026-03-05 22:39:00,USER0763,REC0357,601.7,Food,Hyderabad,iOS,QR,0,normal
TXN002408,2026-03-05 22:45:00,USER0187,REC0090,491.44,Food,Hyderabad,Android,App,0,normal
TXN006346,2026-03-05 23:14:00,USER0593,REC0425,1863.19,Bills,Delhi,Android,App,0,normal
TXN002245,2026-03-05 23:29:00,USER0133,REC0161,434.26,Shopping,Mumbai,Android,App,0,normal
TXN004519,2026-03-05 23:41:00,USER0353,REC0346,188.04,Food,Chennai,Android,App,0,normal
TXN007122,2026-03-05 23:54:00,USER0305,REC0012,439.57,Shopping,Pune,Android,QR,0,normal
TXN006226,2026-03-06 00:06:00,USER0947,REC0027,721.47,Shopping,Mumbai,Android,App,0,normal
TXN009575,2026-03-06 00:21:00,USER0599,REC0017,249.16,Travel,Bengaluru,Android,QR,0,normal
TXN004575,2026-03-06 00:28:00,USER0940,REC0074,1557.78,Shopping,Hyderabad,Android,App,0,normal
TXN003856,2026-03-06 00:38:00,USER0913,REC0374,415.57,Transfer,Delhi,iOS,App,0,normal
TXN001077,2026-03-06 00:51:00,USER0480,REC0036,767.72,Groceries,Hyderabad,Android,QR,0,normal
TXN001522,2026-03-06 00:57:00,USER0081,REC0093,578.33,Shopping,Mumbai,Android,Collect Request,0,normal
TXN003870,2026-03-06 01:17:00,USER0644,REC0444,805.17,Groceries,Bengaluru,Android,App,0,normal
TXN006296,2026-03-06 01:18:00,USER0207,REC0076,2724.14,Shopping,Pune,Android,Collect Request,0,normal
TXN005875,2026-03-06 01:26:00,USER0774,REC0176,587.89,Bills,Pune,Android,QR,0,normal
TXN003446,2026-03-06 01:44:00,USER0419,REC0297,1671.14,Transfer,Bengaluru,Android,App,0,normal
TXN008214,2026-03-06 01:55:00,USER0202,REC0385,2554.24,Groceries,Bengaluru,Android,App,0,normal
TXN009801,2026-03-06 02:01:00,USER0094,REC0305,493.33,Bills,Hyderabad,Android,App,0,normal
TXN007787,2026-03-06 02:10:00,USER0218,REC0315,1286.08,Transfer,Mumbai,iOS,App,0,normal
TXN008967,2026-03-06 02:42:00,USER0122,REC0351,742.18,Transfer,Bengaluru,iOS,QR,0,normal
TXN007075,2026-03-06 02:52:00,USER0249,REC0037,105.47,Shopping,Hyderabad,Android,App,0,normal
TXN007673,2026-03-06 02:54:00,USER0567,REC0480,163.75,Groceries,Delhi,iOS,App,0,normal
TXN003554,2026-03-06 03:32:00,USER0395,REC0001,421.58,Groceries,Chennai,iOS,QR,0,normal
TXN004419,2026-03-06 03:49:00,USER0355,REC0193,1321.47,Food,Pune,iOS,QR,0,normal
TXN007766,2026-03-06 03:50:00,USER0635,REC0240,380.03,Groceries,Mumbai,Android,App,0,normal
TXN003151,2026-03-06 03:55:00,USER0229,REC0416,238.47,Groceries,Bengaluru,Android,App,0,normal
TXN008333,2026-03-06 04:12:00,USER0937,REC0453,1417.74,Transfer,Hyderabad,Android,App,0,normal
TXN005281,2026-03-06 04:27:00,USER0089,REC0323,1597.68,Transfer,Mumbai,iOS,QR,0,normal
TXN008453,2026-03-06 04:30:00,USER0905,REC0383,155.94,Bills,Pune,Android,App,0,normal
TXN006485,2026-03-06 04:35:00,USER0178,REC0484,605.12,Shopping,Chennai,iOS,App,0,normal
TXN001276,2026-03-06 04:38:00,USER0712,REC0447,453.46,Food,Pune,Android,App,0,normal
TXN005575,2026-03-06 05:05:00,USER0918,REC0430,317.43,Shopping,Bengaluru,Android,Collect Request,0,normal
TXN001197,2026-03-06 05:07:00,USER0181,REC0038,1024.05,Bills,Hyderabad,iOS,QR,0,normal
TXN007283,2026-03-06 05:15:00,USER0515,REC0157,172.83,Bills,Delhi,Android,QR,0,normal
TXN004214,2026-03-06 05:20:00,USER0642,REC0349,355.99,Shopping,Chennai,Android,QR,0,normal
TXN009799,2026-03-06 05:41:00,USER0329,REC0167,276.63,Food,Chennai,iOS,QR,0,normal
TXN008604,2026-03-06 05:56:00,USER0369,REC0329,757.98,Transfer,Delhi,Android,QR,0,normal
TXN005253,2026-03-06 06:30:00,USER0168,REC0226,500.66,Bills,Pune,iOS,QR,0,normal
TXN008825,2026-03-06 06:30:00,USER0053,REC0004,3440.09,Groceries,Delhi,Android,App,0,normal
TXN008349,2026-03-06 06:45:00,USER0402,REC0485,202.18,Groceries,Bengaluru,Android,App,0,normal
TXN004287,2026-03-06 06:49:00,USER0401,REC0027,702.18,Bills,Pune,Android,QR,0,normal
TXN002353,2026-03-06 07:00:00,USER0527,REC0398,1468.13,Bills,Delhi,Android,QR,0,normal
TXN004165,2026-03-06 07:01:00,USER0394,REC0106,401.19,Bills,Hyderabad,Android,App,0,normal
TXN002295,2026-03-06 07:12:00,USER0732,REC0362,695.02,Shopping,Mumbai,Android,QR,0,normal
TXN002055,2026-03-06 07:19:00,USER0727,REC0481,812.72,Groceries,Mumbai,iOS,QR,0,normal
TXN009642,2026-03-06 07:25:00,USER0820,REC0023,433.0,Shopping,Chennai,Android,QR,0,normal
TXN009920,2026-03-06 07:37:00,USER0336,REC0142,1013.86,Groceries,Bengaluru,Android,QR,0,normal
TXN007908,2026-03-06 08:13:00,USER0970,REC0417,384.72,Food,Bengaluru,Android,App,0,normal
TXN006328,2026-03-06 08:14:00,USER0223,REC0077,557.04,Bills,Hyderabad,Android,App,0,normal
TXN002941,2026-03-06 08:39:00,USER0800,REC0158,2477.37,Groceries,Delhi,iOS,App,0,normal
TXN003907,2026-03-06 08:56:00,USER0885,REC0222,431.44,Transfer,Pune,Android,QR,0,normal
TXN000430,2026-03-06 09:16:00,USER0405,REC0353,41233.87,Groceries,Bengaluru,Android,QR,1,unusually_high_amount
TXN006837,2026-03-06 09:59:00,USER0180,REC0454,628.85,Food,Mumbai,Android,App,0,normal
TXN008002,2026-03-06 10:46:00,USER0874,REC0289,552.58,Travel,Chennai,Android,QR,0,normal
TXN005958,2026-03-06 10:50:00,USER0904,REC0075,322.73,Bills,Delhi,iOS,App,0,normal
TXN007421,2026-03-06 11:08:00,USER0615,REC0374,1069.69,Bills,Mumbai,Android,App,0,normal
TXN005009,2026-03-06 11:11:00,USER0984,REC0060,693.1,Shopping,Bengaluru,Android,Collect Request,0,normal
TXN005282,2026-03-06 11:54:00,USER0031,REC0285,317.62,Travel,Pune,iOS,App,0,normal
TXN009858,2026-03-06 11:59:00,USER0795,REC0229,854.8,Shopping,Mumbai,Android,Collect Request,0,normal
TXN004178,2026-03-06 12:11:00,USER0182,REC0037,2121.77,Bills,Pune,Android,Collect Request,0,normal
TXN009361,2026-03-06 12:23:00,USER0543,REC0293,947.75,Food,Delhi,Android,App,0,normal
TXN007947,2026-03-06 12:23:00,USER0847,REC0129,355.29,Groceries,Chennai,Android,QR,0,normal
TXN000212,2026-03-06 12:28:00,USER0451,REC0143,538.65,Groceries,Chennai,Android,QR,0,normal
TXN007492,2026-03-06 12:45:00,USER0402,REC0438,242.4,Bills,Hyderabad,Android,QR,0,normal
TXN006994,2026-03-06 12:50:00,USER0160,REC0132,913.0,Groceries,Pune,Android,App,0,normal
TXN000177,2026-03-06 12:50:00,USER0749,REC0361,364.48,Shopping,Mumbai,Android,QR,0,normal
TXN002981,2026-03-06 13:08:00,USER0364,REC0446,894.9,Food,Hyderabad,Android,App,0,normal
TXN006479,2026-03-06 13:25:00,USER0751,REC0192,662.99,Transfer,Mumbai,iOS,QR,0,normal
TXN000015,2026-03-06 13:45:00,USER0688,REC0113,305.77,Bills,Mumbai,iOS,QR,0,normal
TXN007762,2026-03-06 13:45:00,USER0722,REC0348,291.91,Groceries,Chennai,Android,App,0,normal
TXN008100,2026-03-06 13:50:00,USER0393,REC0024,806.63,Shopping,Chennai,Android,App,0,normal
TXN006073,2026-03-06 13:57:00,USER0777,REC0419,456.62,Shopping,Chennai,Android,QR,0,normal
TXN001675,2026-03-06 14:02:00,USER0887,REC0054,664.53,Shopping,Pune,Android,App,0,normal
TXN001332,2026-03-06 14:06:00,USER0697,REC0312,240.31,Food,Chennai,Android,App,0,normal
TXN008309,2026-03-06 14:11:00,USER0731,REC0468,731.02,Groceries,Pune,iOS,App,0,normal
TXN000774,2026-03-06 14:21:00,USER0086,REC0318,294.77,Travel,Hyderabad,iOS,QR,0,normal
TXN009217,2026-03-06 14:33:00,USER0586,REC0211,652.0,Groceries,Delhi,Android,QR,0,normal
TXN002131,2026-03-06 14:52:00,USER0955,REC0026,126.5,Transfer,Delhi,Android,QR,0,normal
TXN008490,2026-03-06 14:53:00,USER0375,REC0165,430.96,Food,Delhi,Android,QR,0,normal
TXN004414,2026-03-06 15:00:00,USER0544,REC0206,1085.84,Shopping,Hyderabad,Android,App,0,normal
TXN005867,2026-03-06 15:01:00,USER0796,REC0340,668.34,Food,Bengaluru,Android,App,0,normal
TXN005967,2026-03-06 15:05:00,USER0400,REC0447,274.54,Groceries,Mumbai,Android,QR,0,normal
TXN007010,2026-03-06 15:15:00,USER0682,REC0064,343.09,Food,Mumbai,Android,App,0,normal
TXN007997,2026-03-06 15:23:00,USER0109,REC0021,1009.97,Travel,Pune,Android,App,0,normal
TXN004864,2026-03-06 15:38:00,USER0648,REC0427,977.89,Groceries,Chennai,Android,App,0,normal
TXN006610,2026-03-06 16:22:00,USER0753,REC0311,728.5,Travel,Delhi,Android,QR,0,normal
TXN005699,2026-03-06 16:57:00,USER0044,REC0371,946.89,Food,Mumbai,Android,App,0,normal
TXN003093,2026-03-06 17:09:00,USER0965,REC0400,1216.45,Bills,Delhi,Android,App,0,normal
TXN001750,2026-03-06 17:42:00,USER0166,REC0498,93.29,Food,Pune,Android,App,0,normal
TXN000236,2026-03-06 18:02:00,USER0767,REC0272,698.66,Food,Mumbai,Android,App,0,normal
TXN002019,2026-03-06 18:15:00,USER0096,REC0019,423.58,Food,Chennai,iOS,Collect Request,0,normal
TXN002985,2026-03-06 18:26:00,USER0333,REC0389,1252.64,Transfer,Hyderabad,Android,App,0,normal
TXN002969,2026-03-06 18:30:00,USER0005,REC0353,140.71,Groceries,Delhi,Android,App,0,normal
TXN002064,2026-03-06 18:43:00,USER0456,REC0132,395.82,Groceries,Bengaluru,Android,App,0,normal
TXN007985,2026-03-06 18:57:00,USER0830,REC0012,2114.0,Transfer,Bengaluru,Android,App,0,normal
TXN000395,2026-03-06 19:02:00,USER0269,REC0215,342.82,Transfer,Bengaluru,Android,App,0,normal
TXN001903,2026-03-06 19:04:00,USER0239,REC0494,1373.5,Food,Mumbai,Android,App,0,normal
TXN008778,2026-03-06 19:30:00,USER0240,REC0167,1327.39,Bills,Pune,Android,Collect Request,0,normal
TXN004904,2026-03-06 19:39:00,USER0315,REC0419,940.7,Groceries,Mumbai,iOS,App,0,normal
TXN006584,2026-03-06 20:11:00,USER0950,REC0262,380.16,Groceries,Delhi,iOS,QR,0,normal
TXN001208,2026-03-06 20:42:00,USER0911,REC0396,207.84,Groceries,Bengaluru,iOS,QR,0,normal
TXN004386,2026-03-06 21:26:00,USER0554,REC0043,281.72,Groceries,Bengaluru,Android,App,0,normal
TXN000727,2026-03-06 21:50:00,USER0796,REC0390,875.08,Food,Hyderabad,Android,App,0,normal
TXN008040,2026-03-06 21:56:00,USER0817,REC0411,575.93,Groceries,Mumbai,Android,QR,0,normal
TXN009227,2026-03-06 22:04:00,USER0427,REC0490,993.37,Food,Mumbai,Android,App,0,normal
TXN006270,2026-03-06 22:09:00,USER0259,REC0059,1002.93,Transfer,Pune,iOS,QR,0,normal
TXN009635,2026-03-06 22:13:00,USER0781,REC0057,458.46,Travel,Hyderabad,iOS,QR,0,normal
TXN003641,2026-03-06 22:19:00,USER0368,REC0033,1548.83,Shopping,Chennai,Android,QR,0,normal
TXN004421,2026-03-06 22:30:00,USER0576,REC0358,331.69,Bills,Mumbai,Android,QR,0,normal
TXN001641,2026-03-06 22:40:00,USER0505,REC0489,579.08,Transfer,Delhi,iOS,App,0,normal
TXN000225,2026-03-06 22:41:00,USER0751,REC0408,522.03,Food,Delhi,iOS,App,0,normal
TXN003731,2026-03-06 22:57:00,USER0305,REC0363,1229.4,Food,Hyderabad,Android,QR,0,normal
TXN003400,2026-03-06 23:09:00,USER0557,REC0407,433.47,Food,Pune,Android,App,0,normal
TXN000697,2026-03-06 23:12:00,USER0128,REC0334,300.81,Transfer,Chennai,iOS,App,0,normal
TXN002938,2026-03-06 23:19:00,USER0954,REC0408,202.81,Travel,Pune,iOS,App,0,normal
TXN005167,2026-03-06 23:45:00,USER0901,REC0150,762.95,Transfer,Mumbai,iOS,QR,0,normal
TXN002793,2026-03-06 23:53:00,USER0461,REC0455,907.62,Shopping,Delhi,Android,App,0,normal
TXN007449,2026-03-07 00:10:00,USER0676,REC0050,1816.74,Groceries,Mumbai,Android,App,0,normal
TXN000174,2026-03-07 00:17:00,USER0784,REC0349,174.29,Bills,Chennai,Android,App,0,normal
TXN007168,2026-03-07 00:33:00,USER0002,REC0320,625.9,Food,Chennai,Android,QR,0,normal
TXN002018,2026-03-07 00:37:00,USER0783,REC0170,530.1,Groceries,Mumbai,Android,App,1,late_night_payment
TXN000793,2026-03-07 00:47:00,USER0310,REC0098,705.81,Groceries,Chennai,Android,App,0,normal
TXN003939,2026-03-07 01:06:00,USER0811,REC0100,1266.75,Shopping,Mumbai,Android,App,0,normal
TXN007650,2026-03-07 01:32:00,USER0880,REC0048,414.7,Bills,Chennai,Android,QR,0,normal
TXN001119,2026-03-07 02:12:00,USER0294,REC0072,1267.75,Transfer,Pune,Android,App,0,normal
TXN000461,2026-03-07 02:22:00,USER0975,REC0233,678.82,Transfer,Chennai,Android,App,0,normal
TXN004946,2026-03-07 02:22:00,USER0354,REC0109,1018.49,Travel,Delhi,Android,QR,0,normal
TXN006819,2026-03-07 02:25:00,USER0684,REC0196,257.35,Bills,Hyderabad,Android,App,0,normal
TXN000681,2026-03-07 02:34:00,USER0875,REC0224,108.51,Shopping,Hyderabad,iOS,QR,0,normal
TXN004538,2026-03-07 02:36:00,USER0913,REC0024,367.25,Transfer,Delhi,Android,App,0,normal
TXN002598,2026-03-07 02:44:00,USER0279,REC0368,444.82,Bills,Mumbai,Android,QR,1,late_night_payment
TXN006148,2026-03-07 02:53:00,USER0450,REC0122,1111.81,Groceries,Delhi,iOS,QR,0,normal
TXN008754,2026-03-07 02:57:00,USER0999,REC0142,3513.65,Groceries,Pune,Android,QR,0,normal
TXN008384,2026-03-07 03:08:00,USER0293,REC0397,387.84,Transfer,Bengaluru,Android,QR,0,normal
TXN004690,2026-03-07 03:17:00,USER0315,REC0401,1168.44,Groceries,Pune,iOS,QR,0,normal
TXN002855,2026-03-07 03:30:00,USER0232,REC0466,419.54,Shopping,Chennai,iOS,QR,0,normal
TXN005504,2026-03-07 03:51:00,USER0268,REC0066,437.16,Bills,Pune,iOS,QR,0,normal
TXN009116,2026-03-07 04:04:00,USER0640,REC0420,337.35,Shopping,Mumbai,Android,QR,0,normal
TXN009054,2026-03-07 04:15:00,USER0509,REC0473,891.43,Travel,Hyderabad,Android,App,0,normal
TXN009876,2026-03-07 04:37:00,USER0273,REC0030,740.58,Bills,Delhi,iOS,QR,0,normal
TXN005616,2026-03-07 04:50:00,USER0340,REC0461,852.6,Groceries,Mumbai,iOS,QR,1,late_night_payment
TXN002859,2026-03-07 04:52:00,USER0928,REC0356,524.82,Bills,Delhi,Android,Collect Request,0,normal
TXN007476,2026-03-07 05:25:00,USER0336,REC0186,598.31,Shopping,Pune,Android,App,0,normal
TXN003836,2026-03-07 05:36:00,USER0654,REC0334,526.11,Shopping,Hyderabad,iOS,App,0,normal
TXN001137,2026-03-07 05:53:00,USER0737,REC0469,53.13,Groceries,Pune,iOS,Collect Request,0,normal
TXN002067,2026-03-07 06:13:00,USER0277,REC0428,440.77,Bills,Mumbai,Android,App,0,normal
TXN001598,2026-03-07 06:23:00,USER0660,REC0471,1086.37,Shopping,Bengaluru,Android,QR,0,normal
TXN003715,2026-03-07 07:10:00,USER0180,REC0202,503.34,Bills,Delhi,Android,QR,0,normal
TXN008757,2026-03-07 07:21:00,USER0147,REC0070,415.09,Bills,Bengaluru,Android,QR,0,normal
TXN004852,2026-03-07 07:30:00,USER0187,REC0015,390.42,Bills,Hyderabad,Android,App,0,normal
TXN009098,2026-03-07 07:31:00,USER0526,REC0044,696.97,Travel,Bengaluru,Android,QR,0,normal
TXN000676,2026-03-07 07:32:00,USER0666,REC0465,601.7,Groceries,Bengaluru,iOS,QR,0,normal
TXN008362,2026-03-07 07:37:00,USER0428,REC0244,773.34,Travel,Bengaluru,iOS,QR,0,normal
TXN006751,2026-03-07 07:38:00,USER0543,REC0326,121.54,Bills,Delhi,iOS,App,0,normal
TXN001670,2026-03-07 07:39:00,USER0550,REC0165,740.47,Shopping,Chennai,Android,App,0,normal
TXN004121,2026-03-07 08:08:00,USER0442,REC0029,1149.11,Shopping,Chennai,Android,App,0,normal
TXN004141,2026-03-07 08:14:00,USER0093,REC0460,1308.44,Transfer,Chennai,Android,App,0,normal
TXN005135,2026-03-07 08:15:00,USER0661,REC0392,550.9,Transfer,Mumbai,Android,App,0,normal
TXN001879,2026-03-07 09:44:00,USER0966,REC0083,366.09,Bills,Bengaluru,Android,App,0,normal
TXN008609,2026-03-07 10:10:00,USER0431,REC0186,1133.51,Transfer,Chennai,iOS,QR,0,normal
TXN000318,2026-03-07 10:18:00,USER0456,REC0159,1197.54,Food,Bengaluru,Android,App,0,normal
TXN006374,2026-03-07 10:20:00,USER0374,REC0093,339.67,Transfer,Mumbai,Android,Collect Request,0,normal
TXN009386,2026-03-07 10:21:00,USER0736,REC0364,1194.79,Groceries,Mumbai,Android,QR,0,normal
TXN004941,2026-03-07 10:36:00,USER0340,REC0083,439.79,Shopping,Delhi,Android,App,0,normal
TXN001785,2026-03-07 10:52:00,USER0322,REC0371,674.14,Shopping,Delhi,Android,App,0,normal
TXN006861,2026-03-07 10:53:00,USER0176,REC0240,1551.27,Groceries,Mumbai,Android,QR,0,normal
TXN003047,2026-03-07 11:43:00,USER0904,REC0319,949.99,Groceries,Chennai,Android,QR,0,normal
TXN007367,2026-03-07 11:45:00,USER0309,REC0175,417.21,Bills,Bengaluru,Android,Collect Request,0,normal
TXN000713,2026-03-07 11:56:00,USER0628,REC0379,488.27,Groceries,Chennai,Android,App,0,normal
TXN002268,2026-03-07 12:08:00,USER0264,REC0488,153.57,Transfer,Delhi,Android,QR,0,normal
TXN008216,2026-03-07 12:12:00,USER0450,REC0112,676.71,Bills,Mumbai,Android,App,0,normal
TXN004686,2026-03-07 12:13:00,USER0878,REC0051,244.55,Bills,Bengaluru,iOS,QR,0,normal
TXN008697,2026-03-07 12:15:00,USER0978,REC0447,1236.52,Bills,Bengaluru,Android,QR,0,normal
TXN003953,2026-03-07 12:57:00,USER0706,REC0090,415.92,Groceries,Pune,Android,QR,0,normal
TXN007245,2026-03-07 13:12:00,USER0130,REC0481,87.01,Shopping,Pune,Android,QR,0,normal
TXN003354,2026-03-07 13:17:00,USER0436,REC0149,958.03,Transfer,Hyderabad,Android,Collect Request,0,normal
TXN009845,2026-03-07 13:21:00,USER0552,REC0087,578.02,Food,Hyderabad,Android,App,0,normal
TXN007157,2026-03-07 13:25:00,USER0281,REC0497,216.63,Groceries,Mumbai,iOS,App,0,normal
TXN004594,2026-03-07 13:31:00,USER0688,REC0500,713.15,Groceries,Bengaluru,Android,App,0,normal
TXN009380,2026-03-07 13:45:00,USER0153,REC0437,179.5,Bills,Pune,Android,App,0,normal
TXN006585,2026-03-07 14:03:00,USER0110,REC0168,328.16,Groceries,Hyderabad,Android,QR,0,normal
TXN000731,2026-03-07 14:13:00,USER0428,REC0383,454.34,Groceries,Pune,iOS,QR,0,normal
TXN008523,2026-03-07 14:19:00,USER0436,REC0140,440.12,Bills,Bengaluru,Android,App,0,normal
TXN003245,2026-03-07 14:22:00,USER0249,REC0328,1735.05,Food,Pune,Android,App,0,normal
TXN008166,2026-03-07 15:13:00,USER0118,REC0170,1034.74,Groceries,Hyderabad,Android,QR,0,normal
TXN005294,2026-03-07 15:31:00,USER0064,REC0068,501.02,Groceries,Mumbai,Android,QR,0,normal
TXN004600,2026-03-07 15:42:00,USER0644,REC0073,107.43,Transfer,Chennai,Android,App,0,normal
TXN009383,2026-03-07 15:55:00,USER0051,REC0242,504.97,Food,Delhi,Android,App,0,normal
TXN009612,2026-03-07 16:06:00,USER0869,REC0367,325.95,Groceries,Pune,Android,App,0,normal
TXN006795,2026-03-07 16:07:00,USER0721,REC0243,1139.7,Bills,Pune,Android,App,0,normal
TXN000760,2026-03-07 16:07:00,USER0830,REC0008,413.21,Groceries,Bengaluru,Android,App,0,normal
TXN003934,2026-03-07 16:19:00,USER0538,REC0361,329.94,Food,Mumbai,Android,App,0,normal
TXN009186,2026-03-07 16:24:00,USER0914,REC0388,1056.31,Shopping,Bengaluru,iOS,App,0,normal
TXN003280,2026-03-07 16:24:00,USER0387,REC0486,1440.18,Groceries,Hyderabad,iOS,App,0,normal
TXN007471,2026-03-07 16:32:00,USER0076,REC0046,466.98,Shopping,Delhi,Android,QR,0,normal
TXN009615,2026-03-07 16:36:00,USER0204,REC0132,496.25,Bills,Pune,Android,App,0,normal
TXN008921,2026-03-07 16:57:00,USER0386,REC0430,376.15,Travel,Chennai,Android,App,0,normal
TXN008690,2026-03-07 17:15:00,USER0631,REC0171,1499.28,Bills,Bengaluru,Android,App,0,normal
TXN007434,2026-03-07 17:22:00,USER0196,REC0321,529.98,Groceries,Pune,iOS,App,0,normal
TXN000317,2026-03-07 17:26:00,USER0309,REC0209,485.07,Groceries,Mumbai,Android,App,0,normal
TXN004133,2026-03-07 17:31:00,USER0883,REC0281,261.58,Shopping,Delhi,Android,App,0,normal
TXN008755,2026-03-07 17:39:00,USER0023,REC0083,652.39,Food,Hyderabad,Android,QR,0,normal
TXN002573,2026-03-07 17:52:00,USER0781,REC0176,504.04,Shopping,Delhi,Android,App,0,normal
TXN002709,2026-03-07 17:53:00,USER0782,REC0021,125.6,Shopping,Hyderabad,Android,QR,0,normal
TXN000737,2026-03-07 17:57:00,USER0044,REC0013,847.25,Food,Bengaluru,iOS,App,0,normal
TXN005407,2026-03-07 17:58:00,USER0925,REC0221,1369.47,Groceries,Delhi,Android,App,0,normal
TXN001033,2026-03-07 18:28:00,USER0621,REC0350,304.66,Food,Bengaluru,iOS,QR,0,normal
TXN006929,2026-03-07 18:42:00,USER0225,REC0144,1118.16,Travel,Pune,Android,App,0,normal
TXN001724,2026-03-07 19:15:00,USER0031,REC0382,917.97,Bills,Mumbai,Android,App,0,normal
TXN008262,2026-03-07 19:15:00,USER0094,REC0433,1290.76,Groceries,Mumbai,Android,App,0,normal
TXN003999,2026-03-07 19:32:00,USER0519,REC0189,692.05,Shopping,Delhi,Android,QR,0,normal
TXN009704,2026-03-07 19:45:00,USER0699,REC0372,1190.6,Groceries,Hyderabad,Android,App,0,normal
TXN006138,2026-03-07 20:18:00,USER0126,REC0030,556.82,Shopping,Delhi,Android,App,0,normal
TXN008466,2026-03-07 21:48:00,USER0598,REC0398,1091.46,Shopping,Delhi,Android,App,0,normal
TXN007694,2026-03-07 21:48:00,USER0810,REC0381,321.76,Groceries,Delhi,Android,Collect Request,0,normal
TXN001218,2026-03-07 22:00:00,USER0430,REC0475,895.92,Bills,Chennai,Android,App,0,normal
TXN003031,2026-03-07 22:04:00,USER0014,REC0341,891.62,Bills,Pune,Android,QR,0,normal
TXN007083,2026-03-07 22:17:00,USER0572,REC0427,914.63,Groceries,Hyderabad,iOS,App,0,normal
TXN008049,2026-03-07 22:18:00,USER0826,REC0166,426.92,Shopping,Bengaluru,Android,Collect Request,0,normal
TXN006259,2026-03-07 23:23:00,USER0975,REC0381,456.48,Transfer,Bengaluru,Android,QR,0,normal
TXN005191,2026-03-07 23:24:00,USER0947,REC0376,243.01,Shopping,Delhi,iOS,QR,0,normal
TXN002087,2026-03-07 23:25:00,USER0822,REC0037,1661.16,Shopping,Hyderabad,Android,App,0,normal
TXN003946,2026-03-07 23:32:00,USER0249,REC0471,306.4,Transfer,Hyderabad,iOS,App,0,normal
TXN005791,2026-03-07 23:33:00,USER0785,REC0428,770.35,Bills,Pune,Android,QR,0,normal
TXN009050,2026-03-08 00:01:00,USER0086,REC0483,829.92,Bills,Bengaluru,Android,QR,0,normal
TXN001009,2026-03-08 00:07:00,USER0341,REC0424,1014.81,Groceries,Delhi,Android,Collect Request,0,normal
TXN004279,2026-03-08 00:10:00,USER0804,REC0345,759.51,Groceries,Pune,iOS,QR,0,normal
TXN003680,2026-03-08 00:17:00,USER0896,REC0008,350.8,Groceries,Pune,iOS,App,0,normal
TXN001714,2026-03-08 00:20:00,USER0582,REC0316,1258.14,Bills,Mumbai,iOS,QR,0,normal
TXN009041,2026-03-08 00:35:00,USER0852,REC0441,1050.66,Food,Mumbai,Android,QR,0,normal
TXN008899,2026-03-08 00:51:00,USER0378,REC0002,556.82,Bills,Mumbai,Android,QR,0,normal
TXN001232,2026-03-08 00:54:00,USER0227,REC0190,596.02,Food,Bengaluru,iOS,App,0,normal
TXN003851,2026-03-08 00:59:00,USER0224,REC0497,668.98,Groceries,Chennai,Android,App,0,normal
TXN002965,2026-03-08 01:18:00,USER0992,REC0191,1166.69,Bills,Delhi,Android,App,0,normal
TXN004932,2026-03-08 01:28:00,USER0004,REC0390,685.47,Shopping,Bengaluru,Android,QR,0,normal
TXN001573,2026-03-08 01:44:00,USER0812,REC0358,183.13,Bills,Delhi,Android,QR,0,normal
TXN003958,2026-03-08 01:45:00,USER0787,REC0126,1293.27,Bills,Chennai,Android,App,0,normal
TXN007420,2026-03-08 01:51:00,USER0351,REC0080,232.62,Food,Chennai,Android,App,0,normal
TXN000886,2026-03-08 02:46:00,USER0819,REC0495,542.59,Bills,Chennai,Android,QR,0,normal
TXN001349,2026-03-08 02:57:00,USER0229,REC0225,186.66,Food,Mumbai,Android,QR,0,normal
TXN002057,2026-03-08 03:00:00,USER0569,REC0177,2892.29,Groceries,Chennai,Android,App,0,normal
TXN002400,2026-03-08 03:00:00,USER0990,REC0049,469.75,Groceries,Bengaluru,Android,App,0,normal
TXN007803,2026-03-08 03:02:00,USER0420,REC0037,439.62,Shopping,Delhi,iOS,Collect Request,0,normal
TXN003473,2026-03-08 03:05:00,USER0141,REC0004,531.29,Groceries,Chennai,Android,QR,0,normal
TXN001602,2026-03-08 03:09:00,USER0414,REC0051,636.77,Transfer,Bengaluru,Android,Collect Request,1,late_night_payment
TXN003541,2026-03-08 03:22:00,USER0040,REC0368,555.19,Travel,Hyderabad,Android,App,0,normal
TXN000662,2026-03-08 03:22:00,USER0766,REC0194,477.2,Food,Pune,Android,QR,0,normal
TXN004705,2026-03-08 03:34:00,USER0574,REC0088,560.49,Groceries,Delhi,Android,App,0,normal
TXN006294,2026-03-08 03:46:00,USER0256,REC0482,425.34,Food,Delhi,Android,App,0,normal
TXN001860,2026-03-08 03:52:00,USER0046,REC0180,645.73,Shopping,Pune,iOS,QR,0,normal
TXN000013,2026-03-08 05:13:00,USER0654,REC0183,295.37,Transfer,Bengaluru,iOS,App,0,normal
TXN001591,2026-03-08 05:32:00,USER0103,REC0185,324.45,Shopping,Chennai,Android,QR,0,normal
TXN004669,2026-03-08 05:46:00,USER0564,REC0051,258.2,Groceries,Mumbai,Android,App,0,normal
TXN000557,2026-03-08 05:47:00,USER0743,REC0215,551.43,Food,Chennai,Android,QR,0,normal
TXN005660,2026-03-08 06:31:00,USER0186,REC0068,311.47,Bills,Delhi,Android,QR,0,normal
TXN003388,2026-03-08 06:53:00,USER0819,REC0132,242.61,Groceries,Hyderabad,Android,QR,0,normal
TXN003014,2026-03-08 06:59:00,USER0943,REC0244,629.63,Transfer,Delhi,Android,App,0,normal
TXN000377,2026-03-08 07:05:00,USER0452,REC0173,581.17,Groceries,Bengaluru,iOS,QR,0,normal
TXN001002,2026-03-08 07:17:00,USER0172,REC0183,342.79,Bills,Mumbai,Android,QR,0,normal
TXN000215,2026-03-08 07:44:00,USER0823,REC0087,923.54,Food,Hyderabad,iOS,QR,0,normal
TXN000631,2026-03-08 07:48:00,USER0135,REC0040,397.49,Food,Pune,Android,App,0,normal
TXN004091,2026-03-08 08:11:00,USER0982,REC0043,1486.03,Groceries,Hyderabad,iOS,App,0,normal
TXN009368,2026-03-08 08:14:00,USER0290,REC0361,583.93,Food,Hyderabad,Android,App,0,normal
TXN008135,2026-03-08 08:21:00,USER0331,REC0232,553.8,Travel,Chennai,iOS,QR,0,normal
TXN004445,2026-03-08 08:50:00,USER0159,REC0073,1744.73,Travel,Chennai,iOS,App,0,normal
TXN006634,2026-03-08 08:54:00,USER0919,REC0162,738.9,Food,Delhi,Android,QR,0,normal
TXN000757,2026-03-08 08:58:00,USER0162,REC0473,363.3,Transfer,Chennai,Android,App,0,normal
TXN003650,2026-03-08 09:01:00,USER0575,REC0348,336.31,Food,Bengaluru,Android,Collect Request,0,normal
TXN009537,2026-03-08 09:07:00,USER0397,REC0367,41911.62,Food,Bengaluru,Android,Collect Request,1,unusually_high_amount
TXN005873,2026-03-08 09:37:00,USER0139,REC0174,257.56,Food,Hyderabad,Android,QR,0,normal
TXN002344,2026-03-08 09:38:00,USER0425,REC0355,467.48,Groceries,Hyderabad,Android,App,0,normal
TXN007362,2026-03-08 09:46:00,USER0136,REC0089,531.3,Groceries,Hyderabad,iOS,QR,0,normal
TXN003229,2026-03-08 09:49:00,USER0182,REC0041,804.09,Food,Hyderabad,Android,QR,0,normal
TXN004069,2026-03-08 10:07:00,USER0532,REC0170,776.18,Food,Delhi,Android,App,0,normal
TXN006355,2026-03-08 10:20:00,USER0240,REC0469,3131.38,Food,Chennai,iOS,QR,0,normal
TXN000805,2026-03-08 10:34:00,USER0625,REC0320,522.01,Food,Mumbai,Android,App,0,normal
TXN000739,2026-03-08 10:34:00,USER0024,REC0029,333.68,Transfer,Hyderabad,iOS,App,0,normal
TXN000471,2026-03-08 10:46:00,USER0595,REC0342,1350.91,Food,Mumbai,Android,App,0,normal
TXN003267,2026-03-08 11:17:00,USER0649,REC0388,735.4,Shopping,Hyderabad,Android,App,0,normal
TXN000432,2026-03-08 12:12:00,USER0449,REC0282,481.14,Food,Delhi,iOS,App,0,normal
TXN000603,2026-03-08 12:19:00,USER0074,REC0103,648.29,Groceries,Hyderabad,Android,QR,0,normal
TXN005652,2026-03-08 12:24:00,USER0207,REC0420,623.46,Food,Mumbai,iOS,App,0,normal
TXN005337,2026-03-08 12:27:00,USER0423,REC0102,2418.3,Food,Hyderabad,Android,QR,0,normal
TXN005372,2026-03-08 12:36:00,USER0835,REC0232,957.93,Transfer,Mumbai,Android,QR,0,normal
TXN004307,2026-03-08 12:41:00,USER0839,REC0224,303.26,Transfer,Mumbai,iOS,App,0,normal
TXN001449,2026-03-08 12:46:00,USER0998,REC0221,996.76,Food,Mumbai,Android,App,0,normal
TXN007345,2026-03-08 12:46:00,USER0607,REC0288,783.94,Groceries,Bengaluru,Android,QR,0,normal
TXN001282,2026-03-08 13:10:00,USER0392,REC0350,896.61,Transfer,Chennai,Android,App,0,normal
TXN003930,2026-03-08 13:54:00,USER0096,REC0127,678.41,Bills,Pune,Android,App,0,normal
TXN001861,2026-03-08 13:59:00,USER0115,REC0071,184.49,Shopping,Hyderabad,Android,App,0,normal
TXN005586,2026-03-08 14:02:00,USER0177,REC0248,455.11,Bills,Pune,iOS,App,0,normal
TXN001281,2026-03-08 14:06:00,USER0169,REC0361,498.82,Shopping,Mumbai,Android,App,0,normal
TXN003195,2026-03-08 14:07:00,USER0897,REC0171,247.01,Transfer,Hyderabad,Android,App,0,normal
TXN009668,2026-03-08 14:42:00,USER0711,REC0117,233.28,Shopping,Chennai,Android,QR,0,normal
TXN008123,2026-03-08 15:05:00,USER0554,REC0465,523.99,Food,Pune,iOS,QR,0,normal
TXN004339,2026-03-08 15:14:00,USER0464,REC0165,526.77,Groceries,Hyderabad,Android,QR,0,normal
TXN003849,2026-03-08 15:18:00,USER0551,REC0443,225.48,Groceries,Hyderabad,iOS,App,0,normal
TXN006790,2026-03-08 15:21:00,USER0061,REC0033,144.24,Food,Delhi,Android,App,0,normal
TXN005452,2026-03-08 16:09:00,USER0394,REC0063,628.99,Food,Chennai,Android,App,0,normal
TXN003263,2026-03-08 16:41:00,USER0609,REC0016,904.49,Travel,Delhi,Android,App,0,normal
TXN004193,2026-03-08 17:03:00,USER0618,REC0312,609.1,Shopping,Mumbai,Android,QR,0,normal
TXN008656,2026-03-08 17:31:00,USER0060,REC0090,800.55,Shopping,Hyderabad,Android,App,0,normal
TXN002115,2026-03-08 17:44:00,USER0660,REC0041,770.44,Bills,Mumbai,Android,App,0,normal
TXN001966,2026-03-08 17:53:00,USER0828,REC0076,321.71,Shopping,Mumbai,iOS,QR,0,normal
TXN008720,2026-03-08 18:03:00,USER0070,REC0228,229.51,Shopping,Mumbai,Android,QR,0,normal
TXN001722,2026-03-08 18:06:00,USER0602,REC0196,523.08,Groceries,Hyderabad,Android,App,0,normal
TXN006683,2026-03-08 18:12:00,USER0214,REC0150,1732.05,Groceries,Mumbai,iOS,QR,0,normal
TXN009904,2026-03-08 18:19:00,USER0995,REC0353,619.45,Groceries,Pune,Android,App,0,normal
TXN001394,2026-03-08 19:24:00,USER0124,REC0235,716.6,Groceries,Hyderabad,Android,App,0,normal
TXN005375,2026-03-08 19:24:00,USER0336,REC0008,4067.58,Food,Chennai,Android,App,0,normal
TXN006044,2026-03-08 19:26:00,USER0264,REC0222,354.65,Bills,Mumbai,Android,App,0,normal
TXN008826,2026-03-08 19:46:00,USER0247,REC0047,731.61,Food,Hyderabad,Android,QR,0,normal
TXN007793,2026-03-08 19:54:00,USER0568,REC0235,396.2,Groceries,Pune,Android,QR,0,normal
TXN007195,2026-03-08 19:59:00,USER0831,REC0221,514.7,Bills,Delhi,Android,App,0,normal
TXN001036,2026-03-08 20:12:00,USER0193,REC0327,255.63,Groceries,Delhi,iOS,QR,0,normal
TXN007013,2026-03-08 20:24:00,USER0289,REC0074,367.51,Groceries,Chennai,Android,App,0,normal
TXN003626,2026-03-08 20:40:00,USER0339,REC0467,822.54,Groceries,Hyderabad,Android,QR,0,normal
TXN001845,2026-03-08 20:47:00,USER0139,REC0068,572.91,Groceries,Bengaluru,Android,App,0,normal
TXN005927,2026-03-08 21:21:00,USER0896,REC0088,603.37,Bills,Bengaluru,Android,QR,0,normal
TXN000059,2026-03-08 21:41:00,USER0517,REC0105,569.06,Food,Mumbai,Android,App,0,normal
TXN002638,2026-03-08 21:52:00,USER0489,REC0347,358.12,Food,Pune,Android,App,0,normal
TXN007895,2026-03-08 22:00:00,USER0905,REC0355,178.14,Food,Delhi,iOS,QR,0,normal
TXN001742,2026-03-08 22:10:00,USER0638,REC0228,943.3,Food,Hyderabad,iOS,App,0,normal
TXN001139,2026-03-08 22:19:00,USER0569,REC0134,478.08,Food,Pune,iOS,App,0,normal
TXN005965,2026-03-08 22:33:00,USER0453,REC0130,29545.48,Transfer,Mumbai,Android,App,1,unusually_high_amount
TXN001513,2026-03-08 22:55:00,USER0225,REC0277,272.24,Food,Hyderabad,Android,App,0,normal
TXN003494,2026-03-08 23:01:00,USER0611,REC0145,728.8,Shopping,Bengaluru,Android,QR,0,normal
TXN005891,2026-03-08 23:52:00,USER0135,REC0287,444.24,Groceries,Bengaluru,Android,App,0,normal
TXN007503,2026-03-08 23:54:00,USER0456,REC0263,819.76,Travel,Chennai,Android,App,0,normal
TXN005308,2026-03-09 00:17:00,USER0041,REC0333,174.08,Groceries,Bengaluru,Android,App,0,normal
TXN008419,2026-03-09 00:19:00,USER0237,REC0478,1420.03,Groceries,Mumbai,Android,QR,0,normal
TXN008730,2026-03-09 00:33:00,USER0764,REC0130,617.55,Shopping,Mumbai,Android,QR,0,normal
TXN000062,2026-03-09 00:41:00,USER0008,REC0289,211.04,Groceries,Delhi,Android,QR,0,normal
TXN003362,2026-03-09 00:42:00,USER0661,REC0203,877.61,Food,Mumbai,Android,QR,0,normal
TXN009167,2026-03-09 00:43:00,USER0515,REC0222,591.74,Groceries,Bengaluru,Android,App,0,normal
TXN008461,2026-03-09 01:02:00,USER0930,REC0411,283.71,Transfer,Mumbai,iOS,QR,0,normal
TXN002172,2026-03-09 01:10:00,USER0801,REC0500,473.62,Shopping,Mumbai,Android,QR,0,normal
TXN000878,2026-03-09 01:36:00,USER0944,REC0459,492.09,Groceries,Delhi,iOS,QR,0,normal
TXN003020,2026-03-09 01:38:00,USER0576,REC0153,671.14,Food,Hyderabad,Android,Collect Request,0,normal
TXN007158,2026-03-09 01:48:00,USER0622,REC0429,877.78,Food,Pune,Android,QR,0,normal
TXN005971,2026-03-09 02:15:00,USER0756,REC0167,872.87,Transfer,Bengaluru,Android,App,0,normal
TXN007401,2026-03-09 02:18:00,USER0425,REC0027,2352.51,Food,Pune,Android,App,0,normal
TXN002125,2026-03-09 02:20:00,USER0282,REC0060,946.72,Bills,Bengaluru,Android,App,0,normal
TXN006177,2026-03-09 02:28:00,USER0577,REC0383,331.7,Bills,Hyderabad,Android,App,0,normal
TXN005358,2026-03-09 02:35:00,USER0912,REC0117,296.16,Transfer,Bengaluru,Android,App,0,normal
TXN008183,2026-03-09 02:38:00,USER0035,REC0149,906.39,Groceries,Bengaluru,iOS,QR,0,normal
TXN009211,2026-03-09 02:40:00,USER0570,REC0372,407.15,Shopping,Hyderabad,Android,App,0,normal
TXN008987,2026-03-09 02:55:00,USER0423,REC0120,189.16,Groceries,Chennai,Android,QR,0,normal
TXN004647,2026-03-09 03:02:00,USER0968,REC0379,855.46,Food,Bengaluru,Android,App,0,normal
TXN007177,2026-03-09 03:07:00,USER0593,REC0466,261.56,Groceries,Chennai,Android,QR,0,normal
TXN002403,2026-03-09 03:10:00,USER0423,REC0109,543.6,Groceries,Delhi,iOS,App,0,normal
TXN009472,2026-03-09 03:14:00,USER0590,REC0138,307.48,Transfer,Mumbai,Android,App,0,normal
TXN000512,2026-03-09 03:23:00,USER0876,REC0154,605.69,Shopping,Delhi,Android,QR,0,normal
TXN003472,2026-03-09 03:30:00,USER0978,REC0455,1878.01,Bills,Delhi,Android,App,0,normal
TXN009112,2026-03-09 03:35:00,USER0021,REC0337,583.21,Travel,Pune,iOS,App,0,normal
TXN006976,2026-03-09 03:38:00,USER0064,REC0075,371.28,Groceries,Bengaluru,iOS,App,0,normal
TXN009445,2026-03-09 03:44:00,USER0029,REC0121,1016.19,Transfer,Mumbai,Android,App,0,normal
TXN008869,2026-03-09 03:45:00,USER0936,REC0203,489.39,Shopping,Bengaluru,Android,App,0,normal
TXN008410,2026-03-09 03:45:00,USER0030,REC0442,232.19,Bills,Hyderabad,Android,QR,0,normal
TXN004815,2026-03-09 03:49:00,USER0749,REC0483,858.26,Bills,Chennai,Android,Collect Request,0,normal
TXN002043,2026-03-09 04:13:00,USER0517,REC0205,789.75,Shopping,Delhi,iOS,App,0,normal
TXN008804,2026-03-09 04:39:00,USER0663,REC0141,735.1,Transfer,Hyderabad,iOS,App,0,normal
TXN003366,2026-03-09 04:45:00,USER0594,REC0434,465.61,Travel,Bengaluru,Android,QR,1,late_night_payment
TXN004997,2026-03-09 04:53:00,USER0543,REC0489,548.4,Shopping,Hyderabad,iOS,App,0,normal
TXN003183,2026-03-09 04:54:00,USER0745,REC0119,290.57,Bills,Bengaluru,Android,App,0,normal
TXN005126,2026-03-09 04:56:00,USER0121,REC0374,650.28,Shopping,Mumbai,Android,QR,0,normal
TXN002325,2026-03-09 04:56:00,USER0921,REC0152,336.13,Bills,Delhi,Android,QR,0,normal
TXN000391,2026-03-09 04:57:00,USER0110,REC0178,634.88,Shopping,Hyderabad,Android,QR,0,normal
TXN000378,2026-03-09 05:03:00,USER0895,REC0122,1163.91,Shopping,Bengaluru,iOS,App,0,normal
TXN008445,2026-03-09 05:29:00,USER0075,REC0127,713.72,Groceries,Chennai,iOS,App,0,normal
TXN001899,2026-03-09 05:40:00,USER0772,REC0129,267.86,Shopping,Mumbai,Android,App,0,normal
TXN003252,2026-03-09 05:41:00,USER0910,REC0151,249.44,Food,Chennai,iOS,App,0,normal
TXN004202,2026-03-09 05:45:00,USER0340,REC0074,1482.79,Bills,Hyderabad,Android,App,0,normal
TXN007855,2026-03-09 06:00:00,USER0724,REC0275,712.11,Groceries,Pune,Android,Collect Request,0,normal
TXN003028,2026-03-09 06:06:00,USER0753,REC0062,1357.96,Groceries,Hyderabad,iOS,QR,0,normal
TXN006869,2026-03-09 06:37:00,USER0856,REC0295,769.72,Shopping,Hyderabad,Android,App,0,normal
TXN002987,2026-03-09 06:50:00,USER0581,REC0488,165.79,Travel,Pune,iOS,App,0,normal
TXN005718,2026-03-09 07:13:00,USER0842,REC0393,339.88,Food,Hyderabad,Android,App,0,normal
TXN009699,2026-03-09 07:19:00,USER0014,REC0212,1267.6,Groceries,Hyderabad,iOS,QR,0,normal
TXN006432,2026-03-09 07:28:00,USER0063,REC0094,1664.12,Travel,Hyderabad,iOS,App,0,normal
TXN003076,2026-03-09 07:39:00,USER0588,REC0083,1267.01,Bills,Pune,Android,App,0,normal
TXN006995,2026-03-09 07:47:00,USER0144,REC0261,285.68,Groceries,Delhi,Android,QR,0,normal
TXN004778,2026-03-09 07:49:00,USER0035,REC0376,780.69,Food,Mumbai,iOS,App,0,normal
TXN004470,2026-03-09 08:47:00,USER0606,REC0459,557.51,Travel,Pune,Android,QR,0,normal
TXN000360,2026-03-09 08:59:00,USER0529,REC0331,259.24,Groceries,Chennai,iOS,QR,0,normal
TXN002294,2026-03-09 09:27:00,USER0774,REC0062,547.91,Shopping,Bengaluru,iOS,App,0,normal
TXN000463,2026-03-09 09:27:00,USER0019,REC0451,2377.87,Travel,Hyderabad,iOS,App,0,normal
TXN009834,2026-03-09 09:27:00,USER0565,REC0389,470.7,Food,Mumbai,Android,App,0,normal
TXN003167,2026-03-09 09:50:00,USER0240,REC0436,368.06,Food,Chennai,Android,QR,0,normal
TXN003768,2026-03-09 10:12:00,USER0802,REC0475,1658.17,Food,Mumbai,iOS,QR,0,normal
TXN000895,2026-03-09 10:45:00,USER0403,REC0460,132.09,Groceries,Delhi,Android,App,0,normal
TXN006090,2026-03-09 10:57:00,USER0932,REC0481,885.05,Food,Pune,Android,App,0,normal
TXN009576,2026-03-09 11:07:00,USER0376,REC0445,1625.92,Groceries,Mumbai,Android,App,0,normal
TXN002044,2026-03-09 11:10:00,USER0894,REC0468,1047.18,Food,Bengaluru,Android,App,0,normal
TXN003466,2026-03-09 11:21:00,USER0855,REC0483,532.55,Bills,Pune,Android,QR,0,normal
TXN006972,2026-03-09 11:24:00,USER0839,REC0437,792.17,Travel,Delhi,Android,QR,0,normal
TXN001234,2026-03-09 11:57:00,USER0441,REC0152,375.26,Transfer,Bengaluru,Android,App,0,normal
TXN005741,2026-03-09 12:16:00,USER0859,REC0268,760.49,Transfer,Bengaluru,Android,App,0,normal
TXN002352,2026-03-09 12:34:00,USER0991,REC0255,338.31,Food,Chennai,Android,App,0,normal
TXN003457,2026-03-09 12:53:00,USER0144,REC0238,871.31,Food,Bengaluru,Android,App,0,normal
TXN004559,2026-03-09 13:09:00,USER0477,REC0443,814.05,Groceries,Mumbai,Android,App,0,normal
TXN008089,2026-03-09 13:28:00,USER0016,REC0492,21959.75,Groceries,Hyderabad,iOS,QR,1,unusually_high_amount
TXN003723,2026-03-09 13:43:00,USER0832,REC0491,198.67,Travel,Delhi,Android,App,0,normal
TXN009297,2026-03-09 13:44:00,USER0238,REC0180,1058.31,Groceries,Pune,Android,QR,0,normal
TXN006020,2026-03-09 13:48:00,USER0588,REC0200,927.62,Bills,Pune,Android,QR,0,normal
TXN007907,2026-03-09 13:53:00,USER0177,REC0261,500.65,Shopping,Mumbai,Android,App,0,normal
TXN002049,2026-03-09 14:04:00,USER0129,REC0277,2609.17,Food,Delhi,Android,App,0,normal
TXN005146,2026-03-09 14:10:00,USER0076,REC0315,425.99,Groceries,Pune,iOS,App,0,normal
TXN008412,2026-03-09 14:20:00,USER0844,REC0057,975.6,Groceries,Hyderabad,Android,App,0,normal
TXN005523,2026-03-09 14:22:00,USER0736,REC0278,493.76,Bills,Delhi,Android,QR,0,normal
TXN004845,2026-03-09 14:27:00,USER0128,REC0485,996.59,Bills,Delhi,Android,QR,0,normal
TXN002099,2026-03-09 14:41:00,USER0436,REC0353,1255.42,Groceries,Delhi,Android,QR,0,normal
TXN003053,2026-03-09 14:45:00,USER0189,REC0420,348.6,Travel,Chennai,iOS,QR,0,normal
TXN003615,2026-03-09 14:46:00,USER0088,REC0052,616.87,Transfer,Mumbai,iOS,App,0,normal
TXN007508,2026-03-09 14:50:00,USER0830,REC0047,1329.88,Food,Bengaluru,Android,App,0,normal
TXN006930,2026-03-09 14:51:00,USER0654,REC0339,143.99,Groceries,Pune,Android,App,0,normal
TXN002362,2026-03-09 15:13:00,USER0037,REC0114,774.93,Travel,Bengaluru,iOS,QR,0,normal
TXN004534,2026-03-09 15:16:00,USER0321,REC0254,254.31,Transfer,Hyderabad,Android,QR,0,normal
TXN001667,2026-03-09 15:35:00,USER0335,REC0096,395.47,Groceries,Hyderabad,iOS,App,0,normal
TXN003096,2026-03-09 15:50:00,USER0560,REC0174,702.98,Groceries,Bengaluru,Android,Collect Request,0,normal
TXN009021,2026-03-09 16:00:00,USER0161,REC0169,336.59,Travel,Chennai,Android,App,0,normal
TXN007390,2026-03-09 16:12:00,USER0793,REC0096,224.22,Shopping,Hyderabad,Android,Collect Request,0,normal
TXN001378,2026-03-09 16:14:00,USER0770,REC0241,467.46,Travel,Hyderabad,iOS,App,0,normal
TXN004315,2026-03-09 16:14:00,USER0864,REC0021,168.67,Food,Mumbai,iOS,App,0,normal
TXN002348,2026-03-09 17:01:00,USER0429,REC0479,209.07,Food,Bengaluru,iOS,App,0,normal
TXN003585,2026-03-09 17:45:00,USER0075,REC0481,369.82,Food,Chennai,Android,App,0,normal
TXN005999,2026-03-09 18:14:00,USER0665,REC0336,338.52,Bills,Hyderabad,Android,App,0,normal
TXN008125,2026-03-09 18:18:00,USER0493,REC0197,1195.29,Transfer,Delhi,Android,App,0,normal
TXN005641,2026-03-09 18:35:00,USER0709,REC0172,690.46,Food,Chennai,Android,App,0,normal
TXN004806,2026-03-09 18:38:00,USER0322,REC0326,171.67,Travel,Delhi,Android,QR,0,normal
TXN001065,2026-03-09 18:38:00,USER0815,REC0413,858.33,Food,Pune,iOS,App,0,normal
TXN002503,2026-03-09 18:49:00,USER0185,REC0045,1225.12,Shopping,Delhi,Android,App,0,normal
TXN009245,2026-03-09 18:53:00,USER0392,REC0031,720.09,Groceries,Mumbai,Android,App,0,normal
TXN005599,2026-03-09 18:53:00,USER0095,REC0131,1763.87,Bills,Delhi,Android,App,0,normal
TXN000493,2026-03-09 19:14:00,USER0044,REC0490,1210.8,Transfer,Hyderabad,iOS,App,0,normal
TXN005208,2026-03-09 19:28:00,USER0574,REC0079,153.96,Travel,Delhi,iOS,QR,0,normal
TXN008084,2026-03-09 19:33:00,USER0140,REC0415,585.07,Groceries,Delhi,Android,App,0,normal
TXN001790,2026-03-09 19:34:00,USER0028,REC0342,563.94,Food,Pune,Android,App,0,normal
TXN009557,2026-03-09 19:37:00,USER0819,REC0141,101.57,Shopping,Chennai,Android,App,0,normal
TXN007263,2026-03-09 20:03:00,USER0334,REC0127,1342.94,Shopping,Mumbai,Android,Collect Request,0,normal
TXN003992,2026-03-09 20:08:00,USER0839,REC0403,350.56,Shopping,Pune,Android,Collect Request,0,normal
TXN001995,2026-03-09 20:33:00,USER0937,REC0058,372.36,Food,Delhi,iOS,QR,0,normal
TXN005550,2026-03-09 20:50:00,USER0685,REC0235,401.28,Groceries,Bengaluru,Android,QR,0,normal
TXN002514,2026-03-09 21:13:00,USER0651,REC0115,871.32,Transfer,Chennai,iOS,QR,0,normal
TXN007428,2026-03-09 21:25:00,USER0716,REC0193,320.44,Groceries,Hyderabad,Android,App,0,normal
TXN003991,2026-03-09 21:41:00,USER0153,REC0189,1077.31,Food,Hyderabad,iOS,App,0,normal
TXN009585,2026-03-09 21:47:00,USER0290,REC0284,969.9,Shopping,Delhi,Android,QR,0,normal
TXN004546,2026-03-09 21:52:00,USER0022,REC0140,234.3,Shopping,Bengaluru,Android,App,0,normal
TXN003282,2026-03-09 21:52:00,USER0024,REC0364,1213.49,Groceries,Bengaluru,Android,QR,0,normal
TXN002429,2026-03-09 21:55:00,USER0903,REC0157,540.33,Shopping,Bengaluru,Android,QR,0,normal
TXN009134,2026-03-09 22:51:00,USER0246,REC0333,420.96,Bills,Pune,Android,App,0,normal
TXN008639,2026-03-09 23:19:00,USER0128,REC0313,1106.85,Food,Bengaluru,iOS,QR,0,normal
TXN003569,2026-03-09 23:19:00,USER0578,REC0214,363.8,Groceries,Hyderabad,Android,QR,0,normal
TXN001098,2026-03-09 23:30:00,USER0671,REC0279,393.33,Food,Chennai,Android,QR,0,normal
TXN007032,2026-03-09 23:36:00,USER0563,REC0426,328.17,Bills,Mumbai,Android,App,0,normal
TXN002606,2026-03-09 23:57:00,USER0522,REC0480,821.34,Food,Hyderabad,Android,QR,0,normal
TXN008723,2026-03-10 00:31:00,USER0155,REC0467,1335.28,Groceries,Bengaluru,Android,QR,0,normal
TXN007292,2026-03-10 00:41:00,USER0380,REC0398,428.66,Bills,Hyderabad,Android,App,0,normal
TXN009473,2026-03-10 00:47:00,USER0644,REC0044,412.66,Groceries,Pune,Android,App,0,normal
TXN004784,2026-03-10 01:07:00,USER0015,REC0260,882.01,Travel,Pune,iOS,QR,0,normal
TXN003708,2026-03-10 01:09:00,USER0408,REC0447,840.68,Groceries,Pune,Android,App,0,normal
TXN004880,2026-03-10 01:13:00,USER0917,REC0207,202.77,Groceries,Hyderabad,iOS,App,0,normal
TXN008819,2026-03-10 01:33:00,USER0896,REC0118,555.79,Groceries,Chennai,iOS,App,0,normal
TXN006594,2026-03-10 01:35:00,USER0674,REC0218,654.18,Transfer,Chennai,iOS,App,0,normal
TXN009018,2026-03-10 01:37:00,USER0724,REC0314,562.14,Travel,Hyderabad,Android,App,0,normal
TXN004065,2026-03-10 02:02:00,USER0267,REC0215,304.47,Groceries,Pune,Android,QR,0,normal
TXN004604,2026-03-10 02:02:00,USER0660,REC0228,175.14,Shopping,Hyderabad,Android,App,0,normal
TXN008796,2026-03-10 02:04:00,USER0864,REC0067,481.98,Food,Chennai,iOS,App,0,normal
TXN001073,2026-03-10 02:05:00,USER0454,REC0085,1372.41,Groceries,Mumbai,Android,QR,0,normal
TXN006896,2026-03-10 02:08:00,USER0681,REC0064,1618.01,Bills,Mumbai,Android,QR,0,normal
TXN004264,2026-03-10 02:21:00,USER0666,REC0089,644.41,Food,Bengaluru,Android,QR,0,normal
TXN004899,2026-03-10 02:49:00,USER0341,REC0438,498.18,Transfer,Hyderabad,Android,App,0,normal
TXN007460,2026-03-10 02:56:00,USER0364,REC0453,413.16,Groceries,Bengaluru,Android,QR,0,normal
TXN008540,2026-03-10 02:58:00,USER0873,REC0270,436.23,Shopping,Hyderabad,Android,App,0,normal
TXN004337,2026-03-10 03:03:00,USER0491,REC0314,302.52,Travel,Mumbai,iOS,QR,0,normal
TXN003133,2026-03-10 03:32:00,USER0718,REC0366,256.36,Groceries,Hyderabad,Android,QR,1,late_night_payment
TXN004860,2026-03-10 03:52:00,USER0929,REC0225,333.78,Groceries,Hyderabad,Android,App,0,normal
TXN007505,2026-03-10 04:08:00,USER0804,REC0278,389.33,Transfer,Delhi,Android,App,0,normal
TXN000247,2026-03-10 04:10:00,USER0260,REC0025,1192.53,Transfer,Hyderabad,Android,QR,0,normal
TXN009862,2026-03-10 04:40:00,USER0076,REC0150,442.86,Shopping,Bengaluru,Android,Collect Request,0,normal
TXN002422,2026-03-10 05:05:00,USER0033,REC0309,851.11,Food,Chennai,Android,App,0,normal
TXN009600,2026-03-10 05:17:00,USER0404,REC0301,319.31,Food,Chennai,Android,QR,0,normal
TXN007558,2026-03-10 05:19:00,USER0867,REC0081,125.33,Food,Mumbai,Android,QR,0,normal
TXN005710,2026-03-10 05:21:00,USER0262,REC0467,674.45,Transfer,Hyderabad,Android,QR,0,normal
TXN000042,2026-03-10 05:28:00,USER0920,REC0085,245.2,Food,Delhi,Android,QR,0,normal
TXN006019,2026-03-10 05:37:00,USER0149,REC0307,1015.22,Transfer,Pune,Android,QR,0,normal
TXN002605,2026-03-10 05:39:00,USER0844,REC0278,185.71,Groceries,Pune,Android,Collect Request,0,normal
TXN006996,2026-03-10 05:55:00,USER0915,REC0214,197.53,Groceries,Bengaluru,Android,QR,0,normal
TXN005669,2026-03-10 05:56:00,USER0334,REC0439,265.19,Transfer,Bengaluru,iOS,App,0,normal
TXN005107,2026-03-10 05:58:00,USER0633,REC0287,329.45,Shopping,Hyderabad,Android,QR,0,normal
TXN007805,2026-03-10 06:02:00,USER0177,REC0281,642.28,Bills,Mumbai,Android,App,0,normal
TXN007424,2026-03-10 06:05:00,USER0132,REC0301,479.72,Shopping,Chennai,Android,QR,0,normal
TXN001674,2026-03-10 06:11:00,USER0874,REC0173,247.48,Food,Pune,Android,App,0,normal
TXN005689,2026-03-10 06:13:00,USER0676,REC0256,611.37,Shopping,Delhi,iOS,QR,0,normal
TXN000234,2026-03-10 06:24:00,USER0602,REC0472,182.65,Shopping,Pune,iOS,QR,0,normal
TXN005687,2026-03-10 06:39:00,USER0457,REC0367,325.66,Food,Pune,Android,Collect Request,0,normal
TXN008277,2026-03-10 06:46:00,USER0751,REC0021,555.28,Bills,Chennai,Android,App,0,normal
TXN003784,2026-03-10 08:10:00,USER0322,REC0077,2673.4,Groceries,Hyderabad,Android,QR,0,normal
TXN004239,2026-03-10 08:25:00,USER0294,REC0294,396.71,Shopping,Mumbai,Android,QR,0,normal
TXN003700,2026-03-10 08:49:00,USER0954,REC0030,146.87,Food,Chennai,Android,QR,0,normal
TXN001301,2026-03-10 08:50:00,USER0985,REC0257,393.74,Food,Hyderabad,iOS,QR,0,normal
TXN006363,2026-03-10 08:51:00,USER0962,REC0080,309.78,Shopping,Mumbai,iOS,QR,0,normal
TXN004043,2026-03-10 08:59:00,USER0508,REC0175,350.1,Bills,Delhi,Android,QR,0,normal
TXN002365,2026-03-10 09:01:00,USER0388,REC0242,1155.79,Food,Pune,Android,App,0,normal
TXN000051,2026-03-10 09:22:00,USER0327,REC0001,1573.32,Transfer,Pune,iOS,QR,0,normal
TXN006446,2026-03-10 09:26:00,USER0328,REC0328,584.81,Groceries,Hyderabad,iOS,App,0,normal
TXN006391,2026-03-10 09:28:00,USER0150,REC0404,450.6,Groceries,Delhi,Android,QR,0,normal
TXN003346,2026-03-10 09:31:00,USER0511,REC0238,642.73,Transfer,Chennai,Android,QR,0,normal
TXN005284,2026-03-10 09:34:00,USER0915,REC0259,595.66,Food,Mumbai,Android,App,0,normal
TXN001868,2026-03-10 09:37:00,USER0250,REC0253,262.76,Food,Hyderabad,iOS,QR,0,normal
TXN009366,2026-03-10 09:45:00,USER0958,REC0468,495.69,Food,Hyderabad,Android,QR,0,normal
TXN008784,2026-03-10 10:14:00,USER0845,REC0211,222.56,Bills,Mumbai,Android,App,0,normal
TXN009765,2026-03-10 10:23:00,USER0956,REC0291,300.65,Groceries,Mumbai,iOS,App,0,normal
TXN003634,2026-03-10 10:30:00,USER0635,REC0322,199.82,Food,Chennai,Android,App,0,normal
TXN003048,2026-03-10 10:46:00,USER0220,REC0008,1092.73,Groceries,Delhi,iOS,Collect Request,0,normal
TXN007677,2026-03-10 11:01:00,USER0939,REC0055,243.18,Transfer,Pune,Android,App,0,normal
TXN006208,2026-03-10 11:24:00,USER0726,REC0359,501.38,Food,Delhi,Android,QR,0,normal
TXN006170,2026-03-10 11:39:00,USER0126,REC0244,146.34,Groceries,Chennai,Android,Collect Request,0,normal
TXN006272,2026-03-10 11:48:00,USER0420,REC0466,1228.29,Transfer,Hyderabad,Android,App,0,normal
TXN007371,2026-03-10 11:58:00,USER0736,REC0487,585.95,Shopping,Chennai,Android,QR,0,normal
TXN000014,2026-03-10 12:03:00,USER0775,REC0198,477.92,Food,Delhi,Android,App,0,normal
TXN001204,2026-03-10 12:41:00,USER0068,REC0381,970.43,Travel,Hyderabad,Android,App,0,normal
TXN006402,2026-03-10 12:51:00,USER0022,REC0414,616.48,Food,Hyderabad,iOS,QR,0,normal
TXN006883,2026-03-10 13:03:00,USER0680,REC0104,350.25,Food,Chennai,Android,QR,0,normal
TXN005571,2026-03-10 13:26:00,USER0858,REC0299,757.54,Shopping,Hyderabad,Android,QR,0,normal
TXN002783,2026-03-10 13:26:00,USER0550,REC0208,603.36,Bills,Delhi,iOS,App,0,normal
TXN007142,2026-03-10 13:48:00,USER0628,REC0166,359.73,Groceries,Mumbai,Android,App,0,normal
TXN007309,2026-03-10 13:58:00,USER0216,REC0390,460.14,Shopping,Bengaluru,Android,App,0,normal
TXN006026,2026-03-10 14:04:00,USER0677,REC0494,706.49,Bills,Pune,Android,Collect Request,0,normal
TXN004629,2026-03-10 14:19:00,USER0322,REC0277,355.58,Bills,Hyderabad,iOS,QR,0,normal
TXN008587,2026-03-10 14:25:00,USER0085,REC0138,1134.13,Transfer,Bengaluru,Android,App,0,normal
TXN004772,2026-03-10 14:27:00,USER0790,REC0191,1142.99,Bills,Bengaluru,Android,App,0,normal
TXN008421,2026-03-10 14:37:00,USER0010,REC0118,505.68,Food,Bengaluru,iOS,Collect Request,0,normal
TXN006235,2026-03-10 14:51:00,USER0798,REC0060,791.94,Groceries,Delhi,iOS,QR,0,normal
TXN000742,2026-03-10 15:04:00,USER0146,REC0118,481.71,Food,Hyderabad,Android,App,0,normal
TXN002176,2026-03-10 15:11:00,USER0242,REC0296,948.67,Transfer,Mumbai,Android,QR,0,normal
TXN005319,2026-03-10 15:21:00,USER0438,REC0198,864.87,Transfer,Mumbai,Android,QR,0,normal
TXN001275,2026-03-10 15:24:00,USER0108,REC0042,519.03,Bills,Chennai,Android,QR,0,normal
TXN007301,2026-03-10 15:30:00,USER0301,REC0272,512.4,Transfer,Bengaluru,Android,App,0,normal
TXN001134,2026-03-10 15:52:00,USER0663,REC0088,420.73,Food,Mumbai,Android,QR,0,normal
TXN004841,2026-03-10 16:05:00,USER0153,REC0460,1072.3,Shopping,Hyderabad,iOS,QR,0,normal
TXN003906,2026-03-10 16:07:00,USER0120,REC0042,366.63,Transfer,Mumbai,iOS,App,0,normal
TXN002943,2026-03-10 16:07:00,USER0063,REC0343,1408.68,Shopping,Bengaluru,Android,App,0,normal
TXN007497,2026-03-10 16:11:00,USER0004,REC0388,751.45,Groceries,Delhi,iOS,App,0,normal
TXN002281,2026-03-10 16:16:00,USER0692,REC0386,978.79,Food,Bengaluru,Android,App,0,normal
TXN001671,2026-03-10 16:18:00,USER0232,REC0043,1165.75,Shopping,Hyderabad,iOS,App,0,normal
TXN003112,2026-03-10 16:24:00,USER0381,REC0216,305.28,Bills,Bengaluru,Android,QR,0,normal
TXN009038,2026-03-10 16:29:00,USER0306,REC0045,996.8,Food,Bengaluru,Android,App,0,normal
TXN004733,2026-03-10 16:31:00,USER0956,REC0178,506.89,Shopping,Hyderabad,Android,QR,0,normal
TXN006536,2026-03-10 16:58:00,USER0195,REC0217,246.97,Bills,Hyderabad,Android,Collect Request,0,normal
TXN003145,2026-03-10 17:05:00,USER0899,REC0354,744.07,Groceries,Pune,Android,App,0,normal
TXN009405,2026-03-10 17:10:00,USER0217,REC0257,467.47,Food,Chennai,Android,App,0,normal
TXN004080,2026-03-10 17:54:00,USER0927,REC0289,957.15,Transfer,Mumbai,iOS,QR,0,normal
TXN000714,2026-03-10 18:04:00,USER0596,REC0243,437.15,Bills,Chennai,Android,App,0,normal
TXN004423,2026-03-10 18:14:00,USER0980,REC0228,119.79,Food,Hyderabad,Android,QR,0,normal
TXN004636,2026-03-10 18:24:00,USER0971,REC0267,884.12,Groceries,Delhi,iOS,QR,0,normal
TXN004576,2026-03-10 18:41:00,USER0117,REC0386,1221.11,Groceries,Mumbai,Android,QR,0,normal
TXN002843,2026-03-10 18:43:00,USER0621,REC0465,248.35,Groceries,Pune,Android,QR,0,normal
TXN000207,2026-03-10 18:44:00,USER0878,REC0461,572.04,Bills,Delhi,Android,App,0,normal
TXN004289,2026-03-10 18:58:00,USER0793,REC0474,108.48,Bills,Mumbai,Android,Collect Request,0,normal
TXN002174,2026-03-10 19:40:00,USER0492,REC0366,505.68,Transfer,Pune,Android,App,0,normal
TXN006086,2026-03-10 19:48:00,USER0841,REC0054,228.14,Food,Pune,Android,App,0,normal
TXN004278,2026-03-10 19:52:00,USER0712,REC0414,1387.47,Bills,Chennai,Android,Collect Request,0,normal
TXN004053,2026-03-10 19:54:00,USER0272,REC0374,481.05,Shopping,Hyderabad,iOS,QR,0,normal
TXN001822,2026-03-10 19:58:00,USER0962,REC0356,1738.76,Food,Mumbai,Android,QR,0,normal
TXN008184,2026-03-10 19:59:00,USER0542,REC0288,1662.58,Shopping,Mumbai,Android,App,0,normal
TXN005488,2026-03-10 19:59:00,USER0911,REC0291,552.66,Travel,Chennai,Android,Collect Request,0,normal
TXN000128,2026-03-10 20:23:00,USER0145,REC0036,1097.24,Shopping,Delhi,iOS,Collect Request,0,normal
TXN003582,2026-03-10 20:27:00,USER0375,REC0359,594.19,Travel,Delhi,Android,App,0,normal
TXN008977,2026-03-10 20:38:00,USER0134,REC0416,391.2,Bills,Mumbai,Android,QR,0,normal
TXN000489,2026-03-10 20:43:00,USER0987,REC0102,387.44,Groceries,Delhi,Android,App,0,normal
TXN004846,2026-03-10 21:05:00,USER0283,REC0242,301.77,Groceries,Bengaluru,Android,App,0,normal
TXN007040,2026-03-10 21:12:00,USER0106,REC0287,654.7,Food,Bengaluru,iOS,App,0,normal
TXN008979,2026-03-10 21:17:00,USER0764,REC0398,110.91,Shopping,Delhi,Android,App,0,normal
TXN003187,2026-03-10 21:35:00,USER0308,REC0385,1698.6,Travel,Bengaluru,iOS,QR,0,normal
TXN007162,2026-03-10 21:59:00,USER0585,REC0186,539.24,Groceries,Delhi,Android,App,0,normal
TXN004747,2026-03-10 22:05:00,USER0071,REC0223,518.29,Transfer,Bengaluru,iOS,App,0,normal
TXN002107,2026-03-10 22:19:00,USER0771,REC0190,3504.15,Food,Hyderabad,iOS,App,0,normal
TXN008694,2026-03-10 22:37:00,USER0400,REC0006,1547.09,Shopping,Delhi,Android,QR,0,normal
TXN000423,2026-03-10 22:57:00,USER0870,REC0247,585.47,Transfer,Bengaluru,Android,App,0,normal
TXN000657,2026-03-10 23:10:00,USER0770,REC0233,795.88,Bills,Pune,Android,QR,0,normal
TXN005635,2026-03-10 23:47:00,USER0346,REC0386,866.3,Groceries,Mumbai,Android,QR,0,normal
TXN004349,2026-03-11 00:15:00,USER0837,REC0093,349.77,Bills,Mumbai,Android,QR,0,normal
TXN004286,2026-03-11 00:27:00,USER0766,REC0429,802.31,Groceries,Bengaluru,Android,App,0,normal
TXN009451,2026-03-11 01:44:00,USER0909,REC0375,526.53,Transfer,Pune,iOS,QR,0,normal
TXN005698,2026-03-11 01:48:00,USER0215,REC0022,380.34,Travel,Pune,Android,App,0,normal
TXN003247,2026-03-11 02:03:00,USER0015,REC0471,523.08,Food,Pune,Android,QR,0,normal
TXN002937,2026-03-11 02:04:00,USER0619,REC0097,471.02,Travel,Delhi,iOS,QR,0,normal
TXN005182,2026-03-11 02:08:00,USER0372,REC0321,789.45,Groceries,Bengaluru,Android,Collect Request,0,normal
TXN000089,2026-03-11 02:32:00,USER0421,REC0054,1552.74,Bills,Hyderabad,iOS,App,0,normal
TXN008230,2026-03-11 02:34:00,USER0434,REC0202,420.42,Bills,Hyderabad,Android,App,0,normal
TXN004709,2026-03-11 02:42:00,USER0117,REC0195,292.13,Shopping,Hyderabad,Android,App,0,normal
TXN009957,2026-03-11 02:46:00,USER0065,REC0111,326.41,Groceries,Pune,Android,QR,0,normal
TXN009963,2026-03-11 03:03:00,USER0689,REC0227,1024.13,Travel,Pune,Android,App,0,normal
TXN007642,2026-03-11 03:59:00,USER0385,REC0499,965.63,Food,Bengaluru,Android,App,0,normal
TXN001148,2026-03-11 04:14:00,USER0863,REC0201,1148.68,Food,Hyderabad,iOS,QR,0,normal
TXN000320,2026-03-11 04:16:00,USER0302,REC0373,524.78,Groceries,Hyderabad,iOS,App,0,normal
TXN001775,2026-03-11 04:51:00,USER0479,REC0380,455.21,Shopping,Bengaluru,Android,QR,0,normal
TXN009172,2026-03-11 05:10:00,USER0855,REC0154,774.46,Travel,Chennai,Android,App,0,normal
TXN002121,2026-03-11 05:14:00,USER0741,REC0024,925.16,Transfer,Delhi,Android,App,0,normal
TXN003678,2026-03-11 05:33:00,USER0984,REC0318,262.96,Bills,Mumbai,Android,QR,0,normal
TXN008141,2026-03-11 05:35:00,USER0649,REC0231,193.58,Bills,Pune,Android,App,0,normal
TXN006033,2026-03-11 05:46:00,USER0513,REC0435,1007.75,Transfer,Pune,Android,App,0,normal
TXN003203,2026-03-11 05:55:00,USER0847,REC0491,78.23,Groceries,Mumbai,Android,App,0,normal
TXN004083,2026-03-11 06:29:00,USER0020,REC0344,495.05,Groceries,Hyderabad,Android,App,0,normal
TXN009114,2026-03-11 06:39:00,USER0364,REC0016,345.96,Shopping,Bengaluru,Android,Collect Request,0,normal
TXN004298,2026-03-11 07:23:00,USER0729,REC0099,1107.74,Groceries,Chennai,Android,QR,0,normal
TXN004306,2026-03-11 07:36:00,USER1000,REC0411,1123.32,Groceries,Hyderabad,Android,QR,0,normal
TXN003432,2026-03-11 07:37:00,USER0840,REC0435,468.24,Groceries,Bengaluru,Android,App,0,normal
TXN000911,2026-03-11 07:44:00,USER0616,REC0281,168.51,Food,Delhi,iOS,Collect Request,0,normal
TXN000645,2026-03-11 07:49:00,USER0852,REC0437,434.17,Groceries,Chennai,Android,QR,0,normal
TXN005600,2026-03-11 08:03:00,USER0272,REC0319,256.49,Bills,Pune,Android,App,0,normal
TXN002995,2026-03-11 08:18:00,USER0253,REC0236,648.26,Transfer,Pune,Android,QR,0,normal
TXN003157,2026-03-11 08:22:00,USER0415,REC0017,330.54,Groceries,Hyderabad,iOS,App,0,normal
TXN009000,2026-03-11 08:24:00,USER0213,REC0456,486.35,Bills,Mumbai,Android,Collect Request,0,normal
TXN001061,2026-03-11 08:29:00,USER0730,REC0067,756.78,Transfer,Bengaluru,iOS,QR,0,normal
TXN009062,2026-03-11 08:30:00,USER0542,REC0106,443.96,Food,Bengaluru,Android,App,0,normal
TXN002922,2026-03-11 08:52:00,USER0225,REC0247,621.78,Transfer,Chennai,Android,App,0,normal
TXN005497,2026-03-11 08:57:00,USER0006,REC0389,160.28,Food,Delhi,iOS,App,0,normal
TXN008226,2026-03-11 08:57:00,USER0498,REC0248,1483.56,Bills,Delhi,iOS,QR,0,normal
TXN004429,2026-03-11 09:05:00,USER0542,REC0203,1050.35,Travel,Mumbai,Android,QR,0,normal
TXN003627,2026-03-11 09:16:00,USER0105,REC0055,1056.78,Shopping,Delhi,Android,QR,0,normal
TXN009559,2026-03-11 09:28:00,USER0318,REC0429,735.24,Bills,Mumbai,Android,QR,0,normal
TXN005047,2026-03-11 10:30:00,USER0936,REC0346,689.99,Shopping,Hyderabad,Android,QR,0,normal
TXN000173,2026-03-11 10:33:00,USER0518,REC0274,336.36,Travel,Bengaluru,Android,QR,0,normal
TXN009005,2026-03-11 10:33:00,USER0582,REC0002,1501.6,Groceries,Hyderabad,Android,App,0,normal
TXN003847,2026-03-11 10:42:00,USER0464,REC0476,614.55,Groceries,Bengaluru,Android,App,0,normal
TXN003226,2026-03-11 11:11:00,USER0510,REC0116,200.48,Transfer,Chennai,Android,App,0,normal
TXN004504,2026-03-11 11:13:00,USER0514,REC0064,385.59,Groceries,Mumbai,Android,App,0,normal
TXN000370,2026-03-11 11:32:00,USER0055,REC0023,189.94,Travel,Bengaluru,iOS,App,0,normal
TXN008065,2026-03-11 11:37:00,USER0462,REC0121,1441.47,Transfer,Mumbai,iOS,QR,0,normal
TXN008363,2026-03-11 11:41:00,USER0625,REC0375,949.33,Transfer,Chennai,iOS,Collect Request,0,normal
TXN001058,2026-03-11 11:44:00,USER0955,REC0055,434.49,Travel,Pune,Android,App,0,normal
TXN000864,2026-03-11 11:45:00,USER0443,REC0314,750.48,Food,Pune,Android,QR,0,normal
TXN008617,2026-03-11 11:56:00,USER0560,REC0402,680.09,Groceries,Mumbai,iOS,QR,0,normal
TXN001691,2026-03-11 11:59:00,USER0106,REC0304,1109.37,Groceries,Bengaluru,Android,App,0,normal
TXN007211,2026-03-11 12:11:00,USER0645,REC0391,312.37,Bills,Hyderabad,Android,QR,0,normal
TXN001870,2026-03-11 12:16:00,USER0268,REC0195,840.07,Food,Chennai,iOS,QR,0,normal
TXN004974,2026-03-11 12:36:00,USER0265,REC0091,315.77,Groceries,Delhi,iOS,QR,0,normal
TXN005005,2026-03-11 12:50:00,USER0573,REC0077,567.67,Groceries,Pune,Android,QR,0,normal
TXN001825,2026-03-11 12:58:00,USER0554,REC0167,227.07,Food,Pune,iOS,App,0,normal
TXN005228,2026-03-11 13:27:00,USER0416,REC0352,2439.51,Bills,Pune,Android,QR,0,normal
TXN001558,2026-03-11 13:32:00,USER0724,REC0373,580.73,Travel,Mumbai,Android,Collect Request,0,normal
TXN002575,2026-03-11 13:33:00,USER0211,REC0395,887.4,Groceries,Pune,Android,QR,0,normal
TXN008468,2026-03-11 13:40:00,USER0910,REC0101,1048.91,Shopping,Bengaluru,Android,App,0,normal
TXN007839,2026-03-11 13:48:00,USER0902,REC0001,230.78,Travel,Bengaluru,Android,QR,0,normal
TXN009449,2026-03-11 13:51:00,USER0308,REC0028,179.6,Bills,Chennai,Android,App,0,normal
TXN006159,2026-03-11 13:59:00,USER0636,REC0461,962.37,Bills,Mumbai,iOS,QR,0,normal
TXN008809,2026-03-11 14:19:00,USER0774,REC0113,448.89,Shopping,Hyderabad,Android,App,0,normal
TXN009046,2026-03-11 14:29:00,USER0032,REC0097,383.44,Shopping,Pune,Android,QR,0,normal
TXN002447,2026-03-11 14:50:00,USER0047,REC0385,181.64,Bills,Chennai,iOS,QR,0,normal
TXN007267,2026-03-11 15:11:00,USER0925,REC0429,767.7,Food,Mumbai,Android,QR,0,normal
TXN001278,2026-03-11 15:14:00,USER0049,REC0274,933.65,Groceries,Hyderabad,Android,QR,0,normal
TXN009379,2026-03-11 15:23:00,USER0008,REC0082,257.64,Transfer,Delhi,Android,QR,0,normal
TXN006698,2026-03-11 15:30:00,USER0024,REC0308,1259.51,Groceries,Hyderabad,Android,App,0,normal
TXN004276,2026-03-11 15:42:00,USER0233,REC0376,847.33,Food,Bengaluru,Android,App,0,normal
TXN000002,2026-03-11 15:44:00,USER0219,REC0361,2045.06,Groceries,Delhi,Android,QR,0,normal
TXN009459,2026-03-11 15:54:00,USER0740,REC0023,160.67,Shopping,Hyderabad,Android,QR,0,normal
TXN003387,2026-03-11 16:28:00,USER0883,REC0301,514.14,Food,Hyderabad,Android,App,0,normal
TXN009369,2026-03-11 16:29:00,USER0603,REC0249,389.83,Transfer,Pune,iOS,App,0,normal
TXN000734,2026-03-11 16:32:00,USER0428,REC0397,481.03,Food,Chennai,Android,App,0,normal
TXN002212,2026-03-11 16:33:00,USER0967,REC0087,176.85,Food,Bengaluru,Android,QR,0,normal
TXN003544,2026-03-11 16:44:00,USER0583,REC0254,269.55,Shopping,Bengaluru,Android,QR,0,normal
TXN006012,2026-03-11 16:44:00,USER0703,REC0289,142.23,Food,Bengaluru,Android,QR,0,normal
TXN005495,2026-03-11 16:46:00,USER0859,REC0492,743.13,Shopping,Delhi,iOS,App,0,normal
TXN002320,2026-03-11 17:11:00,USER0932,REC0133,864.57,Shopping,Hyderabad,iOS,QR,0,normal
TXN002662,2026-03-11 17:48:00,USER0437,REC0304,5815.7,Food,Pune,Android,QR,0,normal
TXN009728,2026-03-11 18:24:00,USER0926,REC0076,969.98,Bills,Delhi,iOS,Collect Request,0,normal
TXN008832,2026-03-11 18:30:00,USER0562,REC0300,944.16,Shopping,Hyderabad,Android,App,0,normal
TXN001339,2026-03-11 18:37:00,USER0693,REC0327,1056.92,Bills,Hyderabad,iOS,App,0,normal
TXN009700,2026-03-11 18:55:00,USER0037,REC0069,427.87,Food,Pune,iOS,App,0,normal
TXN003223,2026-03-11 19:19:00,USER0412,REC0141,648.09,Travel,Hyderabad,Android,QR,0,normal
TXN007253,2026-03-11 19:21:00,USER0855,REC0440,299.64,Travel,Pune,iOS,App,0,normal
TXN009400,2026-03-11 19:34:00,USER0221,REC0272,482.92,Shopping,Mumbai,Android,App,0,normal
TXN003224,2026-03-11 19:42:00,USER0257,REC0262,795.92,Transfer,Delhi,Android,Collect Request,0,normal
TXN008974,2026-03-11 19:47:00,USER0644,REC0085,2505.39,Food,Mumbai,Android,App,0,normal
TXN006321,2026-03-11 20:50:00,USER0682,REC0030,559.46,Shopping,Mumbai,Android,App,0,normal
TXN001611,2026-03-11 21:03:00,USER0340,REC0264,1130.62,Shopping,Mumbai,iOS,App,0,normal
TXN008763,2026-03-11 21:08:00,USER0359,REC0405,1247.63,Shopping,Hyderabad,Android,App,0,normal
TXN003866,2026-03-11 21:33:00,USER0574,REC0070,305.74,Food,Bengaluru,Android,App,0,normal
TXN005904,2026-03-11 21:38:00,USER0614,REC0065,225.98,Travel,Hyderabad,Android,App,0,normal
TXN000836,2026-03-11 21:49:00,USER0960,REC0042,159.3,Bills,Chennai,Android,App,0,normal
TXN006278,2026-03-11 22:07:00,USER0770,REC0150,346.39,Bills,Delhi,Android,App,0,normal
TXN001242,2026-03-11 23:03:00,USER0443,REC0244,4449.35,Food,Chennai,iOS,App,0,normal
TXN001914,2026-03-11 23:05:00,USER0547,REC0474,729.89,Shopping,Delhi,Android,App,0,normal
TXN000402,2026-03-11 23:11:00,USER0258,REC0326,1036.73,Transfer,Pune,iOS,App,0,normal
TXN001469,2026-03-11 23:26:00,USER0751,REC0268,499.03,Food,Mumbai,iOS,App,0,normal
TXN004915,2026-03-11 23:49:00,USER0625,REC0478,990.85,Shopping,Hyderabad,iOS,App,0,normal
TXN000815,2026-03-12 00:27:00,USER0160,REC0248,528.99,Groceries,Pune,Android,QR,0,normal
TXN003001,2026-03-12 00:33:00,USER0674,REC0384,1408.2,Food,Delhi,iOS,QR,0,normal
TXN009023,2026-03-12 00:37:00,USER0239,REC0005,240.33,Food,Chennai,Android,App,0,normal
TXN005841,2026-03-12 00:46:00,USER0573,REC0483,884.46,Food,Delhi,Android,App,0,normal
TXN002096,2026-03-12 00:48:00,USER0097,REC0225,280.02,Groceries,Hyderabad,Android,QR,0,normal
TXN002449,2026-03-12 00:50:00,USER0567,REC0073,1325.57,Food,Mumbai,Android,QR,0,normal
TXN008800,2026-03-12 01:08:00,USER0668,REC0358,275.21,Travel,Hyderabad,Android,QR,0,normal
TXN007596,2026-03-12 01:15:00,USER0601,REC0196,559.78,Groceries,Bengaluru,Android,App,0,normal
TXN000050,2026-03-12 01:18:00,USER0636,REC0108,1304.64,Bills,Hyderabad,iOS,App,0,normal
TXN007451,2026-03-12 01:19:00,USER0442,REC0105,561.72,Food,Pune,iOS,QR,0,normal
TXN001731,2026-03-12 01:56:00,USER0580,REC0357,1709.66,Food,Delhi,iOS,App,0,normal
TXN008803,2026-03-12 02:14:00,USER0637,REC0338,316.09,Groceries,Bengaluru,Android,QR,0,normal
TXN000602,2026-03-12 02:37:00,USER0555,REC0123,1404.26,Food,Chennai,Android,QR,0,normal
TXN003480,2026-03-12 03:13:00,USER0332,REC0357,1033.15,Groceries,Bengaluru,Android,Collect Request,0,normal
TXN007178,2026-03-12 03:24:00,USER0487,REC0330,189.12,Food,Bengaluru,Android,App,0,normal
TXN000598,2026-03-12 03:40:00,USER0263,REC0292,1994.0,Groceries,Delhi,Android,App,0,normal
TXN001441,2026-03-12 03:49:00,USER0736,REC0002,480.08,Groceries,Pune,Android,App,0,normal
TXN001313,2026-03-12 03:57:00,USER0707,REC0433,1947.6,Food,Pune,Android,App,0,normal
TXN008482,2026-03-12 04:18:00,USER0296,REC0029,1144.12,Groceries,Pune,iOS,App,1,late_night_payment
TXN002858,2026-03-12 04:31:00,USER0467,REC0038,792.06,Transfer,Hyderabad,Android,QR,0,normal
TXN003429,2026-03-12 04:42:00,USER0039,REC0366,964.04,Groceries,Bengaluru,Android,QR,0,normal
TXN005185,2026-03-12 05:15:00,USER0923,REC0162,425.59,Groceries,Chennai,Android,App,0,normal
TXN000766,2026-03-12 05:27:00,USER0784,REC0011,867.43,Transfer,Delhi,iOS,Collect Request,0,normal
TXN000107,2026-03-12 05:35:00,USER0772,REC0407,823.6,Groceries,Delhi,Android,App,0,normal
TXN002603,2026-03-12 05:52:00,USER0937,REC0223,458.57,Groceries,Chennai,Android,App,0,normal
TXN008735,2026-03-12 05:56:00,USER0408,REC0093,569.56,Groceries,Chennai,iOS,Collect Request,0,normal
TXN001498,2026-03-12 06:03:00,USER0969,REC0213,673.46,Groceries,Mumbai,Android,QR,0,normal
TXN009873,2026-03-12 06:07:00,USER0132,REC0041,501.73,Shopping,Hyderabad,Android,App,0,normal
TXN005019,2026-03-12 06:07:00,USER0031,REC0124,39466.61,Bills,Hyderabad,iOS,QR,1,unusually_high_amount
TXN000112,2026-03-12 06:22:00,USER0275,REC0087,636.55,Shopping,Pune,Android,App,0,normal
TXN003350,2026-03-12 06:36:00,USER0684,REC0003,309.93,Bills,Delhi,Android,App,0,normal
TXN006168,2026-03-12 06:47:00,USER0578,REC0313,1359.29,Groceries,Pune,iOS,QR,0,normal
TXN000806,2026-03-12 07:35:00,USER0385,REC0253,172.92,Food,Mumbai,Android,Collect Request,0,normal
TXN003565,2026-03-12 07:51:00,USER0581,REC0479,175.96,Food,Bengaluru,Android,App,0,normal
TXN005074,2026-03-12 07:57:00,USER0508,REC0146,42670.71,Groceries,Hyderabad,iOS,QR,1,unusually_high_amount
TXN008263,2026-03-12 07:57:00,USER0043,REC0057,159.61,Food,Delhi,iOS,QR,0,normal
TXN008567,2026-03-12 08:07:00,USER0051,REC0103,959.33,Shopping,Hyderabad,Android,App,0,normal
TXN000025,2026-03-12 08:11:00,USER0078,REC0011,267.68,Groceries,Mumbai,iOS,QR,0,normal
TXN002988,2026-03-12 08:35:00,USER0161,REC0086,589.02,Travel,Mumbai,Android,Collect Request,0,normal
TXN004225,2026-03-12 08:57:00,USER0704,REC0347,222.74,Bills,Mumbai,Android,App,0,normal
TXN001212,2026-03-12 09:07:00,USER0557,REC0060,586.01,Travel,Hyderabad,Android,QR,0,normal
TXN003074,2026-03-12 09:34:00,USER0123,REC0250,992.34,Bills,Bengaluru,Android,App,0,normal
TXN006912,2026-03-12 09:43:00,USER0079,REC0285,394.67,Transfer,Pune,Android,QR,0,normal
TXN000690,2026-03-12 10:28:00,USER0299,REC0196,220.82,Shopping,Chennai,Android,Collect Request,0,normal
TXN006317,2026-03-12 10:39:00,USER0759,REC0240,790.45,Transfer,Delhi,Android,App,0,normal
TXN000278,2026-03-12 10:42:00,USER0228,REC0182,34145.18,Shopping,Mumbai,Android,QR,1,unusually_high_amount
TXN005492,2026-03-12 10:45:00,USER0583,REC0040,224.76,Groceries,Bengaluru,Android,App,0,normal
TXN004953,2026-03-12 10:47:00,USER0041,REC0190,1020.49,Food,Bengaluru,Android,QR,0,normal
TXN004072,2026-03-12 10:53:00,USER0626,REC0434,476.56,Bills,Mumbai,Android,App,0,normal
TXN006108,2026-03-12 10:55:00,USER0704,REC0192,1597.44,Bills,Hyderabad,Android,App,0,normal
TXN003326,2026-03-12 11:04:00,USER0136,REC0151,193.79,Food,Bengaluru,Android,App,0,normal
TXN001726,2026-03-12 11:11:00,USER0647,REC0151,3061.15,Bills,Hyderabad,iOS,App,0,normal
TXN009896,2026-03-12 11:28:00,USER0242,REC0244,713.89,Shopping,Chennai,iOS,App,0,normal
TXN008627,2026-03-12 12:23:00,USER0912,REC0103,262.22,Groceries,Pune,Android,App,0,normal
TXN009659,2026-03-12 12:31:00,USER0689,REC0032,378.84,Bills,Chennai,Android,QR,0,normal
TXN005371,2026-03-12 12:41:00,USER0695,REC0062,244.35,Bills,Delhi,Android,App,0,normal
TXN001416,2026-03-12 13:03:00,USER0840,REC0276,454.01,Groceries,Chennai,iOS,App,0,normal
TXN000160,2026-03-12 13:13:00,USER0718,REC0357,319.77,Groceries,Chennai,iOS,App,0,normal
TXN005355,2026-03-12 13:23:00,USER0561,REC0018,313.43,Transfer,Mumbai,iOS,QR,0,normal
TXN000918,2026-03-12 13:36:00,USER0192,REC0199,829.09,Groceries,Bengaluru,Android,QR,0,normal
TXN000613,2026-03-12 13:44:00,USER0038,REC0068,655.8,Groceries,Chennai,iOS,App,0,normal
TXN007351,2026-03-12 13:47:00,USER0472,REC0435,803.23,Groceries,Delhi,iOS,QR,0,normal
TXN007665,2026-03-12 14:18:00,USER0549,REC0495,299.66,Shopping,Pune,Android,App,0,normal
TXN005454,2026-03-12 14:58:00,USER0118,REC0436,1278.44,Groceries,Bengaluru,iOS,QR,0,normal
TXN004362,2026-03-12 14:59:00,USER0259,REC0153,1860.15,Shopping,Hyderabad,iOS,App,0,normal
TXN000476,2026-03-12 15:05:00,USER0108,REC0089,936.97,Food,Hyderabad,Android,QR,0,normal
TXN003967,2026-03-12 16:15:00,USER0388,REC0024,608.93,Travel,Mumbai,Android,App,0,normal
TXN000955,2026-03-12 16:51:00,USER0097,REC0224,224.67,Travel,Hyderabad,Android,QR,0,normal
TXN007133,2026-03-12 17:13:00,USER0674,REC0180,642.37,Food,Mumbai,Android,QR,0,normal
TXN000725,2026-03-12 17:39:00,USER0849,REC0427,1309.45,Shopping,Chennai,Android,QR,0,normal
TXN008297,2026-03-12 17:42:00,USER0058,REC0391,795.44,Bills,Pune,Android,App,0,normal
TXN006627,2026-03-12 17:45:00,USER0170,REC0298,476.17,Groceries,Mumbai,Android,QR,0,normal
TXN000016,2026-03-12 17:53:00,USER0651,REC0490,469.04,Shopping,Pune,Android,QR,0,normal
TXN004613,2026-03-12 18:53:00,USER0031,REC0497,2975.2,Groceries,Delhi,Android,App,0,normal
TXN005217,2026-03-12 19:03:00,USER0398,REC0079,506.02,Food,Chennai,Android,QR,0,normal
TXN003323,2026-03-12 19:05:00,USER0717,REC0013,609.26,Food,Hyderabad,Android,App,0,normal
TXN002648,2026-03-12 19:09:00,USER0110,REC0430,724.88,Shopping,Hyderabad,Android,QR,0,normal
TXN006487,2026-03-12 19:15:00,USER0286,REC0040,451.57,Groceries,Chennai,Android,App,0,normal
TXN006836,2026-03-12 19:27:00,USER0857,REC0199,310.9,Groceries,Delhi,Android,QR,0,normal
TXN009658,2026-03-12 19:31:00,USER0456,REC0221,528.95,Transfer,Mumbai,Android,Collect Request,0,normal
TXN000249,2026-03-12 19:40:00,USER0798,REC0189,650.16,Shopping,Delhi,Android,App,0,normal
TXN003382,2026-03-12 19:41:00,USER0452,REC0102,1474.84,Food,Mumbai,Android,Collect Request,0,normal
TXN000106,2026-03-12 19:45:00,USER0559,REC0346,2097.02,Transfer,Hyderabad,iOS,App,0,normal
TXN005682,2026-03-12 19:47:00,USER0877,REC0284,1170.23,Shopping,Chennai,Android,App,0,normal
TXN005871,2026-03-12 20:10:00,USER0052,REC0049,1438.11,Groceries,Bengaluru,Android,App,0,normal
TXN005563,2026-03-12 20:25:00,USER0202,REC0196,661.7,Bills,Chennai,iOS,App,0,normal
TXN009007,2026-03-12 20:28:00,USER0218,REC0456,669.48,Groceries,Mumbai,Android,QR,0,normal
TXN000990,2026-03-12 20:51:00,USER0861,REC0451,932.78,Bills,Delhi,Android,QR,0,normal
TXN002284,2026-03-12 20:55:00,USER0157,REC0147,445.87,Groceries,Delhi,Android,App,0,normal
TXN004084,2026-03-12 21:07:00,USER0198,REC0402,908.79,Shopping,Hyderabad,Android,App,0,normal
TXN009866,2026-03-12 21:08:00,USER0500,REC0416,1524.09,Groceries,Mumbai,Android,App,0,normal
TXN003055,2026-03-12 21:10:00,USER0272,REC0116,495.91,Groceries,Bengaluru,Android,App,0,normal
TXN001430,2026-03-12 21:11:00,USER0105,REC0308,760.08,Groceries,Hyderabad,Android,App,0,normal
TXN002009,2026-03-12 21:17:00,USER0510,REC0400,1413.32,Bills,Chennai,Android,App,0,normal
TXN003422,2026-03-12 21:37:00,USER0155,REC0308,603.73,Shopping,Chennai,Android,QR,0,normal
TXN007387,2026-03-12 21:42:00,USER0672,REC0277,528.62,Transfer,Chennai,Android,QR,0,normal
TXN008636,2026-03-12 21:46:00,USER0337,REC0360,769.55,Groceries,Hyderabad,Android,Collect Request,0,normal
TXN006451,2026-03-12 22:43:00,USER0413,REC0027,768.48,Food,Mumbai,Android,App,0,normal
TXN007615,2026-03-12 22:48:00,USER0026,REC0232,583.91,Bills,Pune,Android,QR,0,normal
TXN004125,2026-03-12 23:41:00,USER0070,REC0113,243.85,Food,Delhi,Android,App,0,normal
TXN009551,2026-03-12 23:46:00,USER0188,REC0500,932.99,Travel,Delhi,Android,App,0,normal
TXN009359,2026-03-13 00:03:00,USER0118,REC0431,159.29,Food,Chennai,iOS,App,0,normal
TXN006821,2026-03-13 00:04:00,USER0952,REC0464,882.47,Food,Bengaluru,Android,QR,0,normal
TXN000213,2026-03-13 00:15:00,USER0859,REC0385,995.9,Food,Hyderabad,Android,QR,0,normal
TXN008350,2026-03-13 00:21:00,USER0903,REC0114,2465.78,Shopping,Pune,Android,QR,0,normal
TXN008132,2026-03-13 00:32:00,USER0604,REC0300,539.6,Shopping,Delhi,iOS,QR,0,normal
TXN006099,2026-03-13 00:42:00,USER0494,REC0174,495.52,Shopping,Hyderabad,iOS,QR,0,normal
TXN003915,2026-03-13 00:58:00,USER0970,REC0050,464.65,Transfer,Delhi,Android,App,0,normal
TXN006924,2026-03-13 01:26:00,USER0656,REC0250,234.86,Bills,Hyderabad,iOS,App,0,normal
TXN006062,2026-03-13 02:11:00,USER0592,REC0004,148.03,Food,Delhi,iOS,QR,0,normal
TXN003385,2026-03-13 02:20:00,USER0193,REC0091,931.17,Food,Bengaluru,Android,App,1,late_night_payment
TXN007532,2026-03-13 02:27:00,USER0422,REC0311,2193.9,Bills,Delhi,Android,QR,0,normal
TXN001461,2026-03-13 02:44:00,USER0153,REC0241,929.92,Bills,Hyderabad,iOS,App,0,normal
TXN004908,2026-03-13 02:55:00,USER0604,REC0354,405.3,Transfer,Delhi,Android,App,0,normal
TXN002725,2026-03-13 03:29:00,USER0920,REC0312,865.15,Food,Mumbai,Android,QR,0,normal
TXN009164,2026-03-13 03:41:00,USER0064,REC0162,422.87,Bills,Chennai,Android,App,0,normal
TXN006426,2026-03-13 03:48:00,USER0668,REC0247,558.14,Travel,Delhi,Android,App,0,normal
TXN007350,2026-03-13 03:51:00,USER0128,REC0276,581.92,Transfer,Delhi,iOS,QR,0,normal
TXN002236,2026-03-13 03:59:00,USER0132,REC0182,562.78,Groceries,Hyderabad,Android,QR,0,normal
TXN006247,2026-03-13 04:13:00,USER0886,REC0416,1253.75,Travel,Mumbai,Android,Collect Request,0,normal
TXN005982,2026-03-13 04:16:00,USER0562,REC0238,335.8,Food,Bengaluru,Android,App,0,normal
TXN007863,2026-03-13 04:22:00,USER0835,REC0470,276.45,Shopping,Hyderabad,Android,App,0,normal
TXN006977,2026-03-13 04:41:00,USER0294,REC0052,1495.67,Food,Hyderabad,Android,QR,0,normal
TXN000559,2026-03-13 04:53:00,USER0567,REC0416,735.02,Shopping,Hyderabad,Android,QR,1,late_night_payment
TXN002809,2026-03-13 05:09:00,USER0152,REC0469,1176.43,Travel,Mumbai,Android,App,0,normal
TXN003130,2026-03-13 05:32:00,USER0439,REC0077,805.8,Food,Chennai,iOS,QR,0,normal
TXN009311,2026-03-13 05:42:00,USER0439,REC0022,924.92,Transfer,Delhi,iOS,App,0,normal
TXN006639,2026-03-13 05:48:00,USER0768,REC0307,790.17,Groceries,Hyderabad,iOS,QR,0,normal
TXN006920,2026-03-13 06:23:00,USER0552,REC0241,316.47,Groceries,Chennai,iOS,QR,0,normal
TXN002671,2026-03-13 06:26:00,USER0868,REC0284,736.12,Groceries,Delhi,Android,QR,0,normal
TXN001414,2026-03-13 06:39:00,USER0904,REC0491,1826.43,Groceries,Bengaluru,Android,QR,0,normal
TXN007164,2026-03-13 06:46:00,USER0362,REC0138,316.31,Shopping,Pune,iOS,Collect Request,0,normal
TXN004804,2026-03-13 07:18:00,USER0255,REC0396,721.44,Food,Bengaluru,Android,App,0,normal
TXN009800,2026-03-13 07:34:00,USER0921,REC0302,254.7,Groceries,Bengaluru,Android,QR,0,normal
TXN007550,2026-03-13 07:38:00,USER0676,REC0439,821.12,Food,Chennai,Android,App,0,normal
TXN000639,2026-03-13 08:20:00,USER0764,REC0090,740.75,Food,Mumbai,iOS,App,0,normal
TXN002801,2026-03-13 08:31:00,USER0878,REC0479,391.78,Food,Chennai,iOS,QR,0,normal
TXN003154,2026-03-13 08:53:00,USER0444,REC0168,329.85,Shopping,Hyderabad,Android,App,0,normal
TXN006932,2026-03-13 08:55:00,USER0504,REC0039,314.65,Shopping,Delhi,Android,App,0,normal
TXN008538,2026-03-13 09:03:00,USER0908,REC0316,946.81,Bills,Chennai,Android,App,0,normal
TXN009753,2026-03-13 09:23:00,USER0151,REC0137,639.79,Travel,Hyderabad,Android,App,0,normal
TXN000261,2026-03-13 09:55:00,USER0181,REC0453,550.85,Food,Mumbai,Android,QR,0,normal
TXN006945,2026-03-13 10:02:00,USER0810,REC0352,318.63,Groceries,Mumbai,iOS,App,0,normal
TXN009422,2026-03-13 10:07:00,USER0814,REC0090,653.38,Food,Pune,iOS,Collect Request,0,normal
TXN001986,2026-03-13 10:15:00,USER0964,REC0281,304.47,Transfer,Delhi,Android,QR,0,normal
TXN004516,2026-03-13 10:19:00,USER0909,REC0003,185.11,Bills,Mumbai,iOS,Collect Request,0,normal
TXN001254,2026-03-13 10:21:00,USER0735,REC0119,264.93,Shopping,Delhi,Android,QR,0,normal
TXN004099,2026-03-13 10:26:00,USER0486,REC0291,766.98,Groceries,Mumbai,iOS,App,0,normal
TXN006939,2026-03-13 10:44:00,USER0758,REC0426,405.47,Bills,Hyderabad,iOS,App,0,normal
TXN007479,2026-03-13 11:04:00,USER0786,REC0014,367.85,Shopping,Bengaluru,Android,QR,0,normal
TXN009013,2026-03-13 11:49:00,USER0456,REC0329,85.71,Food,Delhi,Android,Collect Request,0,normal
TXN001617,2026-03-13 11:49:00,USER0368,REC0280,2875.66,Bills,Delhi,iOS,App,0,normal
TXN001133,2026-03-13 11:59:00,USER0617,REC0420,81.94,Transfer,Pune,Android,App,0,normal
TXN001980,2026-03-13 12:01:00,USER0484,REC0449,1722.7,Shopping,Pune,iOS,App,0,normal
TXN009387,2026-03-13 12:12:00,USER0675,REC0152,1216.14,Groceries,Chennai,Android,App,0,normal
TXN002702,2026-03-13 12:39:00,USER0773,REC0027,328.05,Travel,Mumbai,Android,App,0,normal
TXN002547,2026-03-13 12:47:00,USER0820,REC0025,921.49,Shopping,Chennai,Android,App,0,normal
TXN000135,2026-03-13 13:00:00,USER0042,REC0137,244.12,Transfer,Delhi,Android,App,0,normal
TXN007678,2026-03-13 13:15:00,USER0175,REC0254,504.57,Groceries,Mumbai,Android,Collect Request,0,normal
TXN000692,2026-03-13 13:26:00,USER0070,REC0419,1362.5,Food,Pune,iOS,App,0,normal
TXN000745,2026-03-13 13:40:00,USER0824,REC0275,17810.77,Bills,Pune,iOS,QR,1,unusually_high_amount
TXN003396,2026-03-13 13:42:00,USER0124,REC0266,421.56,Travel,Pune,Android,QR,0,normal
TXN007072,2026-03-13 13:53:00,USER0231,REC0229,1110.13,Food,Hyderabad,Android,QR,0,normal
TXN004712,2026-03-13 14:20:00,USER0385,REC0215,404.79,Shopping,Delhi,Android,QR,0,normal
TXN006694,2026-03-13 14:20:00,USER0627,REC0415,883.6,Groceries,Mumbai,Android,QR,0,normal
TXN003483,2026-03-13 14:20:00,USER0135,REC0166,643.06,Bills,Chennai,Android,QR,0,normal
TXN005909,2026-03-13 14:30:00,USER0602,REC0111,1409.43,Transfer,Hyderabad,iOS,QR,0,normal
TXN000071,2026-03-13 14:40:00,USER0237,REC0268,426.5,Groceries,Pune,Android,App,0,normal
TXN008280,2026-03-13 14:43:00,USER0146,REC0397,1827.28,Food,Delhi,Android,App,0,normal
TXN002832,2026-03-13 14:54:00,USER0158,REC0375,151.78,Food,Chennai,Android,App,0,normal
TXN007478,2026-03-13 14:55:00,USER0785,REC0473,84.75,Groceries,Mumbai,Android,QR,0,normal
TXN008677,2026-03-13 15:02:00,USER0002,REC0499,265.81,Groceries,Delhi,Android,QR,0,normal
TXN008285,2026-03-13 15:09:00,USER0703,REC0473,502.64,Shopping,Delhi,Android,QR,0,normal
TXN001684,2026-03-13 15:25:00,USER0333,REC0318,591.29,Shopping,Pune,Android,App,0,normal
TXN003296,2026-03-13 15:29:00,USER0026,REC0175,458.75,Transfer,Delhi,Android,App,0,normal
TXN002899,2026-03-13 16:11:00,USER0365,REC0232,438.24,Food,Hyderabad,Android,App,0,normal
TXN008050,2026-03-13 16:22:00,USER0723,REC0279,1368.46,Groceries,Bengaluru,Android,QR,0,normal
TXN002257,2026-03-13 16:23:00,USER0949,REC0092,1133.22,Bills,Mumbai,iOS,QR,0,normal
TXN003564,2026-03-13 16:35:00,USER0385,REC0266,1496.76,Food,Mumbai,Android,App,0,normal
TXN003393,2026-03-13 16:58:00,USER0727,REC0495,189.47,Bills,Hyderabad,Android,QR,0,normal
TXN000484,2026-03-13 17:07:00,USER0294,REC0002,886.07,Transfer,Mumbai,Android,QR,0,normal
TXN000105,2026-03-13 17:10:00,USER0489,REC0160,227.88,Groceries,Pune,Android,Collect Request,0,normal
TXN005922,2026-03-13 18:05:00,USER0142,REC0075,171.76,Travel,Chennai,iOS,App,0,normal
TXN005617,2026-03-13 18:07:00,USER0294,REC0267,182.98,Transfer,Delhi,iOS,Collect Request,0,normal
TXN006645,2026-03-13 18:29:00,USER0932,REC0036,979.45,Food,Delhi,iOS,App,0,normal
TXN008015,2026-03-13 18:30:00,USER0871,REC0326,712.1,Shopping,Mumbai,Android,Collect Request,0,normal
TXN002206,2026-03-13 18:37:00,USER0845,REC0334,1484.76,Groceries,Hyderabad,iOS,App,0,normal
TXN005512,2026-03-13 18:38:00,USER0910,REC0399,374.12,Bills,Delhi,Android,App,0,normal
TXN002005,2026-03-13 19:25:00,USER0596,REC0361,745.59,Shopping,Delhi,iOS,QR,0,normal
TXN008802,2026-03-13 19:41:00,USER0665,REC0063,634.56,Food,Delhi,iOS,App,0,normal
TXN008624,2026-03-13 19:45:00,USER0561,REC0090,963.68,Groceries,Pune,Android,Collect Request,0,normal
TXN001736,2026-03-13 19:53:00,USER0716,REC0026,463.48,Food,Chennai,Android,App,0,normal
TXN007620,2026-03-13 20:02:00,USER0881,REC0482,1241.83,Food,Chennai,Android,App,0,normal
TXN008244,2026-03-13 20:08:00,USER0961,REC0141,283.05,Groceries,Mumbai,iOS,App,0,normal
TXN007879,2026-03-13 20:21:00,USER0302,REC0457,536.53,Groceries,Delhi,Android,Collect Request,0,normal
TXN005896,2026-03-13 20:26:00,USER0414,REC0258,928.58,Groceries,Hyderabad,Android,App,0,normal
TXN008258,2026-03-13 20:36:00,USER0282,REC0451,389.72,Food,Hyderabad,Android,App,0,normal
TXN003752,2026-03-13 20:38:00,USER0501,REC0189,709.58,Shopping,Delhi,iOS,App,0,normal
TXN002557,2026-03-13 20:48:00,USER0192,REC0116,2178.4,Groceries,Hyderabad,iOS,Collect Request,0,normal
TXN004909,2026-03-13 20:48:00,USER0734,REC0357,2797.78,Transfer,Hyderabad,iOS,App,0,normal
TXN005296,2026-03-13 21:17:00,USER0386,REC0163,1496.25,Shopping,Hyderabad,iOS,App,0,normal
TXN004271,2026-03-13 21:30:00,USER0463,REC0089,351.13,Shopping,Mumbai,Android,App,0,normal
TXN009821,2026-03-13 21:54:00,USER0369,REC0338,635.34,Shopping,Delhi,Android,Collect Request,0,normal
TXN003481,2026-03-13 21:56:00,USER0290,REC0035,806.62,Groceries,Delhi,Android,App,0,normal
TXN004467,2026-03-13 22:03:00,USER0646,REC0339,335.63,Travel,Delhi,Android,Collect Request,0,normal
TXN007112,2026-03-13 22:04:00,USER0146,REC0060,1579.4,Groceries,Chennai,Android,QR,0,normal
TXN001578,2026-03-13 22:18:00,USER0812,REC0016,271.56,Bills,Mumbai,iOS,QR,0,normal
TXN004308,2026-03-13 22:19:00,USER0579,REC0263,582.59,Travel,Hyderabad,iOS,QR,0,normal
TXN000716,2026-03-13 22:22:00,USER0417,REC0330,307.76,Groceries,Chennai,iOS,QR,0,normal
TXN007452,2026-03-13 22:36:00,USER0926,REC0497,663.46,Transfer,Delhi,iOS,QR,0,normal
TXN005473,2026-03-13 22:43:00,USER0553,REC0331,705.87,Food,Hyderabad,Android,App,0,normal
TXN007049,2026-03-13 22:43:00,USER0362,REC0488,995.13,Shopping,Bengaluru,iOS,App,0,normal
TXN005544,2026-03-13 22:56:00,USER0093,REC0135,418.61,Groceries,Delhi,iOS,App,0,normal
TXN006179,2026-03-13 22:57:00,USER0235,REC0146,934.54,Shopping,Hyderabad,iOS,App,0,normal
TXN003571,2026-03-13 22:58:00,USER0086,REC0176,251.37,Food,Bengaluru,Android,App,0,normal
TXN009967,2026-03-13 23:25:00,USER0369,REC0376,1780.63,Groceries,Pune,Android,QR,0,normal
TXN001012,2026-03-13 23:43:00,USER0363,REC0379,282.82,Bills,Mumbai,Android,App,0,normal
TXN008120,2026-03-14 00:10:00,USER0835,REC0053,362.83,Travel,Delhi,Android,QR,0,normal
TXN008500,2026-03-14 00:25:00,USER0829,REC0225,1891.85,Food,Delhi,Android,App,0,normal
TXN009897,2026-03-14 00:46:00,USER0019,REC0174,1019.2,Bills,Mumbai,iOS,QR,0,normal
TXN007639,2026-03-14 00:51:00,USER0733,REC0005,502.95,Bills,Chennai,Android,QR,0,normal
TXN004525,2026-03-14 01:00:00,USER0931,REC0315,1039.98,Groceries,Hyderabad,iOS,App,0,normal
TXN005362,2026-03-14 01:14:00,USER0997,REC0490,157.02,Food,Pune,Android,App,0,normal
TXN002902,2026-03-14 01:15:00,USER0296,REC0419,359.79,Food,Chennai,iOS,App,0,normal
TXN008865,2026-03-14 01:23:00,USER0762,REC0245,212.66,Food,Mumbai,Android,QR,0,normal
TXN002567,2026-03-14 01:27:00,USER0461,REC0340,1943.95,Shopping,Hyderabad,Android,QR,0,normal
TXN009892,2026-03-14 01:27:00,USER0036,REC0221,590.93,Groceries,Pune,Android,App,0,normal
TXN000591,2026-03-14 01:30:00,USER0989,REC0215,618.9,Transfer,Hyderabad,Android,App,0,normal
TXN007172,2026-03-14 01:32:00,USER0362,REC0483,208.72,Transfer,Mumbai,Android,QR,0,normal
TXN006452,2026-03-14 01:51:00,USER0138,REC0178,404.08,Groceries,Pune,Android,App,1,late_night_payment
TXN001284,2026-03-14 01:52:00,USER0797,REC0417,226.57,Shopping,Bengaluru,iOS,QR,0,normal
TXN000686,2026-03-14 01:54:00,USER0869,REC0010,525.75,Groceries,Mumbai,Android,App,0,normal
TXN004005,2026-03-14 02:04:00,USER0516,REC0446,1253.63,Groceries,Pune,iOS,App,0,normal
TXN000860,2026-03-14 02:04:00,USER0602,REC0306,427.1,Groceries,Chennai,Android,QR,0,normal
TXN005155,2026-03-14 02:16:00,USER0656,REC0078,276.2,Shopping,Delhi,Android,QR,0,normal
TXN002983,2026-03-14 02:21:00,USER0655,REC0343,258.48,Groceries,Chennai,Android,App,0,normal
TXN005393,2026-03-14 02:24:00,USER0310,REC0115,1500.84,Bills,Mumbai,Android,QR,0,normal
TXN002497,2026-03-14 02:25:00,USER0355,REC0261,551.53,Shopping,Bengaluru,Android,App,0,normal
TXN005421,2026-03-14 02:25:00,USER0008,REC0096,480.0,Food,Mumbai,Android,App,0,normal
TXN002535,2026-03-14 02:54:00,USER0157,REC0323,349.76,Food,Chennai,iOS,QR,0,normal
TXN006648,2026-03-14 02:54:00,USER0939,REC0492,304.77,Groceries,Bengaluru,Android,App,0,normal
TXN002296,2026-03-14 03:00:00,USER0327,REC0025,708.06,Food,Hyderabad,Android,App,0,normal
TXN004975,2026-03-14 03:02:00,USER0845,REC0333,515.45,Food,Mumbai,Android,App,0,normal
TXN000852,2026-03-14 03:12:00,USER0646,REC0243,364.59,Food,Delhi,Android,QR,0,normal
TXN005444,2026-03-14 03:18:00,USER0864,REC0048,852.51,Shopping,Pune,Android,QR,1,late_night_payment
TXN001087,2026-03-14 03:31:00,USER0435,REC0464,223.26,Groceries,Delhi,iOS,App,0,normal
TXN007436,2026-03-14 03:53:00,USER0057,REC0127,1249.24,Food,Pune,Android,QR,0,normal
TXN006496,2026-03-14 04:07:00,USER0074,REC0115,267.33,Groceries,Pune,Android,Collect Request,0,normal
TXN000596,2026-03-14 04:22:00,USER0242,REC0213,610.34,Bills,Pune,iOS,App,0,normal
TXN001260,2026-03-14 04:26:00,USER0304,REC0304,547.18,Food,Chennai,Android,App,0,normal
TXN002571,2026-03-14 04:26:00,USER0195,REC0384,706.26,Bills,Bengaluru,Android,App,0,normal
TXN006515,2026-03-14 04:31:00,USER0604,REC0227,428.79,Shopping,Delhi,Android,QR,1,late_night_payment
TXN003057,2026-03-14 04:46:00,USER0013,REC0456,738.91,Transfer,Bengaluru,Android,QR,0,normal
TXN006339,2026-03-14 04:54:00,USER0161,REC0349,877.57,Groceries,Hyderabad,Android,App,0,normal
TXN006123,2026-03-14 05:06:00,USER0157,REC0462,305.79,Food,Hyderabad,Android,QR,0,normal
TXN003037,2026-03-14 05:15:00,USER0757,REC0208,606.96,Groceries,Bengaluru,Android,App,0,normal
TXN006245,2026-03-14 05:21:00,USER0930,REC0088,490.66,Shopping,Hyderabad,Android,QR,0,normal
TXN009304,2026-03-14 05:42:00,USER0801,REC0055,409.39,Transfer,Mumbai,Android,Collect Request,0,normal
TXN004976,2026-03-14 05:50:00,USER0020,REC0219,379.7,Bills,Hyderabad,Android,QR,0,normal
TXN003300,2026-03-14 05:52:00,USER0312,REC0418,172.43,Travel,Pune,Android,Collect Request,0,normal
TXN003818,2026-03-14 05:56:00,USER0988,REC0203,451.63,Food,Pune,Android,QR,0,normal
TXN001199,2026-03-14 05:58:00,USER0502,REC0126,1651.15,Food,Hyderabad,Android,App,0,normal
TXN004309,2026-03-14 06:09:00,USER0910,REC0321,569.91,Shopping,Delhi,Android,QR,0,normal
TXN000551,2026-03-14 06:41:00,USER0985,REC0153,456.14,Food,Mumbai,Android,QR,0,normal
TXN007657,2026-03-14 06:54:00,USER0504,REC0182,342.72,Shopping,Delhi,Android,Collect Request,0,normal
TXN007529,2026-03-14 06:57:00,USER0839,REC0147,435.58,Transfer,Bengaluru,Android,Collect Request,0,normal
TXN005215,2026-03-14 08:08:00,USER0140,REC0207,348.03,Travel,Pune,Android,App,0,normal
TXN007182,2026-03-14 08:23:00,USER0525,REC0022,1049.91,Transfer,Chennai,iOS,App,0,normal
TXN006512,2026-03-14 08:38:00,USER0201,REC0009,1257.38,Travel,Hyderabad,Android,App,0,normal
TXN000428,2026-03-14 08:54:00,USER0911,REC0283,1198.46,Travel,Pune,iOS,App,0,normal
TXN009454,2026-03-14 09:14:00,USER0241,REC0267,860.62,Groceries,Delhi,Android,App,0,normal
TXN007714,2026-03-14 09:16:00,USER0883,REC0457,381.38,Food,Delhi,Android,Collect Request,0,normal
TXN000472,2026-03-14 09:25:00,USER0627,REC0125,81.25,Groceries,Bengaluru,Android,App,0,normal
TXN000654,2026-03-14 09:29:00,USER0603,REC0118,500.99,Bills,Pune,Android,App,0,normal
TXN008873,2026-03-14 09:44:00,USER0904,REC0409,182.78,Food,Chennai,iOS,QR,0,normal
TXN007278,2026-03-14 09:49:00,USER0538,REC0428,360.87,Shopping,Delhi,Android,App,0,normal
TXN008863,2026-03-14 09:58:00,USER0715,REC0359,481.68,Food,Hyderabad,Android,QR,0,normal
TXN007487,2026-03-14 10:12:00,USER0732,REC0452,282.22,Food,Delhi,Android,QR,0,normal
TXN000092,2026-03-14 10:17:00,USER0999,REC0236,720.44,Groceries,Bengaluru,iOS,App,0,normal
TXN000103,2026-03-14 10:34:00,USER0894,REC0318,241.65,Food,Chennai,Android,App,0,normal
TXN001749,2026-03-14 10:46:00,USER0077,REC0311,888.39,Food,Hyderabad,Android,App,0,normal
TXN002093,2026-03-14 10:48:00,USER0828,REC0386,271.58,Bills,Chennai,Android,App,0,normal
TXN003803,2026-03-14 11:10:00,USER0780,REC0351,301.1,Food,Delhi,iOS,Collect Request,0,normal
TXN002545,2026-03-14 11:25:00,USER0617,REC0076,519.51,Transfer,Pune,Android,App,0,normal
TXN009706,2026-03-14 12:03:00,USER0361,REC0343,383.75,Bills,Bengaluru,iOS,App,0,normal
TXN008255,2026-03-14 12:18:00,USER0355,REC0022,183.63,Travel,Bengaluru,iOS,App,0,normal
TXN004810,2026-03-14 12:28:00,USER0543,REC0468,448.3,Groceries,Hyderabad,Android,QR,0,normal
TXN005332,2026-03-14 12:33:00,USER0451,REC0223,673.42,Food,Hyderabad,iOS,QR,0,normal
TXN006623,2026-03-14 12:46:00,USER0300,REC0250,308.5,Groceries,Hyderabad,Android,App,0,normal
TXN007186,2026-03-14 12:56:00,USER0872,REC0322,381.4,Transfer,Chennai,Android,QR,0,normal
TXN002532,2026-03-14 13:22:00,USER0839,REC0069,274.66,Shopping,Delhi,iOS,App,0,normal
TXN008404,2026-03-14 13:27:00,USER0963,REC0458,935.89,Groceries,Hyderabad,Android,App,0,normal
TXN004753,2026-03-14 13:30:00,USER0063,REC0092,218.59,Shopping,Pune,iOS,QR,0,normal
TXN004288,2026-03-14 13:49:00,USER0095,REC0076,580.7,Shopping,Mumbai,Android,QR,0,normal
TXN006953,2026-03-14 14:23:00,USER0513,REC0027,1712.98,Travel,Hyderabad,iOS,QR,0,normal
TXN006677,2026-03-14 14:38:00,USER0096,REC0012,983.66,Transfer,Bengaluru,Android,App,0,normal
TXN008372,2026-03-14 14:45:00,USER0986,REC0078,555.57,Food,Chennai,iOS,App,0,normal
TXN008475,2026-03-14 14:54:00,USER0220,REC0326,424.47,Shopping,Bengaluru,Android,QR,0,normal
TXN008546,2026-03-14 14:57:00,USER0922,REC0442,2160.0,Food,Pune,Android,App,0,normal
TXN004206,2026-03-14 14:59:00,USER0572,REC0209,1281.81,Food,Pune,Android,App,0,normal
TXN003713,2026-03-14 15:07:00,USER0796,REC0400,307.93,Food,Chennai,Android,App,0,normal
TXN005079,2026-03-14 15:08:00,USER0202,REC0146,992.54,Travel,Pune,Android,App,0,normal
TXN006307,2026-03-14 15:36:00,USER0520,REC0116,368.14,Bills,Chennai,iOS,Collect Request,0,normal
TXN001334,2026-03-14 16:03:00,USER0258,REC0148,670.23,Food,Hyderabad,iOS,App,0,normal
TXN000291,2026-03-14 16:24:00,USER0323,REC0104,375.91,Transfer,Delhi,Android,QR,0,normal
TXN009721,2026-03-14 16:33:00,USER0107,REC0311,1732.25,Bills,Hyderabad,Android,QR,0,normal
TXN003769,2026-03-14 16:43:00,USER0728,REC0381,636.67,Shopping,Bengaluru,Android,QR,0,normal
TXN002935,2026-03-14 17:15:00,USER0861,REC0383,455.01,Bills,Delhi,Android,QR,0,normal
TXN005589,2026-03-14 17:30:00,USER0861,REC0440,287.22,Shopping,Delhi,iOS,App,0,normal
TXN005045,2026-03-14 17:33:00,USER0036,REC0254,550.58,Groceries,Hyderabad,Android,QR,0,normal
TXN000336,2026-03-14 17:49:00,USER0747,REC0414,196.63,Groceries,Bengaluru,Android,App,0,normal
TXN003833,2026-03-14 17:52:00,USER0923,REC0277,1424.57,Transfer,Mumbai,Android,App,0,normal
TXN001001,2026-03-14 17:55:00,USER0850,REC0091,551.59,Food,Hyderabad,Android,QR,0,normal
TXN000837,2026-03-14 18:02:00,USER0457,REC0473,216.77,Travel,Hyderabad,Android,App,0,normal
TXN000227,2026-03-14 18:42:00,USER0340,REC0221,966.49,Bills,Pune,Android,QR,0,normal
TXN002748,2026-03-14 19:22:00,USER0704,REC0481,720.01,Groceries,Delhi,iOS,App,0,normal
TXN007557,2026-03-14 19:34:00,USER0302,REC0151,541.93,Groceries,Pune,iOS,App,0,normal
TXN002161,2026-03-14 19:45:00,USER0069,REC0098,603.47,Shopping,Mumbai,Android,App,0,normal
TXN001219,2026-03-14 19:54:00,USER0295,REC0488,496.16,Transfer,Hyderabad,iOS,App,0,normal
TXN009943,2026-03-14 19:57:00,USER0670,REC0249,435.26,Shopping,Pune,Android,App,0,normal
TXN008590,2026-03-14 20:41:00,USER0160,REC0213,318.93,Travel,Delhi,Android,App,0,normal
TXN007039,2026-03-14 21:16:00,USER0027,REC0485,1629.67,Bills,Bengaluru,Android,App,0,normal
TXN007016,2026-03-14 21:27:00,USER0241,REC0391,376.3,Groceries,Chennai,Android,App,0,normal
TXN003246,2026-03-14 21:28:00,USER0003,REC0248,124.52,Transfer,Hyderabad,Android,App,0,normal
TXN009229,2026-03-14 21:28:00,USER0289,REC0219,495.02,Transfer,Chennai,iOS,App,0,normal
TXN007723,2026-03-14 21:41:00,USER0791,REC0095,503.5,Transfer,Chennai,iOS,QR,0,normal
TXN007437,2026-03-14 22:07:00,USER0092,REC0109,379.28,Food,Pune,Android,QR,0,normal
TXN007804,2026-03-14 22:13:00,USER0902,REC0345,27844.03,Transfer,Hyderabad,Android,QR,1,unusually_high_amount
TXN004054,2026-03-14 22:15:00,USER0600,REC0453,2074.08,Food,Pune,Android,QR,0,normal
TXN003868,2026-03-14 22:43:00,USER0697,REC0318,347.96,Bills,Chennai,Android,App,0,normal
TXN009334,2026-03-14 23:32:00,USER0966,REC0028,1104.7,Shopping,Hyderabad,Android,QR,0,normal
TXN002684,2026-03-14 23:40:00,USER0906,REC0091,396.43,Bills,Bengaluru,Android,QR,0,normal
TXN006237,2026-03-15 00:09:00,USER0238,REC0188,1064.8,Bills,Pune,iOS,App,0,normal
TXN001025,2026-03-15 00:57:00,USER0088,REC0111,1864.29,Bills,Chennai,Android,QR,1,late_night_payment
TXN008680,2026-03-15 01:02:00,USER0313,REC0214,1142.57,Shopping,Hyderabad,iOS,App,0,normal
TXN003508,2026-03-15 01:23:00,USER0910,REC0284,499.33,Food,Hyderabad,Android,App,0,normal
TXN006444,2026-03-15 01:38:00,USER0784,REC0334,451.81,Groceries,Hyderabad,Android,App,0,normal
TXN009958,2026-03-15 01:39:00,USER0106,REC0447,622.99,Food,Pune,Android,Collect Request,0,normal
TXN006992,2026-03-15 01:42:00,USER0527,REC0217,1118.65,Bills,Pune,iOS,QR,1,late_night_payment
TXN008069,2026-03-15 01:50:00,USER0315,REC0371,1511.09,Food,Delhi,Android,Collect Request,0,normal
TXN003198,2026-03-15 01:53:00,USER0094,REC0357,1811.99,Shopping,Bengaluru,Android,App,0,normal
TXN007077,2026-03-15 02:09:00,USER0743,REC0116,273.82,Transfer,Mumbai,Android,Collect Request,0,normal
TXN003010,2026-03-15 02:11:00,USER0773,REC0443,542.8,Bills,Chennai,Android,App,0,normal
TXN007132,2026-03-15 02:19:00,USER0368,REC0370,2006.03,Groceries,Chennai,Android,QR,0,normal
TXN005408,2026-03-15 02:33:00,USER0643,REC0336,523.49,Groceries,Chennai,Android,App,0,normal
TXN008035,2026-03-15 02:47:00,USER0091,REC0311,1065.3,Transfer,Chennai,Android,QR,0,normal
TXN006812,2026-03-15 03:01:00,USER0826,REC0245,272.16,Food,Delhi,Android,QR,0,normal
TXN005658,2026-03-15 03:02:00,USER0805,REC0372,445.53,Food,Delhi,Android,QR,0,normal
TXN006903,2026-03-15 03:31:00,USER0594,REC0279,723.28,Transfer,Hyderabad,Android,QR,0,normal
TXN006405,2026-03-15 03:33:00,USER0848,REC0265,701.75,Bills,Bengaluru,Android,QR,0,normal
TXN007814,2026-03-15 03:52:00,USER0407,REC0206,628.68,Shopping,Bengaluru,Android,App,0,normal
TXN002159,2026-03-15 04:02:00,USER0108,REC0340,744.33,Groceries,Chennai,Android,App,0,normal
TXN001574,2026-03-15 04:25:00,USER0880,REC0369,1838.4,Groceries,Bengaluru,iOS,Collect Request,0,normal
TXN009413,2026-03-15 04:46:00,USER0424,REC0401,401.65,Food,Bengaluru,Android,Collect Request,0,normal
TXN000885,2026-03-15 04:47:00,USER0160,REC0002,363.45,Food,Chennai,Android,App,0,normal
TXN007825,2026-03-15 05:11:00,USER0268,REC0087,149.23,Groceries,Bengaluru,Android,QR,0,normal
TXN009128,2026-03-15 05:13:00,USER0626,REC0392,2336.57,Food,Chennai,iOS,App,0,normal
TXN008635,2026-03-15 05:22:00,USER0809,REC0169,353.36,Bills,Pune,Android,App,0,normal
TXN005306,2026-03-15 06:03:00,USER0529,REC0052,595.69,Groceries,Bengaluru,Android,App,0,normal
TXN000166,2026-03-15 06:17:00,USER0417,REC0067,403.37,Travel,Delhi,Android,QR,0,normal
TXN003401,2026-03-15 06:40:00,USER0915,REC0500,623.05,Food,Delhi,iOS,App,0,normal
TXN008151,2026-03-15 06:45:00,USER0567,REC0048,868.92,Groceries,Delhi,Android,App,0,normal
TXN003208,2026-03-15 07:15:00,USER0160,REC0497,399.07,Transfer,Chennai,Android,QR,0,normal
TXN001426,2026-03-15 07:37:00,USER0984,REC0249,323.6,Bills,Bengaluru,iOS,App,0,normal
TXN009509,2026-03-15 07:43:00,USER0898,REC0168,801.1,Bills,Hyderabad,iOS,QR,0,normal
TXN009610,2026-03-15 07:54:00,USER0225,REC0304,2209.47,Bills,Delhi,Android,App,0,normal
TXN005886,2026-03-15 08:07:00,USER0688,REC0304,683.75,Food,Mumbai,iOS,QR,0,normal
TXN009832,2026-03-15 08:11:00,USER0306,REC0112,567.88,Travel,Delhi,Android,App,0,normal
TXN005706,2026-03-15 08:29:00,USER0582,REC0073,122.65,Transfer,Chennai,Android,QR,0,normal
TXN003078,2026-03-15 08:33:00,USER0506,REC0395,627.76,Groceries,Pune,Android,App,0,normal
TXN006365,2026-03-15 08:41:00,USER0891,REC0001,627.21,Groceries,Bengaluru,Android,QR,0,normal
TXN009583,2026-03-15 09:11:00,USER0834,REC0068,520.18,Food,Bengaluru,iOS,App,0,normal
TXN007417,2026-03-15 09:11:00,USER0604,REC0476,301.2,Transfer,Hyderabad,Android,App,0,normal
TXN008536,2026-03-15 09:29:00,USER0853,REC0423,386.7,Bills,Chennai,Android,QR,0,normal
TXN004970,2026-03-15 09:58:00,USER0294,REC0293,820.85,Bills,Chennai,Android,App,0,normal
TXN006146,2026-03-15 10:02:00,USER0228,REC0277,886.44,Groceries,Pune,Android,QR,0,normal
TXN006941,2026-03-15 10:07:00,USER0307,REC0339,1066.21,Groceries,Hyderabad,Android,App,0,normal
TXN007286,2026-03-15 10:12:00,USER0058,REC0204,533.02,Shopping,Hyderabad,Android,App,0,normal
TXN005121,2026-03-15 10:13:00,USER0883,REC0254,404.82,Shopping,Hyderabad,iOS,App,0,normal
TXN004392,2026-03-15 10:20:00,USER0956,REC0073,258.64,Food,Mumbai,Android,App,0,normal
TXN002196,2026-03-15 10:40:00,USER0538,REC0337,427.95,Food,Pune,iOS,QR,0,normal
TXN007759,2026-03-15 10:42:00,USER0344,REC0046,928.33,Travel,Delhi,Android,App,0,normal
TXN006811,2026-03-15 11:23:00,USER0977,REC0022,329.42,Shopping,Bengaluru,iOS,QR,0,normal
TXN005539,2026-03-15 11:26:00,USER0942,REC0200,1521.82,Travel,Pune,Android,QR,0,normal
TXN001843,2026-03-15 11:37:00,USER0703,REC0425,622.05,Groceries,Pune,Android,QR,0,normal
TXN008137,2026-03-15 11:38:00,USER0715,REC0118,162.59,Groceries,Mumbai,Android,App,0,normal
TXN001535,2026-03-15 11:45:00,USER0837,REC0257,280.68,Shopping,Pune,Android,App,0,normal
TXN000514,2026-03-15 11:47:00,USER0603,REC0445,864.01,Food,Bengaluru,Android,App,0,normal
TXN007747,2026-03-15 12:06:00,USER0040,REC0326,472.75,Transfer,Mumbai,Android,QR,0,normal
TXN001965,2026-03-15 12:31:00,USER0252,REC0171,347.5,Groceries,Mumbai,Android,App,0,normal
TXN008528,2026-03-15 12:36:00,USER0851,REC0039,399.63,Groceries,Pune,iOS,App,0,normal
TXN000741,2026-03-15 12:58:00,USER0597,REC0321,593.8,Food,Delhi,iOS,App,0,normal
TXN008649,2026-03-15 13:23:00,USER0973,REC0485,922.26,Food,Mumbai,iOS,QR,0,normal
TXN008529,2026-03-15 14:00:00,USER0392,REC0001,767.41,Groceries,Delhi,Android,QR,1,rapid_repeat_payment
TXN005986,2026-03-15 14:00:00,USER0094,REC0001,309.45,Food,Mumbai,iOS,QR,1,rapid_repeat_payment
TXN009091,2026-03-15 14:00:00,USER0039,REC0001,311.92,Food,Pune,iOS,App,1,rapid_repeat_payment
TXN007733,2026-03-15 14:00:00,USER0399,REC0001,440.85,Groceries,Pune,Android,QR,1,rapid_repeat_payment
TXN006336,2026-03-15 14:00:00,USER0977,REC0001,1183.21,Groceries,Chennai,Android,QR,1,rapid_repeat_payment
TXN009148,2026-03-15 14:01:00,USER0719,REC0001,705.64,Shopping,Bengaluru,Android,App,1,rapid_repeat_payment
TXN002311,2026-03-15 14:01:00,USER0210,REC0001,301.29,Food,Bengaluru,iOS,App,1,rapid_repeat_payment
TXN002620,2026-03-15 14:01:00,USER0710,REC0001,1315.14,Transfer,Hyderabad,iOS,QR,1,rapid_repeat_payment
TXN006740,2026-03-15 14:02:00,USER0118,REC0001,1851.24,Groceries,Mumbai,Android,QR,1,rapid_repeat_payment
TXN001082,2026-03-15 14:02:00,USER0962,REC0001,768.8,Shopping,Chennai,Android,QR,1,rapid_repeat_payment
TXN000168,2026-03-15 14:02:00,USER0052,REC0001,223.04,Transfer,Hyderabad,Android,App,1,rapid_repeat_payment
TXN005829,2026-03-15 14:02:00,USER0921,REC0001,746.9,Shopping,Hyderabad,iOS,App,1,rapid_repeat_payment
TXN009296,2026-03-15 14:02:00,USER0501,REC0001,4406.13,Groceries,Bengaluru,iOS,QR,1,rapid_repeat_payment
TXN006347,2026-03-15 14:02:00,USER0185,REC0001,1303.91,Groceries,Chennai,Android,App,1,rapid_repeat_payment
TXN001240,2026-03-15 14:03:00,USER0069,REC0001,2024.29,Groceries,Hyderabad,iOS,QR,1,rapid_repeat_payment
TXN001984,2026-03-15 14:03:00,USER0688,REC0001,1761.35,Travel,Hyderabad,Android,Collect Request,1,rapid_repeat_payment
TXN006111,2026-03-15 14:03:00,USER0011,REC0001,93.87,Transfer,Mumbai,iOS,App,1,rapid_repeat_payment
TXN003121,2026-03-15 14:03:00,USER0129,REC0001,240.37,Transfer,Hyderabad,Android,App,1,rapid_repeat_payment
TXN005813,2026-03-15 14:04:00,USER0379,REC0001,136.63,Transfer,Chennai,Android,App,1,rapid_repeat_payment
TXN007210,2026-03-15 14:05:00,USER0663,REC0001,916.18,Shopping,Delhi,Android,App,1,rapid_repeat_payment
TXN000431,2026-03-15 14:05:00,USER0578,REC0001,2010.81,Travel,Chennai,iOS,Collect Request,1,rapid_repeat_payment
TXN005945,2026-03-15 14:05:00,USER0491,REC0001,537.97,Food,Pune,Android,QR,1,rapid_repeat_payment
TXN001047,2026-03-15 14:05:00,USER0452,REC0001,258.47,Travel,Chennai,Android,App,1,rapid_repeat_payment
TXN008399,2026-03-15 14:05:00,USER0740,REC0001,791.37,Food,Bengaluru,Android,QR,1,rapid_repeat_payment
TXN008970,2026-03-15 14:06:00,USER0749,REC0001,693.23,Transfer,Chennai,iOS,App,1,rapid_repeat_payment
TXN005406,2026-03-15 14:06:00,USER0553,REC0001,528.81,Transfer,Hyderabad,Android,Collect Request,1,rapid_repeat_payment
TXN003142,2026-03-15 14:06:00,USER0700,REC0001,296.96,Groceries,Mumbai,Android,QR,1,rapid_repeat_payment
TXN000983,2026-03-15 14:07:00,USER0917,REC0001,203.02,Food,Bengaluru,Android,App,1,rapid_repeat_payment
TXN008966,2026-03-15 14:07:00,USER1000,REC0001,384.31,Transfer,Delhi,iOS,QR,1,rapid_repeat_payment
TXN000143,2026-03-15 14:07:00,USER0413,REC0001,271.74,Transfer,Chennai,Android,App,1,rapid_repeat_payment
TXN005598,2026-03-15 14:07:00,USER0380,REC0001,646.85,Shopping,Mumbai,Android,QR,1,rapid_repeat_payment
TXN006588,2026-03-15 14:08:00,USER0009,REC0001,770.71,Food,Chennai,iOS,QR,1,rapid_repeat_payment
TXN005795,2026-03-15 14:08:00,USER0183,REC0001,313.9,Shopping,Mumbai,Android,QR,1,rapid_repeat_payment
TXN007936,2026-03-15 14:08:00,USER0320,REC0001,84.89,Groceries,Mumbai,Android,App,1,rapid_repeat_payment
TXN009531,2026-03-15 14:08:00,USER0059,REC0001,190.95,Bills,Pune,Android,App,1,rapid_repeat_payment
TXN003205,2026-03-15 14:08:00,USER0999,REC0001,446.88,Groceries,Hyderabad,Android,App,1,rapid_repeat_payment
TXN006663,2026-03-15 14:09:00,USER0090,REC0001,272.51,Groceries,Delhi,iOS,Collect Request,1,rapid_repeat_payment
TXN006875,2026-03-15 14:09:00,USER0399,REC0001,255.7,Travel,Delhi,Android,App,1,rapid_repeat_payment
TXN006008,2026-03-15 14:09:00,USER0026,REC0001,418.57,Food,Bengaluru,Android,App,1,rapid_repeat_payment
TXN009708,2026-03-15 14:09:00,USER0159,REC0001,273.89,Groceries,Bengaluru,Android,App,1,rapid_repeat_payment
TXN005343,2026-03-15 14:09:00,USER0254,REC0001,201.92,Bills,Delhi,Android,QR,1,rapid_repeat_payment
TXN006330,2026-03-15 14:09:00,USER0382,REC0001,468.48,Bills,Bengaluru,Android,App,1,rapid_repeat_payment
TXN006407,2026-03-15 14:10:00,USER0703,REC0001,1038.73,Shopping,Bengaluru,Android,App,1,rapid_repeat_payment
TXN005466,2026-03-15 14:10:00,USER0335,REC0001,299.89,Bills,Pune,iOS,QR,1,rapid_repeat_payment
TXN002691,2026-03-15 14:10:00,USER0878,REC0001,391.17,Shopping,Bengaluru,Android,App,1,rapid_repeat_payment
TXN007294,2026-03-15 14:10:00,USER0685,REC0001,647.91,Transfer,Delhi,Android,QR,1,rapid_repeat_payment
TXN006801,2026-03-15 14:11:00,USER0431,REC0001,120.37,Food,Mumbai,Android,App,1,rapid_repeat_payment
TXN005970,2026-03-15 14:11:00,USER0769,REC0001,175.52,Shopping,Pune,Android,App,1,rapid_repeat_payment
TXN001521,2026-03-15 14:11:00,USER0682,REC0001,744.65,Shopping,Chennai,Android,QR,1,rapid_repeat_payment
TXN006597,2026-03-15 14:12:00,USER0938,REC0001,520.27,Transfer,Mumbai,Android,QR,1,rapid_repeat_payment
TXN005899,2026-03-15 14:12:00,USER0448,REC0001,772.72,Groceries,Chennai,Android,QR,1,rapid_repeat_payment
TXN006853,2026-03-15 14:12:00,USER0527,REC0001,516.69,Groceries,Pune,Android,App,1,rapid_repeat_payment
TXN009926,2026-03-15 14:12:00,USER0144,REC0001,584.57,Shopping,Bengaluru,Android,App,1,rapid_repeat_payment
TXN005722,2026-03-15 14:12:00,USER0613,REC0001,690.74,Transfer,Chennai,Android,App,1,rapid_repeat_payment
TXN004460,2026-03-15 14:13:00,USER0989,REC0001,1084.32,Shopping,Delhi,Android,App,1,rapid_repeat_payment
TXN003414,2026-03-15 14:13:00,USER0167,REC0001,801.18,Food,Hyderabad,Android,QR,1,rapid_repeat_payment
TXN006266,2026-03-15 14:13:00,USER0801,REC0001,1284.24,Transfer,Pune,Android,App,1,rapid_repeat_payment
TXN001323,2026-03-15 14:13:00,USER0524,REC0001,106.29,Groceries,Mumbai,Android,QR,1,rapid_repeat_payment
TXN009486,2026-03-15 14:14:00,USER0577,REC0001,1688.75,Shopping,Bengaluru,Android,App,1,rapid_repeat_payment
TXN005952,2026-03-15 14:14:00,USER0900,REC0001,1202.07,Groceries,Delhi,Android,App,1,rapid_repeat_payment
TXN009762,2026-03-15 14:14:00,USER0238,REC0001,1243.36,Travel,Delhi,Android,App,1,rapid_repeat_payment
TXN007307,2026-03-15 14:15:00,USER0414,REC0001,607.98,Transfer,Bengaluru,iOS,QR,1,rapid_repeat_payment
TXN006332,2026-03-15 14:15:00,USER0673,REC0001,560.37,Groceries,Delhi,iOS,QR,1,rapid_repeat_payment
TXN004635,2026-03-15 14:15:00,USER0026,REC0001,1240.4,Food,Pune,Android,App,1,rapid_repeat_payment
TXN007940,2026-03-15 14:16:00,USER0535,REC0001,110.72,Groceries,Hyderabad,Android,App,1,rapid_repeat_payment
TXN007726,2026-03-15 14:16:00,USER0854,REC0001,746.9,Bills,Bengaluru,Android,QR,1,rapid_repeat_payment
TXN000210,2026-03-15 14:17:00,USER0826,REC0001,416.38,Travel,Bengaluru,Android,QR,1,rapid_repeat_payment
TXN006596,2026-03-15 14:17:00,USER0278,REC0001,274.83,Travel,Chennai,iOS,QR,1,rapid_repeat_payment
TXN008719,2026-03-15 14:18:00,USER0787,REC0001,660.1,Food,Chennai,iOS,App,1,rapid_repeat_payment
TXN008739,2026-03-15 14:18:00,USER0039,REC0001,276.21,Travel,Mumbai,Android,QR,1,rapid_repeat_payment
TXN003072,2026-03-15 14:18:00,USER0172,REC0001,1820.02,Food,Pune,iOS,QR,1,rapid_repeat_payment
TXN009010,2026-03-15 14:18:00,USER0580,REC0001,223.84,Travel,Pune,iOS,App,1,rapid_repeat_payment
TXN007629,2026-03-15 14:19:00,USER0592,REC0001,157.28,Shopping,Chennai,Android,Collect Request,1,rapid_repeat_payment
TXN008973,2026-03-15 14:19:00,USER0976,REC0001,740.59,Bills,Mumbai,iOS,App,1,rapid_repeat_payment
TXN005805,2026-03-15 14:19:00,USER0797,REC0001,537.95,Food,Bengaluru,Android,App,1,rapid_repeat_payment
TXN006885,2026-03-15 14:19:00,USER0010,REC0001,242.62,Groceries,Hyderabad,Android,QR,1,rapid_repeat_payment
TXN000701,2026-03-15 14:19:00,USER0477,REC0001,241.33,Bills,Chennai,Android,App,1,rapid_repeat_payment
TXN003785,2026-03-15 14:20:00,USER0976,REC0001,513.06,Shopping,Bengaluru,Android,App,1,rapid_repeat_payment
TXN005016,2026-03-15 14:21:00,USER0849,REC0001,3936.41,Food,Delhi,Android,App,1,rapid_repeat_payment
TXN008189,2026-03-15 14:22:00,USER0084,REC0001,470.82,Bills,Mumbai,iOS,App,1,rapid_repeat_payment
TXN008353,2026-03-15 14:22:00,USER0113,REC0001,340.92,Shopping,Chennai,Android,App,1,rapid_repeat_payment
TXN008196,2026-03-15 14:22:00,USER0388,REC0001,352.23,Shopping,Pune,iOS,App,1,rapid_repeat_payment
TXN004205,2026-03-15 14:22:00,USER0829,REC0001,557.0,Shopping,Pune,Android,Collect Request,1,rapid_repeat_payment
TXN006786,2026-03-15 14:23:00,USER0448,REC0001,706.28,Food,Pune,Android,Collect Request,1,rapid_repeat_payment
TXN003862,2026-03-15 14:23:00,USER0242,REC0001,992.71,Shopping,Bengaluru,Android,QR,1,rapid_repeat_payment
TXN004172,2026-03-15 14:24:00,USER0757,REC0001,501.9,Food,Chennai,Android,App,1,rapid_repeat_payment
TXN003960,2026-03-15 14:24:00,USER0706,REC0001,259.79,Travel,Delhi,iOS,QR,1,rapid_repeat_payment
TXN001193,2026-03-15 14:24:00,USER0678,REC0001,641.0,Shopping,Bengaluru,Android,App,1,rapid_repeat_payment
TXN000901,2026-03-15 14:25:00,USER0065,REC0001,996.99,Shopping,Pune,Android,QR,1,rapid_repeat_payment
TXN001453,2026-03-15 14:25:00,USER0770,REC0001,133.67,Food,Hyderabad,iOS,App,1,rapid_repeat_payment
TXN001565,2026-03-15 14:25:00,USER0184,REC0001,1423.25,Groceries,Hyderabad,Android,App,1,rapid_repeat_payment
TXN004674,2026-03-15 14:26:00,USER0643,REC0001,687.24,Groceries,Bengaluru,Android,App,1,rapid_repeat_payment
TXN004720,2026-03-15 14:26:00,USER0656,REC0001,256.91,Shopping,Delhi,Android,QR,1,rapid_repeat_payment
TXN006781,2026-03-15 14:26:00,USER0081,REC0001,483.71,Travel,Bengaluru,Android,QR,1,rapid_repeat_payment
TXN002058,2026-03-15 14:26:00,USER0924,REC0001,184.63,Food,Hyderabad,iOS,App,1,rapid_repeat_payment
TXN009546,2026-03-15 14:27:00,USER0722,REC0001,244.04,Groceries,Chennai,Android,App,1,rapid_repeat_payment
TXN003587,2026-03-15 14:28:00,USER0663,REC0001,1006.96,Transfer,Chennai,Android,QR,1,rapid_repeat_payment
TXN001768,2026-03-15 14:28:00,USER0960,REC0001,454.84,Groceries,Mumbai,Android,App,1,rapid_repeat_payment
TXN007548,2026-03-15 14:28:00,USER0753,REC0262,507.47,Groceries,Chennai,Android,App,0,normal
TXN009392,2026-03-15 14:29:00,USER0383,REC0001,158.48,Groceries,Pune,Android,Collect Request,1,rapid_repeat_payment
TXN009081,2026-03-15 14:29:00,USER0166,REC0001,660.14,Groceries,Pune,Android,App,1,rapid_repeat_payment
TXN005356,2026-03-15 14:31:00,USER0964,REC0328,264.12,Shopping,Delhi,Android,QR,0,normal
TXN006437,2026-03-15 14:41:00,USER0124,REC0181,328.08,Shopping,Pune,Android,App,0,normal
TXN004374,2026-03-15 15:22:00,USER0261,REC0007,1499.81,Travel,Delhi,iOS,QR,0,normal
TXN003455,2026-03-15 15:25:00,USER0251,REC0500,875.82,Bills,Chennai,Android,QR,0,normal
TXN005189,2026-03-15 15:26:00,USER0219,REC0435,117.11,Shopping,Mumbai,Android,QR,0,normal
TXN002873,2026-03-15 15:26:00,USER0121,REC0239,1309.65,Travel,Pune,Android,App,0,normal
TXN001964,2026-03-15 15:32:00,USER0540,REC0137,465.02,Groceries,Mumbai,Android,QR,0,normal
TXN009677,2026-03-15 15:59:00,USER0075,REC0498,290.36,Bills,Mumbai,Android,App,0,normal
TXN002338,2026-03-15 17:28:00,USER0346,REC0364,651.43,Groceries,Delhi,Android,App,0,normal
TXN005224,2026-03-15 17:36:00,USER0743,REC0098,293.34,Transfer,Hyderabad,Android,App,0,normal
TXN006169,2026-03-15 17:39:00,USER0774,REC0031,1638.39,Transfer,Pune,Android,QR,0,normal
TXN004998,2026-03-15 18:00:00,USER0662,REC0116,4331.27,Bills,Delhi,iOS,App,0,normal
TXN005394,2026-03-15 18:27:00,USER0318,REC0346,203.2,Travel,Delhi,Android,QR,0,normal
TXN007450,2026-03-15 18:36:00,USER0507,REC0425,1027.64,Transfer,Mumbai,Android,QR,0,normal
TXN008628,2026-03-15 18:38:00,USER0572,REC0242,497.27,Transfer,Pune,Android,QR,0,normal
TXN000867,2026-03-15 18:46:00,USER0317,REC0094,4053.68,Groceries,Mumbai,Android,QR,0,normal
TXN006552,2026-03-15 18:47:00,USER0372,REC0474,49.84,Transfer,Chennai,Android,App,0,normal
TXN002516,2026-03-15 18:47:00,USER0111,REC0177,646.62,Shopping,Mumbai,Android,App,0,normal
TXN007885,2026-03-15 18:54:00,USER0305,REC0282,167.69,Bills,Bengaluru,Android,QR,0,normal
TXN007820,2026-03-15 18:57:00,USER0235,REC0183,203.64,Shopping,Mumbai,Android,App,0,normal
TXN000849,2026-03-15 19:09:00,USER0923,REC0487,120.85,Food,Hyderabad,Android,QR,0,normal
TXN008601,2026-03-15 19:12:00,USER0293,REC0250,1331.24,Groceries,Bengaluru,Android,QR,0,normal
TXN007154,2026-03-15 19:25:00,USER0023,REC0206,1183.11,Shopping,Mumbai,Android,App,0,normal
TXN003364,2026-03-15 20:17:00,USER0888,REC0226,329.77,Bills,Pune,Android,QR,0,normal
TXN003082,2026-03-15 20:24:00,USER0893,REC0422,239.73,Travel,Pune,Android,App,0,normal
TXN008075,2026-03-15 21:25:00,USER0329,REC0393,421.52,Shopping,Hyderabad,Android,QR,0,normal
TXN002288,2026-03-15 21:51:00,USER0641,REC0013,667.93,Travel,Mumbai,Android,App,0,normal
TXN009154,2026-03-15 22:10:00,USER0145,REC0325,417.85,Shopping,Bengaluru,Android,App,0,normal
TXN001231,2026-03-15 22:22:00,USER0872,REC0023,1238.16,Groceries,Mumbai,Android,QR,0,normal
TXN008080,2026-03-15 22:33:00,USER0045,REC0156,440.12,Food,Hyderabad,Android,QR,0,normal
TXN006860,2026-03-15 22:41:00,USER0593,REC0485,1792.54,Transfer,Bengaluru,iOS,App,0,normal
TXN006900,2026-03-15 22:44:00,USER0793,REC0032,321.68,Groceries,Delhi,Android,App,0,normal
TXN000149,2026-03-15 22:49:00,USER0598,REC0265,307.11,Food,Hyderabad,Android,QR,0,normal
TXN009323,2026-03-15 22:54:00,USER0360,REC0181,538.95,Groceries,Pune,Android,App,0,normal
TXN006684,2026-03-15 23:01:00,USER0567,REC0049,2570.61,Food,Chennai,Android,QR,0,normal
TXN005984,2026-03-15 23:15:00,USER0945,REC0212,336.68,Bills,Pune,Android,QR,0,normal
TXN007274,2026-03-15 23:47:00,USER0261,REC0004,718.84,Shopping,Pune,Android,QR,0,normal
TXN009679,2026-03-15 23:50:00,USER0511,REC0070,442.51,Bills,Pune,Android,QR,0,normal
TXN002945,2026-03-15 23:52:00,USER0765,REC0404,1460.15,Transfer,Hyderabad,Android,App,0,normal
TXN003169,2026-03-15 23:56:00,USER0344,REC0468,116.93,Shopping,Hyderabad,Android,QR,0,normal
TXN002984,2026-03-15 23:58:00,USER0665,REC0014,626.58,Food,Delhi,Android,QR,0,normal
TXN005833,2026-03-16 00:12:00,USER0720,REC0001,1708.91,Groceries,Chennai,Android,App,0,normal
TXN001264,2026-03-16 00:46:00,USER0180,REC0150,321.62,Bills,Delhi,Android,App,0,normal
TXN000028,2026-03-16 01:09:00,USER0727,REC0081,147.92,Transfer,Mumbai,iOS,App,0,normal
TXN005278,2026-03-16 01:32:00,USER0573,REC0263,828.06,Travel,Pune,Android,App,0,normal
TXN005238,2026-03-16 01:49:00,USER0727,REC0138,1482.55,Groceries,Chennai,Android,QR,0,normal
TXN002372,2026-03-16 01:54:00,USER0729,REC0199,433.58,Transfer,Bengaluru,Android,App,0,normal
TXN002334,2026-03-16 01:56:00,USER0603,REC0005,2286.68,Food,Chennai,Android,App,0,normal
TXN002326,2026-03-16 01:57:00,USER0342,REC0126,311.28,Food,Pune,Android,QR,0,normal
TXN001587,2026-03-16 02:16:00,USER0171,REC0464,397.29,Transfer,Mumbai,Android,QR,0,normal
TXN008449,2026-03-16 02:21:00,USER0381,REC0019,653.29,Food,Chennai,iOS,QR,1,late_night_payment
TXN004356,2026-03-16 03:39:00,USER0974,REC0445,129.95,Shopping,Pune,Android,QR,0,normal
TXN008777,2026-03-16 04:02:00,USER0244,REC0488,197.15,Travel,Bengaluru,iOS,App,0,normal
TXN008642,2026-03-16 04:21:00,USER0741,REC0290,445.41,Shopping,Chennai,Android,QR,0,normal
TXN003890,2026-03-16 04:44:00,USER0383,REC0093,507.56,Bills,Pune,Android,App,0,normal
TXN008920,2026-03-16 04:55:00,USER0974,REC0184,261.79,Food,Mumbai,iOS,QR,0,normal
TXN004243,2026-03-16 04:57:00,USER0644,REC0269,927.18,Food,Hyderabad,Android,Collect Request,0,normal
TXN004637,2026-03-16 04:58:00,USER0024,REC0020,556.77,Food,Bengaluru,Android,App,0,normal
TXN005993,2026-03-16 05:15:00,USER0343,REC0428,1776.11,Groceries,Pune,Android,App,0,normal
TXN000524,2026-03-16 05:16:00,USER0586,REC0484,1471.06,Travel,Bengaluru,Android,QR,0,normal
TXN006105,2026-03-16 05:56:00,USER0953,REC0098,492.79,Food,Mumbai,Android,QR,0,normal
TXN000794,2026-03-16 06:51:00,USER0313,REC0028,1795.68,Transfer,Hyderabad,Android,QR,0,normal
TXN004223,2026-03-16 06:52:00,USER0564,REC0100,790.16,Transfer,Bengaluru,iOS,QR,0,normal
TXN001923,2026-03-16 06:59:00,USER0080,REC0474,83.25,Transfer,Delhi,Android,App,0,normal
TXN000433,2026-03-16 08:03:00,USER0243,REC0019,197.17,Bills,Mumbai,Android,App,0,normal
TXN001603,2026-03-16 08:03:00,USER0800,REC0402,722.15,Groceries,Mumbai,Android,App,0,normal
TXN003521,2026-03-16 08:11:00,USER0969,REC0365,1078.23,Food,Mumbai,Android,App,0,normal
TXN006367,2026-03-16 08:13:00,USER0224,REC0340,924.07,Groceries,Delhi,Android,App,0,normal
TXN000605,2026-03-16 08:16:00,USER0754,REC0202,868.62,Shopping,Bengaluru,Android,App,0,normal
TXN009145,2026-03-16 08:17:00,USER0398,REC0472,467.51,Transfer,Mumbai,Android,Collect Request,0,normal
TXN005283,2026-03-16 08:30:00,USER0724,REC0288,421.22,Food,Mumbai,Android,Collect Request,0,normal
TXN000302,2026-03-16 08:47:00,USER0659,REC0239,163.46,Groceries,Pune,Android,App,0,normal
TXN005668,2026-03-16 09:02:00,USER0694,REC0079,324.2,Food,Bengaluru,Android,App,0,normal
TXN007587,2026-03-16 09:07:00,USER0556,REC0141,371.94,Travel,Delhi,Android,App,0,normal
TXN009672,2026-03-16 09:20:00,USER0009,REC0199,736.28,Shopping,Pune,Android,App,0,normal
TXN004623,2026-03-16 09:24:00,USER0559,REC0430,302.34,Food,Bengaluru,Android,App,0,normal
TXN002424,2026-03-16 09:28:00,USER0750,REC0387,419.56,Groceries,Mumbai,Android,QR,0,normal
TXN006954,2026-03-16 09:42:00,USER0794,REC0227,1094.27,Food,Mumbai,Android,Collect Request,0,normal
TXN004666,2026-03-16 09:48:00,USER0362,REC0346,317.14,Travel,Chennai,Android,QR,0,normal
TXN005148,2026-03-16 09:50:00,USER0360,REC0125,1319.92,Food,Hyderabad,iOS,App,0,normal
TXN002610,2026-03-16 09:51:00,USER0723,REC0388,1026.02,Shopping,Pune,Android,QR,0,normal
TXN006290,2026-03-16 10:20:00,USER0605,REC0202,133.98,Travel,Chennai,iOS,QR,0,normal
TXN001040,2026-03-16 10:41:00,USER0571,REC0477,370.17,Groceries,Bengaluru,Android,QR,0,normal
TXN002081,2026-03-16 10:49:00,USER0404,REC0239,938.74,Food,Delhi,Android,QR,0,normal
TXN003540,2026-03-16 10:52:00,USER0392,REC0112,688.31,Food,Mumbai,Android,App,0,normal
TXN005427,2026-03-16 10:55:00,USER0263,REC0202,2502.63,Transfer,Hyderabad,Android,App,0,normal
TXN001987,2026-03-16 11:01:00,USER0467,REC0267,360.43,Groceries,Hyderabad,iOS,App,0,normal
TXN004934,2026-03-16 11:16:00,USER0213,REC0145,555.1,Shopping,Delhi,Android,App,0,normal
TXN004735,2026-03-16 11:20:00,USER0836,REC0392,205.06,Groceries,Delhi,Android,App,0,normal
TXN000038,2026-03-16 11:40:00,USER0601,REC0133,726.4,Transfer,Chennai,Android,Collect Request,0,normal
TXN008224,2026-03-16 11:55:00,USER0365,REC0220,216.65,Transfer,Pune,iOS,App,0,normal
TXN003523,2026-03-16 12:15:00,USER0266,REC0462,509.5,Food,Hyderabad,iOS,App,0,normal
TXN008484,2026-03-16 12:44:00,USER0494,REC0034,338.94,Groceries,Pune,Android,Collect Request,0,normal
TXN004862,2026-03-16 12:54:00,USER0833,REC0131,248.78,Travel,Delhi,Android,App,0,normal
TXN008110,2026-03-16 12:54:00,USER0837,REC0199,438.32,Travel,Pune,iOS,Collect Request,0,normal
TXN000553,2026-03-16 12:57:00,USER0918,REC0078,528.23,Groceries,Hyderabad,iOS,QR,0,normal
TXN005291,2026-03-16 13:32:00,USER0084,REC0358,964.03,Food,Pune,Android,QR,0,normal
TXN008958,2026-03-16 13:33:00,USER0322,REC0024,33193.94,Travel,Mumbai,Android,App,1,unusually_high_amount
TXN002406,2026-03-16 13:39:00,USER0559,REC0335,545.58,Groceries,Pune,Android,QR,0,normal
TXN007856,2026-03-16 13:52:00,USER0963,REC0163,952.05,Shopping,Hyderabad,Android,Collect Request,0,normal
TXN006693,2026-03-16 13:55:00,USER0306,REC0315,439.23,Groceries,Pune,Android,App,0,normal
TXN008874,2026-03-16 14:04:00,USER0280,REC0074,500.85,Shopping,Chennai,iOS,App,0,normal
TXN001971,2026-03-16 14:05:00,USER0679,REC0448,700.83,Transfer,Pune,Android,QR,0,normal
TXN009527,2026-03-16 14:13:00,USER0931,REC0183,209.68,Food,Bengaluru,Android,App,0,normal
TXN005058,2026-03-16 14:49:00,USER0383,REC0328,337.27,Groceries,Mumbai,Android,App,0,normal
TXN005008,2026-03-16 14:57:00,USER0444,REC0443,287.39,Bills,Mumbai,Android,App,0,normal
TXN006002,2026-03-16 15:07:00,USER0560,REC0193,1115.54,Bills,Pune,Android,QR,0,normal
TXN003067,2026-03-16 15:13:00,USER0769,REC0399,666.07,Transfer,Mumbai,iOS,QR,0,normal
TXN000482,2026-03-16 15:33:00,USER0139,REC0150,489.18,Food,Chennai,Android,App,0,normal
TXN003440,2026-03-16 15:55:00,USER0450,REC0492,3122.33,Groceries,Chennai,iOS,Collect Request,0,normal
TXN005963,2026-03-16 16:01:00,USER0148,REC0063,368.7,Food,Pune,Android,App,0,normal
TXN003630,2026-03-16 16:15:00,USER0502,REC0244,314.59,Groceries,Hyderabad,Android,App,0,normal
TXN000334,2026-03-16 16:20:00,USER0367,REC0454,340.54,Food,Delhi,Android,Collect Request,0,normal
TXN009773,2026-03-16 16:48:00,USER0242,REC0011,329.29,Shopping,Hyderabad,Android,App,0,normal
TXN002822,2026-03-16 16:50:00,USER0019,REC0078,271.43,Groceries,Chennai,iOS,App,0,normal
TXN002455,2026-03-16 16:52:00,USER0156,REC0417,501.8,Transfer,Delhi,Android,App,0,normal
TXN005087,2026-03-16 17:37:00,USER0254,REC0251,2062.16,Groceries,Mumbai,Android,App,0,normal
TXN007777,2026-03-16 17:44:00,USER0829,REC0175,186.75,Travel,Delhi,Android,Collect Request,0,normal
TXN005657,2026-03-16 18:07:00,USER0403,REC0180,812.92,Bills,Mumbai,Android,QR,0,normal
TXN004722,2026-03-16 18:19:00,USER0480,REC0026,971.45,Groceries,Pune,iOS,App,0,normal
TXN000545,2026-03-16 18:56:00,USER0596,REC0422,757.98,Transfer,Mumbai,Android,App,0,normal
TXN000388,2026-03-16 19:12:00,USER0675,REC0236,348.41,Shopping,Hyderabad,Android,QR,0,normal
TXN008866,2026-03-16 19:44:00,USER0586,REC0403,219.58,Groceries,Chennai,Android,Collect Request,0,normal
TXN007889,2026-03-16 19:46:00,USER0874,REC0008,876.4,Shopping,Hyderabad,iOS,App,0,normal
TXN002286,2026-03-16 21:22:00,USER0096,REC0359,545.56,Bills,Bengaluru,Android,App,0,normal
TXN003381,2026-03-16 21:24:00,USER0589,REC0338,498.93,Shopping,Chennai,Android,App,0,normal
TXN004661,2026-03-16 21:26:00,USER0586,REC0328,530.69,Groceries,Pune,Android,App,0,normal
TXN000090,2026-03-16 21:40:00,USER0246,REC0167,504.12,Shopping,Mumbai,Android,App,0,normal
TXN008700,2026-03-16 21:48:00,USER0023,REC0432,588.38,Bills,Delhi,Android,App,0,normal
TXN007432,2026-03-16 21:54:00,USER0027,REC0077,496.03,Groceries,Delhi,Android,App,0,normal
TXN003127,2026-03-16 21:57:00,USER0529,REC0216,426.6,Travel,Pune,Android,QR,0,normal
TXN004675,2026-03-16 22:06:00,USER0969,REC0439,731.86,Food,Hyderabad,Android,App,0,normal
TXN003625,2026-03-16 22:12:00,USER0079,REC0443,1053.7,Groceries,Bengaluru,Android,App,0,normal
TXN002246,2026-03-16 22:15:00,USER0687,REC0339,656.0,Bills,Mumbai,Android,QR,0,normal
TXN000084,2026-03-16 22:35:00,USER0151,REC0250,1038.65,Groceries,Delhi,Android,App,0,normal
TXN000101,2026-03-16 22:42:00,USER0807,REC0246,107.83,Groceries,Mumbai,Android,App,0,normal
TXN003740,2026-03-16 22:55:00,USER0564,REC0109,172.41,Food,Chennai,Android,QR,0,normal
TXN005265,2026-03-16 23:56:00,USER0939,REC0394,519.62,Groceries,Delhi,Android,App,0,normal
TXN005883,2026-03-17 00:04:00,USER0729,REC0030,1172.84,Shopping,Delhi,Android,Collect Request,0,normal
TXN000582,2026-03-17 00:16:00,USER0333,REC0153,159.29,Transfer,Hyderabad,iOS,App,0,normal
TXN009157,2026-03-17 00:33:00,USER0455,REC0316,73.88,Shopping,Pune,Android,App,0,normal
TXN007533,2026-03-17 00:34:00,USER0109,REC0010,354.94,Food,Pune,Android,QR,0,normal
TXN000611,2026-03-17 00:47:00,USER0360,REC0220,314.8,Transfer,Chennai,Android,App,0,normal
TXN004073,2026-03-17 01:24:00,USER0180,REC0236,1572.11,Shopping,Pune,Android,App,0,normal
TXN004539,2026-03-17 01:35:00,USER0681,REC0027,257.83,Groceries,Mumbai,iOS,QR,0,normal
TXN003190,2026-03-17 01:42:00,USER1000,REC0209,1603.15,Shopping,Pune,iOS,App,0,normal
TXN001933,2026-03-17 02:05:00,USER0075,REC0259,450.78,Food,Chennai,iOS,App,0,normal
TXN006804,2026-03-17 02:21:00,USER0170,REC0234,360.9,Food,Chennai,Android,App,0,normal
TXN002790,2026-03-17 02:58:00,USER0602,REC0436,486.6,Bills,Mumbai,iOS,App,0,normal
TXN005731,2026-03-17 03:24:00,USER0750,REC0330,410.56,Groceries,Hyderabad,iOS,QR,0,normal
TXN003230,2026-03-17 03:52:00,USER0986,REC0429,255.93,Shopping,Delhi,Android,App,0,normal
TXN002863,2026-03-17 03:56:00,USER0593,REC0087,1863.03,Food,Delhi,iOS,App,0,normal
TXN001659,2026-03-17 03:59:00,USER0518,REC0467,275.8,Bills,Mumbai,iOS,App,1,late_night_payment
TXN001865,2026-03-17 04:02:00,USER0855,REC0307,495.76,Travel,Hyderabad,Android,QR,0,normal
TXN001097,2026-03-17 04:35:00,USER0768,REC0076,504.53,Shopping,Pune,Android,App,0,normal
TXN007248,2026-03-17 04:42:00,USER0680,REC0497,221.42,Shopping,Mumbai,iOS,Collect Request,0,normal
TXN004696,2026-03-17 04:44:00,USER0477,REC0078,3354.1,Groceries,Delhi,Android,QR,0,normal
TXN004483,2026-03-17 05:07:00,USER0104,REC0278,436.25,Travel,Hyderabad,Android,QR,0,normal
TXN006441,2026-03-17 05:15:00,USER0949,REC0328,218.27,Groceries,Chennai,Android,App,0,normal
TXN005582,2026-03-17 05:27:00,USER0713,REC0327,985.27,Food,Chennai,Android,App,0,normal
TXN008388,2026-03-17 05:30:00,USER0259,REC0448,1071.75,Shopping,Mumbai,Android,App,0,normal
TXN008186,2026-03-17 05:35:00,USER0132,REC0467,241.37,Groceries,Bengaluru,Android,App,0,normal
TXN007564,2026-03-17 06:00:00,USER0158,REC0493,595.18,Shopping,Hyderabad,Android,QR,0,normal
TXN005164,2026-03-17 06:11:00,USER0847,REC0090,1334.13,Bills,Pune,iOS,QR,0,normal
TXN001650,2026-03-17 06:17:00,USER0367,REC0142,517.04,Bills,Chennai,Android,App,0,normal
TXN003051,2026-03-17 06:17:00,USER0144,REC0012,711.12,Shopping,Pune,Android,QR,0,normal
TXN001080,2026-03-17 06:25:00,USER0002,REC0479,688.71,Groceries,Chennai,Android,QR,0,normal
TXN004973,2026-03-17 06:35:00,USER0397,REC0424,1518.52,Food,Delhi,Android,QR,0,normal
TXN005203,2026-03-17 06:51:00,USER0103,REC0478,182.62,Food,Chennai,Android,QR,0,normal
TXN003148,2026-03-17 07:05:00,USER0607,REC0451,107.82,Food,Chennai,iOS,QR,0,normal
TXN005032,2026-03-17 07:08:00,USER0513,REC0374,659.17,Transfer,Pune,Android,QR,0,normal
TXN000816,2026-03-17 07:41:00,USER0164,REC0336,1433.78,Food,Mumbai,Android,App,0,normal
TXN000589,2026-03-17 08:12:00,USER0942,REC0409,661.61,Bills,Mumbai,Android,App,0,normal
TXN003507,2026-03-17 08:20:00,USER0600,REC0490,935.87,Food,Pune,iOS,App,0,normal
TXN007138,2026-03-17 08:21:00,USER0695,REC0194,345.76,Shopping,Hyderabad,Android,Collect Request,0,normal
TXN004943,2026-03-17 08:34:00,USER0989,REC0269,729.44,Bills,Chennai,iOS,QR,0,normal
TXN005506,2026-03-17 08:44:00,USER0903,REC0288,308.28,Groceries,Delhi,Android,App,0,normal
TXN001016,2026-03-17 08:44:00,USER0401,REC0043,1112.51,Groceries,Delhi,iOS,App,0,normal
TXN002784,2026-03-17 08:56:00,USER0627,REC0228,630.8,Groceries,Hyderabad,Android,Collect Request,0,normal
TXN007058,2026-03-17 09:15:00,USER0749,REC0303,804.97,Transfer,Bengaluru,Android,App,0,normal
TXN002704,2026-03-17 09:28:00,USER0920,REC0210,345.49,Shopping,Delhi,Android,App,0,normal
TXN004847,2026-03-17 09:45:00,USER0700,REC0058,1079.75,Food,Bengaluru,Android,QR,0,normal
TXN005935,2026-03-17 09:47:00,USER0578,REC0147,389.41,Groceries,Bengaluru,iOS,App,0,normal
TXN000868,2026-03-17 10:02:00,USER0427,REC0248,1357.7,Groceries,Bengaluru,Android,App,0,normal
TXN004891,2026-03-17 10:20:00,USER0738,REC0411,598.47,Transfer,Hyderabad,Android,App,0,normal
TXN004366,2026-03-17 10:22:00,USER0690,REC0466,689.51,Groceries,Bengaluru,Android,App,0,normal
TXN009653,2026-03-17 10:38:00,USER0848,REC0403,3342.1,Groceries,Mumbai,Android,Collect Request,0,normal
TXN006966,2026-03-17 10:46:00,USER0827,REC0133,202.2,Groceries,Mumbai,Android,QR,0,normal
TXN006571,2026-03-17 11:06:00,USER0635,REC0332,244.93,Bills,Hyderabad,Android,Collect Request,0,normal
TXN001086,2026-03-17 12:23:00,USER0599,REC0081,367.94,Food,Chennai,Android,QR,0,normal
TXN002208,2026-03-17 12:36:00,USER0836,REC0307,1057.15,Groceries,Chennai,Android,App,0,normal
TXN001969,2026-03-17 12:41:00,USER0625,REC0184,1247.94,Bills,Mumbai,Android,QR,0,normal
TXN001961,2026-03-17 13:43:00,USER0907,REC0035,268.22,Groceries,Hyderabad,Android,App,0,normal
TXN000019,2026-03-17 13:51:00,USER0814,REC0275,448.3,Travel,Chennai,iOS,App,0,normal
TXN007789,2026-03-17 13:58:00,USER0199,REC0108,532.53,Food,Hyderabad,Android,Collect Request,0,normal
TXN002451,2026-03-17 14:02:00,USER0653,REC0169,307.37,Food,Hyderabad,iOS,QR,0,normal
TXN009057,2026-03-17 14:15:00,USER0532,REC0143,121.73,Transfer,Mumbai,Android,App,0,normal
TXN008658,2026-03-17 14:31:00,USER0052,REC0484,510.46,Groceries,Delhi,iOS,App,0,normal
TXN000963,2026-03-17 14:38:00,USER0089,REC0132,356.96,Groceries,Mumbai,Android,App,0,normal
TXN006529,2026-03-17 14:40:00,USER0928,REC0334,2079.29,Transfer,Hyderabad,Android,App,0,normal
TXN007987,2026-03-17 14:49:00,USER0788,REC0421,250.75,Food,Hyderabad,Android,App,0,normal
TXN008670,2026-03-17 14:56:00,USER0657,REC0033,258.28,Bills,Delhi,Android,QR,0,normal
TXN002457,2026-03-17 15:25:00,USER0228,REC0105,563.31,Food,Mumbai,iOS,App,0,normal
TXN007623,2026-03-17 15:35:00,USER0384,REC0353,440.62,Transfer,Chennai,Android,Collect Request,0,normal
TXN001125,2026-03-17 15:39:00,USER0629,REC0114,953.01,Travel,Mumbai,Android,App,0,normal
TXN005322,2026-03-17 15:54:00,USER0423,REC0477,669.0,Shopping,Mumbai,Android,QR,0,normal
TXN000459,2026-03-17 16:06:00,USER0092,REC0052,455.28,Transfer,Hyderabad,Android,App,0,normal
TXN000513,2026-03-17 16:14:00,USER0998,REC0050,712.46,Groceries,Pune,iOS,App,0,normal
TXN007640,2026-03-17 16:26:00,USER0897,REC0404,335.58,Bills,Delhi,Android,App,0,normal
TXN003231,2026-03-17 16:41:00,USER0723,REC0235,245.01,Transfer,Delhi,Android,App,0,normal
TXN005538,2026-03-17 16:49:00,USER0978,REC0302,565.83,Groceries,Bengaluru,Android,App,0,normal
TXN007237,2026-03-17 16:55:00,USER0836,REC0225,572.24,Groceries,Hyderabad,Android,QR,0,normal
TXN001500,2026-03-17 17:00:00,USER0968,REC0080,800.5,Travel,Delhi,Android,QR,0,normal
TXN003459,2026-03-17 17:03:00,USER0073,REC0059,982.39,Food,Delhi,Android,App,0,normal
TXN009657,2026-03-17 17:53:00,USER0841,REC0188,1323.67,Groceries,Bengaluru,iOS,App,0,normal
TXN000093,2026-03-17 18:03:00,USER0599,REC0357,724.53,Shopping,Hyderabad,Android,App,0,normal
TXN007045,2026-03-17 18:19:00,USER0737,REC0013,343.89,Bills,Chennai,iOS,App,0,normal
TXN001024,2026-03-17 18:42:00,USER0538,REC0392,864.44,Groceries,Mumbai,Android,QR,0,normal
TXN008770,2026-03-17 18:45:00,USER0479,REC0025,273.85,Shopping,Chennai,iOS,QR,0,normal
TXN009151,2026-03-17 18:46:00,USER0090,REC0071,776.93,Bills,Chennai,Android,App,0,normal
TXN003572,2026-03-17 18:52:00,USER0505,REC0005,548.39,Food,Delhi,Android,App,0,normal
TXN002826,2026-03-17 19:03:00,USER0435,REC0410,654.1,Transfer,Delhi,Android,QR,0,normal
TXN008902,2026-03-17 19:14:00,USER0943,REC0397,404.02,Transfer,Delhi,Android,QR,0,normal
TXN004548,2026-03-17 19:42:00,USER0240,REC0070,1255.22,Groceries,Hyderabad,Android,App,0,normal
TXN009411,2026-03-17 20:05:00,USER0321,REC0307,24127.62,Travel,Bengaluru,Android,App,1,unusually_high_amount
TXN009598,2026-03-17 20:07:00,USER0059,REC0411,529.75,Groceries,Pune,iOS,QR,0,normal
TXN004108,2026-03-17 20:08:00,USER0430,REC0220,587.11,Shopping,Delhi,iOS,QR,0,normal
TXN004641,2026-03-17 20:09:00,USER0204,REC0255,658.54,Shopping,Bengaluru,Android,App,0,normal
TXN005733,2026-03-17 20:12:00,USER0311,REC0046,38885.14,Groceries,Mumbai,iOS,App,1,unusually_high_amount
TXN008513,2026-03-17 20:16:00,USER0359,REC0405,888.7,Food,Hyderabad,Android,App,0,normal
TXN004002,2026-03-17 20:18:00,USER0744,REC0260,116.01,Groceries,Mumbai,Android,QR,0,normal
TXN009777,2026-03-17 20:27:00,USER0770,REC0245,510.21,Transfer,Delhi,Android,QR,0,normal
TXN007783,2026-03-17 20:33:00,USER0082,REC0279,433.28,Travel,Bengaluru,Android,QR,0,normal
TXN007743,2026-03-17 20:39:00,USER0166,REC0198,663.51,Groceries,Pune,iOS,App,0,normal
TXN005453,2026-03-17 20:43:00,USER0902,REC0204,1831.58,Shopping,Pune,iOS,App,0,normal
TXN001093,2026-03-17 20:45:00,USER0055,REC0147,627.09,Bills,Delhi,Android,QR,0,normal
TXN006274,2026-03-17 21:00:00,USER0554,REC0055,678.13,Food,Hyderabad,Android,App,0,normal
TXN002168,2026-03-17 21:34:00,USER0084,REC0355,1834.25,Groceries,Bengaluru,Android,App,0,normal
TXN000590,2026-03-17 22:07:00,USER0763,REC0031,1991.94,Transfer,Bengaluru,iOS,QR,0,normal
TXN001126,2026-03-17 22:09:00,USER0102,REC0405,277.16,Travel,Pune,Android,App,0,normal
TXN006117,2026-03-17 22:33:00,USER0891,REC0422,2926.76,Travel,Delhi,Android,App,0,normal
TXN004919,2026-03-17 23:34:00,USER0356,REC0302,96.14,Food,Delhi,Android,App,0,normal
TXN004280,2026-03-17 23:37:00,USER0157,REC0383,207.4,Bills,Pune,Android,App,0,normal
TXN002439,2026-03-17 23:39:00,USER0540,REC0412,1254.3,Transfer,Hyderabad,iOS,App,0,normal
TXN004785,2026-03-17 23:44:00,USER0134,REC0154,320.13,Bills,Pune,Android,QR,0,normal
TXN005484,2026-03-17 23:55:00,USER0458,REC0086,197.43,Transfer,Chennai,Android,App,0,normal
TXN009302,2026-03-17 23:55:00,USER0850,REC0300,505.46,Food,Delhi,Android,Collect Request,0,normal
TXN002655,2026-03-18 00:02:00,USER0748,REC0248,2189.79,Transfer,Chennai,iOS,App,1,late_night_payment
TXN001144,2026-03-18 00:04:00,USER0019,REC0258,1175.91,Shopping,Chennai,iOS,Collect Request,0,normal
TXN000723,2026-03-18 01:17:00,USER0032,REC0267,450.68,Food,Hyderabad,iOS,QR,0,normal
TXN005011,2026-03-18 01:27:00,USER0635,REC0174,1705.04,Bills,Hyderabad,Android,App,0,normal
TXN001599,2026-03-18 01:42:00,USER0572,REC0198,737.3,Bills,Bengaluru,iOS,Collect Request,0,normal
TXN007343,2026-03-18 01:43:00,USER0038,REC0167,416.17,Transfer,Hyderabad,Android,QR,0,normal
TXN003629,2026-03-18 02:08:00,USER0728,REC0003,825.65,Travel,Bengaluru,Android,QR,0,normal
TXN009772,2026-03-18 02:11:00,USER0866,REC0345,541.44,Transfer,Mumbai,Android,QR,0,normal
TXN000361,2026-03-18 02:35:00,USER0446,REC0296,333.85,Shopping,Bengaluru,iOS,App,0,normal
TXN004781,2026-03-18 02:35:00,USER0912,REC0297,128.13,Food,Bengaluru,Android,App,1,late_night_payment
TXN003998,2026-03-18 02:42:00,USER0864,REC0410,833.11,Groceries,Chennai,Android,QR,0,normal
TXN001844,2026-03-18 02:55:00,USER0010,REC0327,274.16,Groceries,Bengaluru,iOS,App,0,normal
TXN004857,2026-03-18 03:17:00,USER0310,REC0149,186.64,Food,Chennai,Android,QR,0,normal
TXN002036,2026-03-18 03:22:00,USER0824,REC0202,419.86,Groceries,Chennai,Android,QR,0,normal
TXN000865,2026-03-18 03:38:00,USER0812,REC0314,1101.22,Food,Bengaluru,Android,QR,0,normal
TXN007707,2026-03-18 03:41:00,USER0733,REC0366,247.57,Bills,Mumbai,iOS,QR,0,normal
TXN008510,2026-03-18 03:45:00,USER0826,REC0455,382.03,Transfer,Mumbai,Android,App,0,normal
TXN000775,2026-03-18 04:05:00,USER0199,REC0429,258.94,Transfer,Bengaluru,iOS,Collect Request,0,normal
TXN005300,2026-03-18 04:06:00,USER0701,REC0214,3602.66,Transfer,Mumbai,Android,QR,0,normal
TXN001884,2026-03-18 04:23:00,USER0595,REC0465,886.78,Bills,Bengaluru,iOS,App,0,normal
TXN005590,2026-03-18 04:39:00,USER0635,REC0097,768.77,Groceries,Chennai,Android,App,0,normal
TXN003316,2026-03-18 04:48:00,USER0959,REC0328,5147.92,Food,Delhi,Android,App,0,normal
TXN007995,2026-03-18 04:51:00,USER0294,REC0390,703.24,Groceries,Pune,Android,QR,0,normal
TXN008076,2026-03-18 05:09:00,USER0561,REC0153,711.42,Bills,Pune,iOS,App,0,normal
TXN006652,2026-03-18 05:14:00,USER0215,REC0296,2093.81,Groceries,Pune,iOS,App,0,normal
TXN004057,2026-03-18 05:16:00,USER0666,REC0282,409.1,Transfer,Chennai,Android,App,0,normal
TXN000477,2026-03-18 05:28:00,USER0705,REC0258,618.39,Transfer,Hyderabad,Android,Collect Request,0,normal
TXN002621,2026-03-18 05:55:00,USER0858,REC0486,1171.85,Shopping,Delhi,iOS,App,0,normal
TXN002149,2026-03-18 06:11:00,USER0103,REC0310,636.25,Food,Bengaluru,Android,QR,0,normal
TXN001657,2026-03-18 06:21:00,USER0345,REC0465,328.28,Bills,Bengaluru,Android,QR,0,normal
TXN008405,2026-03-18 06:22:00,USER0746,REC0484,1238.02,Groceries,Mumbai,Android,QR,0,normal
TXN004762,2026-03-18 06:57:00,USER0357,REC0392,418.34,Groceries,Chennai,Android,QR,0,normal
TXN008799,2026-03-18 07:08:00,USER0956,REC0205,1072.29,Food,Delhi,Android,App,0,normal
TXN003156,2026-03-18 07:19:00,USER0758,REC0110,120.45,Bills,Bengaluru,Android,App,0,normal
TXN001863,2026-03-18 07:28:00,USER0641,REC0329,1565.95,Groceries,Bengaluru,Android,App,0,normal
TXN001163,2026-03-18 07:37:00,USER0545,REC0437,135.29,Food,Bengaluru,Android,App,0,normal
TXN006411,2026-03-18 08:05:00,USER0995,REC0168,1012.96,Food,Mumbai,Android,QR,0,normal
TXN003334,2026-03-18 08:30:00,USER0807,REC0352,1300.28,Shopping,Delhi,Android,QR,0,normal
TXN000650,2026-03-18 08:53:00,USER0146,REC0110,146.67,Bills,Bengaluru,iOS,App,0,normal
TXN009150,2026-03-18 09:07:00,USER0053,REC0243,2535.35,Shopping,Pune,Android,App,0,normal
TXN006656,2026-03-18 09:20:00,USER0569,REC0128,495.14,Bills,Chennai,Android,QR,0,normal
TXN009299,2026-03-18 09:20:00,USER0056,REC0495,217.31,Bills,Bengaluru,Android,QR,0,normal
TXN007035,2026-03-18 09:21:00,USER0231,REC0295,610.7,Groceries,Mumbai,Android,App,0,normal
TXN003806,2026-03-18 09:23:00,USER0696,REC0229,1485.5,Groceries,Bengaluru,Android,QR,0,normal
TXN003936,2026-03-18 09:47:00,USER0174,REC0148,225.27,Food,Bengaluru,Android,App,0,normal
TXN009853,2026-03-18 10:26:00,USER0731,REC0205,272.21,Bills,Delhi,Android,App,0,normal
TXN002919,2026-03-18 10:40:00,USER0092,REC0337,2354.42,Groceries,Bengaluru,Android,App,0,normal
TXN007776,2026-03-18 10:41:00,USER0599,REC0450,587.76,Shopping,Chennai,iOS,App,0,normal
TXN000856,2026-03-18 10:43:00,USER0818,REC0393,439.83,Food,Chennai,iOS,QR,0,normal
TXN001548,2026-03-18 10:46:00,USER0528,REC0293,145.28,Bills,Bengaluru,Android,App,0,normal
TXN009254,2026-03-18 10:50:00,USER0225,REC0381,639.24,Groceries,Delhi,Android,App,0,normal
TXN008112,2026-03-18 11:15:00,USER0929,REC0029,1550.55,Food,Bengaluru,Android,QR,0,normal
TXN003710,2026-03-18 11:25:00,USER0140,REC0120,680.23,Food,Hyderabad,Android,QR,0,normal
TXN006055,2026-03-18 11:29:00,USER0897,REC0066,531.93,Transfer,Chennai,Android,App,0,normal
TXN000297,2026-03-18 11:31:00,USER0584,REC0208,470.43,Food,Delhi,iOS,QR,0,normal
TXN003918,2026-03-18 11:32:00,USER0365,REC0383,2821.45,Bills,Mumbai,Android,App,0,normal
TXN009166,2026-03-18 11:41:00,USER0225,REC0236,819.34,Groceries,Chennai,iOS,App,0,normal
TXN009433,2026-03-18 12:21:00,USER0240,REC0315,282.83,Shopping,Chennai,Android,App,0,normal
TXN001007,2026-03-18 12:29:00,USER0467,REC0394,2630.35,Transfer,Chennai,Android,App,0,normal
TXN005595,2026-03-18 12:33:00,USER0889,REC0003,1166.17,Shopping,Chennai,Android,App,0,normal
TXN006186,2026-03-18 12:34:00,USER0265,REC0247,554.29,Shopping,Pune,Android,QR,0,normal
TXN001158,2026-03-18 12:35:00,USER0851,REC0131,272.76,Travel,Pune,iOS,App,0,normal
TXN006840,2026-03-18 12:36:00,USER0094,REC0269,1750.34,Travel,Bengaluru,Android,App,0,normal
TXN008984,2026-03-18 12:55:00,USER0947,REC0353,2649.17,Groceries,Mumbai,Android,QR,0,normal
TXN004327,2026-03-18 13:02:00,USER0426,REC0398,1017.69,Food,Hyderabad,Android,QR,0,normal
TXN004897,2026-03-18 13:04:00,USER0597,REC0265,1386.27,Transfer,Chennai,Android,App,0,normal
TXN003778,2026-03-18 13:07:00,USER0609,REC0398,1067.73,Travel,Hyderabad,Android,QR,0,normal
TXN000780,2026-03-18 13:09:00,USER0931,REC0097,429.03,Food,Hyderabad,iOS,App,0,normal
TXN004475,2026-03-18 13:10:00,USER0529,REC0351,925.17,Shopping,Hyderabad,Android,App,0,normal
TXN009048,2026-03-18 13:12:00,USER0511,REC0401,185.75,Transfer,Chennai,Android,QR,0,normal
TXN002319,2026-03-18 13:32:00,USER0303,REC0157,824.58,Groceries,Chennai,iOS,App,0,normal
TXN004839,2026-03-18 13:36:00,USER0210,REC0287,190.14,Shopping,Bengaluru,Android,App,0,normal
TXN003332,2026-03-18 14:09:00,USER0716,REC0328,1252.04,Travel,Bengaluru,Android,App,0,normal
TXN007446,2026-03-18 14:14:00,USER0728,REC0341,1034.3,Bills,Chennai,Android,App,0,normal
TXN000560,2026-03-18 14:26:00,USER0732,REC0492,871.16,Groceries,Pune,Android,QR,0,normal
TXN000882,2026-03-18 14:26:00,USER0130,REC0153,307.63,Shopping,Pune,Android,QR,0,normal
TXN006793,2026-03-18 14:31:00,USER0667,REC0016,701.71,Groceries,Bengaluru,Android,App,0,normal
TXN001896,2026-03-18 14:52:00,USER0668,REC0410,1700.54,Shopping,Chennai,iOS,App,0,normal
TXN005401,2026-03-18 15:13:00,USER0960,REC0033,290.1,Food,Pune,Android,Collect Request,0,normal
TXN002673,2026-03-18 15:15:00,USER0266,REC0060,704.5,Bills,Chennai,Android,App,0,normal
TXN003966,2026-03-18 15:43:00,USER0275,REC0226,952.45,Shopping,Hyderabad,Android,App,0,normal
TXN004319,2026-03-18 15:52:00,USER0126,REC0062,1644.01,Groceries,Hyderabad,iOS,App,0,normal
TXN009181,2026-03-18 16:00:00,USER0753,REC0338,1075.06,Bills,Pune,iOS,Collect Request,0,normal
TXN008006,2026-03-18 16:02:00,USER0489,REC0339,329.54,Bills,Bengaluru,Android,App,0,normal
TXN001856,2026-03-18 16:10:00,USER0818,REC0460,342.05,Travel,Bengaluru,Android,Collect Request,0,normal
TXN007100,2026-03-18 16:14:00,USER0662,REC0140,659.48,Groceries,Mumbai,Android,Collect Request,0,normal
TXN001465,2026-03-18 16:17:00,USER0137,REC0156,270.74,Shopping,Pune,Android,App,0,normal
TXN001150,2026-03-18 16:21:00,USER0326,REC0409,300.98,Food,Chennai,Android,App,0,normal
TXN002640,2026-03-18 16:38:00,USER0601,REC0124,1256.28,Travel,Pune,Android,App,0,normal
TXN007430,2026-03-18 16:42:00,USER0004,REC0325,683.12,Shopping,Mumbai,iOS,App,0,normal
TXN006315,2026-03-18 17:02:00,USER0633,REC0227,2806.07,Shopping,Mumbai,Android,QR,0,normal
TXN002512,2026-03-18 17:08:00,USER0920,REC0026,370.83,Shopping,Mumbai,Android,App,0,normal
TXN006431,2026-03-18 17:13:00,USER0080,REC0109,1492.34,Groceries,Chennai,Android,Collect Request,0,normal
TXN004184,2026-03-18 17:39:00,USER0574,REC0120,2556.46,Transfer,Pune,iOS,QR,0,normal
TXN001310,2026-03-18 18:00:00,USER0289,REC0168,1234.52,Shopping,Chennai,Android,Collect Request,0,normal
TXN009273,2026-03-18 18:46:00,USER1000,REC0472,259.64,Groceries,Bengaluru,Android,QR,0,normal
TXN001314,2026-03-18 19:13:00,USER0912,REC0349,408.3,Groceries,Bengaluru,iOS,Collect Request,0,normal
TXN001552,2026-03-18 19:16:00,USER0038,REC0168,330.27,Groceries,Bengaluru,iOS,Collect Request,0,normal
TXN000146,2026-03-18 19:21:00,USER0453,REC0156,1136.56,Bills,Delhi,iOS,QR,0,normal
TXN008638,2026-03-18 19:50:00,USER0777,REC0311,890.92,Transfer,Pune,Android,QR,0,normal
TXN004704,2026-03-18 19:50:00,USER0158,REC0252,438.85,Bills,Bengaluru,iOS,App,0,normal
TXN005364,2026-03-18 19:53:00,USER0670,REC0158,521.38,Travel,Hyderabad,Android,App,0,normal
TXN002377,2026-03-18 20:00:00,USER0708,REC0268,36840.72,Groceries,Chennai,Android,QR,1,unusually_high_amount
TXN002150,2026-03-18 20:36:00,USER0811,REC0479,718.96,Transfer,Hyderabad,Android,QR,0,normal
TXN001127,2026-03-18 20:54:00,USER0269,REC0358,573.76,Travel,Pune,iOS,QR,0,normal
TXN000643,2026-03-18 21:03:00,USER0795,REC0383,349.67,Groceries,Mumbai,iOS,QR,0,normal
TXN007000,2026-03-18 21:04:00,USER0007,REC0354,173.2,Travel,Pune,Android,QR,0,normal
TXN004067,2026-03-18 21:15:00,USER0456,REC0069,618.44,Travel,Delhi,Android,QR,0,normal
TXN000835,2026-03-18 21:23:00,USER0128,REC0336,253.87,Shopping,Hyderabad,Android,Collect Request,0,normal
TXN005997,2026-03-18 21:26:00,USER0200,REC0206,794.96,Groceries,Bengaluru,Android,QR,0,normal
TXN005836,2026-03-18 21:29:00,USER0051,REC0420,855.77,Shopping,Pune,Android,QR,0,normal
TXN008494,2026-03-18 21:41:00,USER0471,REC0292,96.95,Food,Mumbai,Android,App,0,normal
TXN009388,2026-03-18 21:46:00,USER0059,REC0103,419.96,Groceries,Chennai,Android,App,0,normal
TXN001401,2026-03-18 21:57:00,USER0346,REC0004,1172.66,Groceries,Chennai,Android,App,0,normal
TXN005181,2026-03-18 22:06:00,USER0039,REC0008,199.57,Transfer,Mumbai,Android,App,0,normal
TXN009984,2026-03-18 22:40:00,USER0347,REC0074,396.53,Groceries,Hyderabad,Android,App,0,normal
TXN007453,2026-03-18 22:52:00,USER0875,REC0436,491.49,Shopping,Hyderabad,Android,App,0,normal
TXN000125,2026-03-18 22:58:00,USER0907,REC0476,928.21,Transfer,Pune,Android,QR,0,normal
TXN006746,2026-03-18 23:09:00,USER0206,REC0019,549.01,Food,Bengaluru,Android,App,0,normal
TXN004971,2026-03-18 23:41:00,USER0058,REC0450,1418.4,Transfer,Delhi,Android,QR,0,normal
TXN004148,2026-03-18 23:49:00,USER0530,REC0022,569.13,Bills,Mumbai,Android,QR,0,normal
TXN001560,2026-03-18 23:51:00,USER0088,REC0243,355.94,Food,Bengaluru,Android,App,0,normal
TXN002672,2026-03-19 00:11:00,USER0380,REC0018,938.96,Shopping,Hyderabad,iOS,App,0,normal
TXN000151,2026-03-19 00:14:00,USER0614,REC0345,1796.24,Food,Pune,iOS,App,0,normal
TXN001347,2026-03-19 00:15:00,USER0631,REC0038,426.65,Shopping,Chennai,iOS,App,0,normal
TXN006986,2026-03-19 00:52:00,USER0405,REC0412,1495.63,Food,Delhi,Android,App,0,normal
TXN008276,2026-03-19 00:53:00,USER0626,REC0488,183.71,Groceries,Bengaluru,iOS,QR,0,normal
TXN008998,2026-03-19 01:22:00,USER0977,REC0237,89.26,Food,Hyderabad,Android,QR,0,normal
TXN002994,2026-03-19 01:27:00,USER0442,REC0008,828.43,Transfer,Chennai,Android,QR,0,normal
TXN006721,2026-03-19 01:45:00,USER0804,REC0304,419.39,Bills,Delhi,iOS,QR,1,late_night_payment
TXN003578,2026-03-19 01:50:00,USER0759,REC0387,425.77,Shopping,Chennai,Android,QR,0,normal
TXN007486,2026-03-19 02:01:00,USER0171,REC0315,1011.05,Shopping,Pune,Android,App,0,normal
TXN007899,2026-03-19 02:05:00,USER0439,REC0425,1153.81,Shopping,Mumbai,Android,App,0,normal
TXN001042,2026-03-19 02:08:00,USER0444,REC0454,723.27,Shopping,Delhi,iOS,App,0,normal
TXN009378,2026-03-19 02:12:00,USER0096,REC0383,523.56,Travel,Chennai,iOS,Collect Request,0,normal
TXN000232,2026-03-19 02:17:00,USER0927,REC0219,130.08,Travel,Mumbai,iOS,App,0,normal
TXN002153,2026-03-19 02:17:00,USER0706,REC0432,684.18,Bills,Bengaluru,iOS,App,0,normal
TXN008556,2026-03-19 02:33:00,USER0047,REC0088,192.99,Groceries,Pune,iOS,QR,0,normal
TXN009347,2026-03-19 02:36:00,USER0555,REC0159,681.03,Transfer,Bengaluru,Android,App,0,normal
TXN004312,2026-03-19 02:49:00,USER0745,REC0052,877.57,Travel,Pune,Android,App,0,normal
TXN009214,2026-03-19 03:27:00,USER0507,REC0115,352.82,Food,Pune,Android,QR,0,normal
TXN009067,2026-03-19 03:51:00,USER0302,REC0101,1067.95,Bills,Pune,Android,QR,0,normal
TXN000610,2026-03-19 04:21:00,USER0013,REC0435,1604.9,Bills,Delhi,Android,Collect Request,0,normal
TXN003985,2026-03-19 04:31:00,USER0764,REC0251,783.48,Food,Mumbai,Android,App,0,normal
TXN004142,2026-03-19 04:36:00,USER0666,REC0353,107.44,Food,Chennai,Android,App,1,late_night_payment
TXN003379,2026-03-19 04:37:00,USER0459,REC0207,1195.33,Bills,Chennai,iOS,App,0,normal
TXN007501,2026-03-19 05:04:00,USER0520,REC0445,872.49,Food,Hyderabad,Android,App,0,normal
TXN001292,2026-03-19 05:33:00,USER0228,REC0161,3672.31,Bills,Delhi,Android,QR,0,normal
TXN003339,2026-03-19 05:50:00,USER0887,REC0282,701.74,Groceries,Mumbai,Android,App,0,normal
TXN000037,2026-03-19 05:54:00,USER0491,REC0243,154.62,Transfer,Bengaluru,Android,App,0,normal
TXN009882,2026-03-19 06:01:00,USER0904,REC0283,631.75,Bills,Pune,Android,QR,0,normal
TXN006298,2026-03-19 06:13:00,USER0827,REC0256,202.06,Food,Bengaluru,Android,App,0,normal
TXN000006,2026-03-19 06:34:00,USER0767,REC0102,253.76,Groceries,Delhi,iOS,QR,0,normal
TXN009914,2026-03-19 06:44:00,USER0745,REC0086,457.21,Travel,Delhi,iOS,Collect Request,0,normal
TXN008713,2026-03-19 06:54:00,USER0781,REC0263,781.61,Groceries,Chennai,iOS,QR,0,normal
TXN004451,2026-03-19 07:22:00,USER0706,REC0254,487.34,Food,Delhi,Android,App,0,normal
TXN005156,2026-03-19 07:22:00,USER0029,REC0490,377.77,Transfer,Bengaluru,Android,Collect Request,0,normal
TXN001706,2026-03-19 07:24:00,USER0024,REC0304,318.11,Bills,Pune,iOS,QR,0,normal
TXN007300,2026-03-19 07:49:00,USER0645,REC0230,510.54,Groceries,Hyderabad,Android,Collect Request,0,normal
TXN009025,2026-03-19 07:51:00,USER0134,REC0069,1947.39,Food,Pune,Android,QR,0,normal
TXN009729,2026-03-19 08:33:00,USER0709,REC0289,904.18,Groceries,Bengaluru,iOS,QR,0,normal
TXN003962,2026-03-19 08:39:00,USER0969,REC0259,1529.31,Transfer,Mumbai,Android,App,0,normal
TXN006056,2026-03-19 08:54:00,USER0730,REC0237,498.6,Groceries,Hyderabad,Android,App,0,normal
TXN001247,2026-03-19 09:13:00,USER0165,REC0266,629.16,Shopping,Bengaluru,Android,QR,0,normal
TXN009770,2026-03-19 09:16:00,USER0226,REC0391,2456.6,Transfer,Bengaluru,Android,QR,0,normal
TXN003732,2026-03-19 09:32:00,USER0355,REC0290,416.06,Bills,Chennai,Android,App,0,normal
TXN008326,2026-03-19 09:36:00,USER0679,REC0424,545.67,Transfer,Bengaluru,iOS,QR,0,normal
TXN009015,2026-03-19 10:00:00,USER0692,REC0227,704.64,Groceries,Mumbai,Android,QR,0,normal
TXN002482,2026-03-19 10:12:00,USER0641,REC0397,350.62,Bills,Bengaluru,Android,QR,0,normal
TXN004558,2026-03-19 10:20:00,USER0613,REC0266,227.47,Shopping,Pune,Android,App,0,normal
TXN002869,2026-03-19 10:22:00,USER0521,REC0127,552.84,Bills,Hyderabad,Android,QR,0,normal
TXN003107,2026-03-19 10:35:00,USER0926,REC0453,240.87,Food,Pune,Android,App,0,normal
TXN005663,2026-03-19 10:37:00,USER0448,REC0370,403.51,Bills,Bengaluru,Android,App,0,normal
TXN005430,2026-03-19 10:49:00,USER0274,REC0077,182.7,Transfer,Mumbai,Android,QR,0,normal
TXN002198,2026-03-19 10:49:00,USER0639,REC0079,1594.64,Food,Chennai,iOS,QR,0,normal
TXN002098,2026-03-19 10:57:00,USER0267,REC0185,1110.65,Bills,Mumbai,Android,App,0,normal
TXN000668,2026-03-19 11:09:00,USER0161,REC0004,264.82,Shopping,Hyderabad,iOS,App,0,normal
TXN007134,2026-03-19 11:11:00,USER0899,REC0212,69.32,Groceries,Chennai,Android,Collect Request,0,normal
TXN006842,2026-03-19 11:15:00,USER0281,REC0193,495.42,Groceries,Delhi,Android,Collect Request,0,normal
TXN002332,2026-03-19 11:19:00,USER0653,REC0295,1436.55,Groceries,Pune,iOS,App,0,normal
TXN005236,2026-03-19 11:30:00,USER0685,REC0239,268.92,Food,Pune,Android,App,0,normal
TXN005489,2026-03-19 11:31:00,USER0222,REC0429,2825.48,Bills,Bengaluru,Android,QR,0,normal
TXN001419,2026-03-19 11:41:00,USER0621,REC0226,221.63,Groceries,Mumbai,Android,Collect Request,0,normal
TXN007495,2026-03-19 11:58:00,USER0780,REC0344,89.71,Food,Delhi,Android,App,0,normal
TXN004333,2026-03-19 11:59:00,USER0341,REC0057,1721.77,Bills,Delhi,Android,QR,0,normal
TXN001735,2026-03-19 12:11:00,USER0469,REC0047,1138.02,Bills,Pune,Android,QR,0,normal
TXN009113,2026-03-19 12:58:00,USER0706,REC0371,393.94,Shopping,Pune,Android,App,0,normal
TXN003264,2026-03-19 13:31:00,USER0061,REC0258,291.83,Transfer,Pune,Android,App,0,normal
TXN001589,2026-03-19 13:39:00,USER0898,REC0073,1651.88,Food,Delhi,iOS,App,0,normal
TXN007683,2026-03-19 14:16:00,USER0396,REC0451,1128.59,Groceries,Bengaluru,Android,App,0,normal
TXN008548,2026-03-19 14:57:00,USER0622,REC0498,676.51,Groceries,Bengaluru,Android,QR,0,normal
TXN002847,2026-03-19 15:06:00,USER0414,REC0464,539.03,Groceries,Hyderabad,Android,QR,0,normal
TXN004694,2026-03-19 15:06:00,USER0340,REC0077,459.05,Transfer,Delhi,iOS,QR,0,normal
TXN009523,2026-03-19 15:11:00,USER0493,REC0443,297.19,Travel,Chennai,Android,App,0,normal
TXN004149,2026-03-19 15:21:00,USER0250,REC0010,1159.89,Shopping,Pune,iOS,App,0,normal
TXN001486,2026-03-19 15:34:00,USER0788,REC0014,353.44,Food,Chennai,iOS,App,0,normal
TXN005288,2026-03-19 15:55:00,USER0705,REC0141,973.72,Travel,Chennai,Android,QR,0,normal
TXN002903,2026-03-19 16:06:00,USER0055,REC0316,433.41,Groceries,Bengaluru,iOS,QR,0,normal
TXN005187,2026-03-19 16:13:00,USER0022,REC0401,426.04,Bills,Bengaluru,Android,QR,0,normal
TXN006791,2026-03-19 16:29:00,USER0004,REC0322,322.84,Transfer,Pune,iOS,App,0,normal
TXN002601,2026-03-19 16:38:00,USER0817,REC0119,1219.53,Food,Bengaluru,iOS,Collect Request,0,normal
TXN001509,2026-03-19 16:40:00,USER0196,REC0421,725.62,Groceries,Bengaluru,Android,QR,0,normal
TXN009709,2026-03-19 16:52:00,USER0473,REC0217,312.04,Shopping,Chennai,Android,App,0,normal
TXN000829,2026-03-19 17:02:00,USER0701,REC0159,478.77,Food,Chennai,Android,App,0,normal
TXN007102,2026-03-19 17:33:00,USER0609,REC0078,2365.58,Travel,Mumbai,Android,QR,0,normal
TXN006727,2026-03-19 17:40:00,USER0429,REC0204,1095.7,Shopping,Hyderabad,Android,Collect Request,0,normal
TXN006376,2026-03-19 18:24:00,USER0414,REC0048,1057.78,Food,Bengaluru,Android,App,0,normal
TXN004944,2026-03-19 18:28:00,USER0814,REC0108,3156.32,Groceries,Pune,Android,App,0,normal
TXN002906,2026-03-19 18:32:00,USER0491,REC0184,3157.44,Food,Mumbai,Android,App,0,normal
TXN009222,2026-03-19 18:32:00,USER0944,REC0006,467.0,Shopping,Mumbai,Android,App,0,normal
TXN009863,2026-03-19 18:32:00,USER0799,REC0095,1116.59,Bills,Chennai,iOS,QR,0,normal
TXN000427,2026-03-19 18:55:00,USER0763,REC0009,1293.03,Travel,Delhi,iOS,App,0,normal
TXN003873,2026-03-19 19:47:00,USER0020,REC0088,260.9,Shopping,Pune,iOS,App,0,normal
TXN009035,2026-03-19 19:49:00,USER0407,REC0191,315.66,Food,Mumbai,Android,App,0,normal
TXN009625,2026-03-19 19:51:00,USER0676,REC0310,481.6,Food,Mumbai,Android,App,0,normal
TXN003881,2026-03-19 19:53:00,USER0263,REC0107,855.44,Groceries,Mumbai,Android,QR,0,normal
TXN007843,2026-03-19 19:56:00,USER0667,REC0219,1564.62,Groceries,Mumbai,Android,QR,0,normal
TXN004749,2026-03-19 20:07:00,USER0299,REC0325,1933.19,Groceries,Bengaluru,Android,QR,0,normal
TXN008931,2026-03-19 20:28:00,USER0201,REC0467,563.75,Bills,Hyderabad,iOS,App,0,normal
TXN003456,2026-03-19 20:36:00,USER0276,REC0347,934.99,Groceries,Bengaluru,Android,QR,0,normal
TXN008236,2026-03-19 20:47:00,USER0568,REC0012,780.48,Groceries,Pune,Android,QR,0,normal
TXN007826,2026-03-19 21:19:00,USER0621,REC0437,246.55,Food,Pune,iOS,App,0,normal
TXN001280,2026-03-19 21:23:00,USER0563,REC0155,1011.45,Groceries,Chennai,iOS,App,0,normal
TXN001734,2026-03-19 21:38:00,USER0827,REC0017,616.11,Food,Pune,Android,QR,0,normal
TXN009076,2026-03-19 21:53:00,USER0236,REC0493,1442.95,Bills,Chennai,Android,QR,0,normal
TXN002558,2026-03-19 22:52:00,USER0750,REC0204,1955.27,Travel,Mumbai,Android,App,0,normal
TXN006764,2026-03-19 23:09:00,USER0567,REC0226,526.75,Bills,Bengaluru,Android,QR,0,normal
TXN001325,2026-03-19 23:17:00,USER0292,REC0277,586.48,Bills,Delhi,Android,QR,0,normal
TXN003470,2026-03-19 23:52:00,USER0099,REC0419,505.53,Groceries,Delhi,Android,QR,0,normal
TXN001214,2026-03-20 00:17:00,USER0058,REC0187,509.4,Bills,Pune,Android,App,0,normal
TXN007844,2026-03-20 00:22:00,USER0748,REC0254,1089.78,Transfer,Chennai,Android,App,0,normal
TXN007897,2026-03-20 00:38:00,USER0387,REC0442,2151.68,Groceries,Bengaluru,iOS,QR,0,normal
TXN006354,2026-03-20 00:43:00,USER0626,REC0251,147.5,Groceries,Bengaluru,Android,App,0,normal
TXN005989,2026-03-20 00:45:00,USER0524,REC0084,441.62,Groceries,Delhi,iOS,QR,0,normal
TXN005173,2026-03-20 00:49:00,USER0026,REC0208,1021.67,Transfer,Bengaluru,Android,Collect Request,0,normal
TXN003120,2026-03-20 01:05:00,USER0230,REC0297,238.47,Transfer,Hyderabad,iOS,QR,0,normal
TXN003463,2026-03-20 01:21:00,USER0546,REC0411,533.8,Transfer,Hyderabad,Android,QR,0,normal
TXN002818,2026-03-20 01:22:00,USER0650,REC0257,396.11,Food,Pune,Android,QR,0,normal
TXN003340,2026-03-20 01:38:00,USER0845,REC0335,1029.57,Shopping,Delhi,Android,App,0,normal
TXN008983,2026-03-20 01:46:00,USER0429,REC0021,626.42,Transfer,Hyderabad,Android,QR,0,normal
TXN000504,2026-03-20 01:46:00,USER0063,REC0492,1028.53,Food,Mumbai,Android,QR,0,normal
TXN007422,2026-03-20 02:00:00,USER0719,REC0101,442.17,Groceries,Pune,Android,App,0,normal
TXN000492,2026-03-20 02:18:00,USER0654,REC0393,888.38,Groceries,Bengaluru,Android,QR,0,normal
TXN008233,2026-03-20 02:35:00,USER0148,REC0263,1991.44,Groceries,Hyderabad,Android,App,0,normal
TXN006745,2026-03-20 02:51:00,USER0273,REC0346,227.82,Food,Pune,Android,App,0,normal
TXN009572,2026-03-20 02:55:00,USER0639,REC0208,387.17,Food,Bengaluru,Android,App,0,normal
TXN006635,2026-03-20 02:59:00,USER0094,REC0479,372.94,Shopping,Chennai,Android,App,0,normal
TXN008476,2026-03-20 03:12:00,USER0684,REC0293,1434.57,Shopping,Chennai,Android,QR,0,normal
TXN007044,2026-03-20 03:23:00,USER0366,REC0418,972.8,Food,Delhi,Android,App,0,normal
TXN005797,2026-03-20 03:56:00,USER0767,REC0071,381.59,Travel,Bengaluru,Android,App,0,normal
TXN001023,2026-03-20 04:00:00,USER0666,REC0208,318.44,Food,Hyderabad,Android,App,0,normal
TXN008965,2026-03-20 04:24:00,USER0948,REC0106,415.26,Groceries,Delhi,Android,QR,0,normal
TXN009498,2026-03-20 04:47:00,USER0839,REC0479,1170.37,Shopping,Pune,Android,App,0,normal
TXN004550,2026-03-20 05:09:00,USER0710,REC0368,851.42,Bills,Chennai,Android,App,0,normal
TXN009193,2026-03-20 05:10:00,USER0230,REC0315,559.93,Shopping,Pune,Android,QR,0,normal
TXN006150,2026-03-20 05:14:00,USER0985,REC0009,385.88,Groceries,Pune,Android,QR,0,normal
TXN004540,2026-03-20 05:49:00,USER0358,REC0072,561.77,Bills,Bengaluru,Android,QR,0,normal
TXN004479,2026-03-20 05:53:00,USER0375,REC0056,583.12,Food,Delhi,Android,QR,0,normal
TXN007194,2026-03-20 06:01:00,USER0661,REC0163,578.12,Shopping,Chennai,Android,QR,0,normal
TXN005514,2026-03-20 06:31:00,USER0121,REC0117,145.59,Food,Delhi,iOS,QR,0,normal
TXN009255,2026-03-20 07:05:00,USER0015,REC0418,203.5,Transfer,Pune,Android,QR,0,normal
TXN009312,2026-03-20 07:24:00,USER0820,REC0056,287.47,Shopping,Bengaluru,Android,QR,0,normal
TXN006607,2026-03-20 08:23:00,USER0576,REC0046,547.27,Food,Mumbai,Android,Collect Request,0,normal
TXN005400,2026-03-20 08:47:00,USER0578,REC0270,216.13,Transfer,Delhi,Android,App,0,normal
TXN002879,2026-03-20 09:37:00,USER0245,REC0442,764.5,Bills,Bengaluru,iOS,Collect Request,0,normal
TXN002105,2026-03-20 09:42:00,USER0055,REC0115,528.13,Transfer,Bengaluru,Android,App,0,normal
TXN002797,2026-03-20 09:52:00,USER0022,REC0223,639.61,Food,Hyderabad,Android,QR,0,normal
TXN003841,2026-03-20 09:52:00,USER0607,REC0327,560.38,Transfer,Bengaluru,Android,QR,0,normal
TXN002756,2026-03-20 10:14:00,USER0876,REC0151,510.47,Food,Hyderabad,Android,App,0,normal
TXN007797,2026-03-20 10:53:00,USER0955,REC0404,796.1,Travel,Delhi,Android,App,0,normal
TXN009183,2026-03-20 10:53:00,USER0457,REC0219,240.11,Transfer,Hyderabad,Android,Collect Request,0,normal
TXN009829,2026-03-20 11:25:00,USER0997,REC0299,2384.31,Bills,Hyderabad,iOS,App,0,normal
TXN004754,2026-03-20 11:44:00,USER0080,REC0039,417.17,Travel,Delhi,Android,QR,0,normal
TXN005025,2026-03-20 11:46:00,USER0309,REC0241,324.41,Transfer,Pune,Android,App,0,normal
TXN005823,2026-03-20 12:12:00,USER0154,REC0103,871.46,Groceries,Mumbai,iOS,QR,0,normal
TXN004609,2026-03-20 12:15:00,USER0341,REC0358,378.47,Food,Bengaluru,Android,App,0,normal
TXN006855,2026-03-20 12:22:00,USER0561,REC0072,248.67,Bills,Hyderabad,Android,App,0,normal
TXN004426,2026-03-20 12:40:00,USER0659,REC0338,241.15,Food,Delhi,Android,QR,0,normal
TXN007311,2026-03-20 12:45:00,USER0301,REC0299,615.7,Food,Hyderabad,iOS,QR,0,normal
TXN004817,2026-03-20 12:55:00,USER0907,REC0478,447.86,Shopping,Pune,Android,Collect Request,0,normal
TXN000921,2026-03-20 13:00:00,USER0641,REC0466,206.4,Shopping,Delhi,Android,QR,0,normal
TXN008452,2026-03-20 13:08:00,USER0826,REC0487,520.56,Groceries,Mumbai,Android,App,0,normal
TXN009948,2026-03-20 13:15:00,USER0337,REC0421,1527.86,Groceries,Chennai,Android,Collect Request,0,normal
TXN002390,2026-03-20 13:22:00,USER0045,REC0324,1250.71,Bills,Delhi,Android,QR,0,normal
TXN003160,2026-03-20 13:29:00,USER0960,REC0278,326.21,Food,Hyderabad,Android,App,0,normal
TXN005119,2026-03-20 13:29:00,USER0259,REC0237,1434.19,Groceries,Pune,Android,QR,0,normal
TXN004922,2026-03-20 13:39:00,USER0483,REC0405,289.4,Travel,Hyderabad,Android,Collect Request,0,normal
TXN003905,2026-03-20 13:47:00,USER0381,REC0171,464.74,Groceries,Mumbai,Android,App,0,normal
TXN005624,2026-03-20 14:11:00,USER0589,REC0332,146.12,Bills,Hyderabad,Android,App,0,normal
TXN005845,2026-03-20 15:02:00,USER0855,REC0257,1531.61,Transfer,Pune,Android,Collect Request,0,normal
TXN001658,2026-03-20 15:35:00,USER0526,REC0306,379.17,Groceries,Mumbai,Android,QR,0,normal
TXN001408,2026-03-20 16:31:00,USER0759,REC0335,407.52,Food,Mumbai,Android,QR,0,normal
TXN001943,2026-03-20 16:31:00,USER0389,REC0127,880.66,Transfer,Mumbai,iOS,App,0,normal
TXN002710,2026-03-20 16:33:00,USER0274,REC0232,1585.47,Shopping,Bengaluru,iOS,QR,0,normal
TXN000396,2026-03-20 17:03:00,USER0345,REC0342,1336.74,Transfer,Hyderabad,iOS,App,0,normal
TXN001898,2026-03-20 17:04:00,USER0369,REC0232,195.18,Shopping,Chennai,Android,QR,0,normal
TXN009360,2026-03-20 17:12:00,USER0407,REC0319,124.45,Groceries,Delhi,Android,QR,0,normal
TXN006182,2026-03-20 17:37:00,USER0340,REC0176,565.43,Bills,Delhi,Android,App,0,normal
TXN005390,2026-03-20 17:40:00,USER0248,REC0257,285.46,Shopping,Bengaluru,Android,App,0,normal
TXN009338,2026-03-20 17:46:00,USER0924,REC0057,179.16,Transfer,Mumbai,Android,App,0,normal
TXN001245,2026-03-20 18:00:00,USER0546,REC0298,392.6,Travel,Delhi,iOS,App,0,normal
TXN000558,2026-03-20 18:00:00,USER0178,REC0024,575.43,Bills,Mumbai,Android,App,0,normal
TXN008818,2026-03-20 18:03:00,USER0702,REC0190,2124.15,Food,Chennai,Android,Collect Request,0,normal
TXN002386,2026-03-20 18:10:00,USER0195,REC0331,280.05,Food,Delhi,iOS,Collect Request,0,normal
TXN005960,2026-03-20 18:12:00,USER0445,REC0403,910.88,Food,Delhi,Android,App,0,normal
TXN002142,2026-03-20 18:13:00,USER0919,REC0483,439.69,Shopping,Delhi,Android,App,0,normal
TXN005900,2026-03-20 18:38:00,USER0905,REC0422,549.17,Transfer,Mumbai,Android,QR,0,normal
TXN006817,2026-03-20 18:56:00,USER0865,REC0236,329.46,Food,Hyderabad,Android,Collect Request,0,normal
TXN008667,2026-03-20 19:02:00,USER0024,REC0321,537.83,Bills,Bengaluru,Android,App,0,normal
TXN003418,2026-03-20 19:09:00,USER0606,REC0232,577.2,Groceries,Chennai,Android,QR,0,normal
TXN005386,2026-03-20 19:35:00,USER0409,REC0467,729.13,Bills,Mumbai,iOS,App,0,normal
TXN007898,2026-03-20 19:36:00,USER0449,REC0474,225.67,Transfer,Hyderabad,Android,QR,0,normal
TXN009127,2026-03-20 20:27:00,USER0455,REC0010,1478.56,Groceries,Pune,Android,App,0,normal
TXN004472,2026-03-20 20:44:00,USER0782,REC0452,458.69,Food,Chennai,Android,App,0,normal
TXN006031,2026-03-20 20:48:00,USER0587,REC0377,274.55,Food,Bengaluru,iOS,QR,0,normal
TXN009144,2026-03-20 20:54:00,USER0655,REC0162,506.61,Groceries,Chennai,Android,QR,0,normal
TXN007496,2026-03-20 21:00:00,USER0857,REC0222,364.77,Transfer,Delhi,Android,Collect Request,0,normal
TXN003358,2026-03-20 21:37:00,USER0037,REC0254,703.18,Bills,Delhi,Android,QR,0,normal
TXN001824,2026-03-20 21:41:00,USER0105,REC0298,474.67,Shopping,Chennai,iOS,QR,0,normal
TXN008551,2026-03-20 22:16:00,USER0019,REC0454,349.13,Bills,Bengaluru,Android,App,0,normal
TXN008696,2026-03-20 22:41:00,USER0834,REC0444,760.56,Travel,Bengaluru,iOS,App,0,normal
TXN007359,2026-03-20 22:55:00,USER0670,REC0414,1373.15,Food,Bengaluru,Android,App,0,normal
TXN009875,2026-03-20 22:56:00,USER0011,REC0431,495.19,Shopping,Bengaluru,Android,QR,0,normal
TXN005837,2026-03-20 23:06:00,USER0817,REC0448,197.94,Shopping,Pune,Android,QR,0,normal
TXN009026,2026-03-20 23:14:00,USER0251,REC0323,252.67,Bills,Bengaluru,Android,QR,0,normal
TXN005242,2026-03-20 23:21:00,USER0320,REC0362,189.64,Transfer,Delhi,Android,App,0,normal
TXN002227,2026-03-20 23:54:00,USER0202,REC0376,292.58,Groceries,Hyderabad,iOS,QR,0,normal
TXN009907,2026-03-21 00:10:00,USER0829,REC0026,826.8,Groceries,Chennai,Android,App,0,normal
TXN008886,2026-03-21 00:17:00,USER0706,REC0063,517.55,Groceries,Bengaluru,Android,QR,0,normal
TXN000781,2026-03-21 00:20:00,USER0213,REC0264,1315.33,Transfer,Mumbai,Android,QR,0,normal
TXN006810,2026-03-21 00:27:00,USER0933,REC0038,572.24,Transfer,Mumbai,iOS,Collect Request,0,normal
TXN002001,2026-03-21 00:45:00,USER0508,REC0092,364.65,Shopping,Chennai,iOS,QR,0,normal
TXN002678,2026-03-21 00:47:00,USER0151,REC0254,555.53,Food,Chennai,Android,QR,0,normal
TXN007352,2026-03-21 01:09:00,USER0729,REC0498,172.52,Transfer,Pune,Android,QR,0,normal
TXN001716,2026-03-21 01:16:00,USER0514,REC0344,331.29,Transfer,Bengaluru,Android,App,0,normal
TXN009808,2026-03-21 01:18:00,USER0502,REC0187,350.15,Bills,Delhi,Android,App,0,normal
TXN006856,2026-03-21 01:29:00,USER0234,REC0242,489.76,Groceries,Bengaluru,Android,App,0,normal
TXN005647,2026-03-21 01:36:00,USER0433,REC0318,677.8,Shopping,Bengaluru,Android,QR,0,normal
TXN009407,2026-03-21 01:52:00,USER0006,REC0047,738.21,Groceries,Pune,Android,App,0,normal
TXN002652,2026-03-21 02:07:00,USER0185,REC0171,84.65,Groceries,Bengaluru,Android,App,0,normal
TXN007625,2026-03-21 02:10:00,USER0346,REC0465,849.74,Food,Chennai,Android,QR,0,normal
TXN007767,2026-03-21 02:20:00,USER0120,REC0346,961.85,Groceries,Hyderabad,Android,QR,0,normal
TXN009682,2026-03-21 02:29:00,USER0595,REC0033,1779.94,Groceries,Hyderabad,Android,QR,0,normal
TXN006890,2026-03-21 02:34:00,USER0864,REC0203,1172.15,Travel,Delhi,Android,App,0,normal
TXN001893,2026-03-21 02:38:00,USER0168,REC0326,288.91,Food,Hyderabad,Android,App,0,normal
TXN001201,2026-03-21 02:41:00,USER0983,REC0111,457.22,Transfer,Pune,Android,QR,0,normal
TXN002304,2026-03-21 02:47:00,USER0721,REC0074,315.91,Food,Chennai,Android,QR,0,normal
TXN000812,2026-03-21 03:04:00,USER0730,REC0101,656.06,Groceries,Delhi,Android,App,0,normal
TXN004865,2026-03-21 03:12:00,USER0734,REC0051,1092.92,Shopping,Delhi,Android,QR,0,normal
TXN004330,2026-03-21 03:31:00,USER0932,REC0036,655.49,Shopping,Mumbai,Android,QR,0,normal
TXN006498,2026-03-21 03:33:00,USER0392,REC0441,3333.34,Food,Chennai,iOS,Collect Request,0,normal
TXN009814,2026-03-21 03:34:00,USER0548,REC0327,678.64,Transfer,Bengaluru,Android,App,0,normal
TXN008743,2026-03-21 03:37:00,USER0979,REC0446,876.43,Shopping,Delhi,Android,App,0,normal
TXN007318,2026-03-21 03:38:00,USER0564,REC0305,780.8,Bills,Bengaluru,iOS,App,0,normal
TXN008623,2026-03-21 03:39:00,USER0672,REC0349,802.44,Food,Pune,Android,Collect Request,0,normal
TXN009848,2026-03-21 04:19:00,USER0041,REC0120,761.42,Bills,Bengaluru,Android,App,0,normal
TXN005868,2026-03-21 04:24:00,USER0171,REC0372,969.74,Shopping,Chennai,Android,App,1,late_night_payment
TXN001713,2026-03-21 04:47:00,USER0842,REC0122,444.55,Bills,Delhi,Android,QR,0,normal
TXN001634,2026-03-21 05:37:00,USER0301,REC0373,233.48,Groceries,Bengaluru,Android,App,0,normal
TXN008171,2026-03-21 05:53:00,USER0014,REC0202,258.56,Groceries,Chennai,Android,Collect Request,0,normal
TXN005021,2026-03-21 05:57:00,USER0130,REC0472,467.86,Travel,Hyderabad,Android,App,0,normal
TXN002651,2026-03-21 06:03:00,USER0375,REC0095,205.95,Travel,Hyderabad,Android,QR,0,normal
TXN001371,2026-03-21 06:21:00,USER0833,REC0281,353.0,Groceries,Mumbai,iOS,App,0,normal
TXN005751,2026-03-21 06:33:00,USER0955,REC0194,1215.34,Bills,Bengaluru,Android,QR,0,normal
TXN004139,2026-03-21 06:43:00,USER0016,REC0477,348.12,Groceries,Chennai,Android,App,0,normal
TXN001792,2026-03-21 07:02:00,USER0778,REC0482,212.79,Groceries,Pune,Android,QR,0,normal
TXN001141,2026-03-21 07:21:00,USER0063,REC0232,728.15,Transfer,Chennai,iOS,App,0,normal
TXN002701,2026-03-21 07:24:00,USER0912,REC0046,856.21,Shopping,Hyderabad,iOS,QR,0,normal
TXN007816,2026-03-21 07:27:00,USER0814,REC0225,498.38,Transfer,Mumbai,Android,QR,0,normal
TXN008365,2026-03-21 07:37:00,USER0614,REC0205,1916.72,Food,Hyderabad,Android,QR,0,normal
TXN007981,2026-03-21 07:43:00,USER0160,REC0053,461.06,Groceries,Chennai,Android,Collect Request,0,normal
TXN003579,2026-03-21 07:58:00,USER0242,REC0076,653.53,Shopping,Pune,Android,App,0,normal
TXN003581,2026-03-21 08:08:00,USER0350,REC0227,1625.0,Shopping,Mumbai,Android,App,0,normal
TXN005292,2026-03-21 08:17:00,USER0254,REC0448,359.23,Food,Chennai,Android,QR,0,normal
TXN000517,2026-03-21 08:19:00,USER0826,REC0227,1066.62,Shopping,Delhi,iOS,QR,0,normal
TXN007892,2026-03-21 08:30:00,USER0696,REC0396,442.97,Groceries,Pune,Android,QR,0,normal
TXN006887,2026-03-21 08:35:00,USER0467,REC0017,503.56,Bills,Mumbai,Android,App,0,normal
TXN007419,2026-03-21 08:48:00,USER0176,REC0270,215.16,Bills,Chennai,iOS,QR,0,normal
TXN006491,2026-03-21 09:13:00,USER0360,REC0323,1596.82,Groceries,Hyderabad,Android,QR,0,normal
TXN005510,2026-03-21 09:17:00,USER0425,REC0465,205.47,Food,Delhi,Android,QR,0,normal
TXN009314,2026-03-21 09:18:00,USER0426,REC0497,352.57,Transfer,Pune,Android,App,0,normal
TXN003548,2026-03-21 09:29:00,USER0978,REC0325,372.78,Bills,Bengaluru,Android,App,0,normal
TXN008139,2026-03-21 09:37:00,USER0142,REC0280,597.77,Shopping,Chennai,Android,QR,0,normal
TXN006697,2026-03-21 10:13:00,USER0188,REC0111,752.74,Food,Bengaluru,Android,App,0,normal
TXN006128,2026-03-21 10:52:00,USER0756,REC0481,294.43,Bills,Mumbai,Android,App,0,normal
TXN003046,2026-03-21 10:54:00,USER0045,REC0431,507.48,Food,Pune,Android,App,0,normal
TXN007196,2026-03-21 10:57:00,USER0650,REC0412,183.88,Food,Mumbai,Android,App,0,normal
TXN003239,2026-03-21 11:11:00,USER0017,REC0297,780.71,Food,Mumbai,iOS,QR,0,normal
TXN007341,2026-03-21 11:32:00,USER0085,REC0274,808.21,Groceries,Mumbai,Android,App,0,normal
TXN006676,2026-03-21 11:33:00,USER0110,REC0434,412.22,Shopping,Bengaluru,Android,App,0,normal
TXN007402,2026-03-21 12:01:00,USER0277,REC0436,540.6,Food,Hyderabad,Android,App,0,normal
TXN003428,2026-03-21 12:25:00,USER0631,REC0176,1325.57,Shopping,Mumbai,Android,QR,0,normal
TXN009180,2026-03-21 12:28:00,USER0137,REC0226,231.71,Shopping,Delhi,Android,App,0,normal
TXN001815,2026-03-21 12:36:00,USER0137,REC0305,463.15,Groceries,Delhi,Android,QR,0,normal
TXN004990,2026-03-21 12:43:00,USER0899,REC0322,468.65,Transfer,Mumbai,iOS,App,0,normal
TXN005783,2026-03-21 12:43:00,USER0459,REC0241,1192.92,Travel,Mumbai,Android,App,0,normal
TXN009807,2026-03-21 13:39:00,USER0891,REC0446,542.59,Transfer,Delhi,Android,QR,0,normal
TXN000904,2026-03-21 13:45:00,USER0575,REC0448,1035.28,Shopping,Mumbai,Android,App,0,normal
TXN002757,2026-03-21 13:48:00,USER0253,REC0068,570.04,Groceries,Hyderabad,Android,App,0,normal
TXN008963,2026-03-21 13:51:00,USER0550,REC0355,708.86,Travel,Pune,iOS,App,0,normal
TXN008341,2026-03-21 13:58:00,USER0279,REC0114,674.79,Groceries,Pune,iOS,QR,0,normal
TXN008396,2026-03-21 14:45:00,USER0246,REC0157,1088.89,Transfer,Delhi,Android,QR,0,normal
TXN009469,2026-03-21 15:01:00,USER0005,REC0082,615.1,Food,Chennai,Android,App,0,normal
TXN002240,2026-03-21 15:16:00,USER0001,REC0335,1201.13,Food,Bengaluru,Android,QR,0,normal
TXN004012,2026-03-21 15:48:00,USER0455,REC0128,489.9,Bills,Delhi,Android,App,0,normal
TXN007254,2026-03-21 15:57:00,USER0303,REC0359,403.52,Bills,Chennai,iOS,App,0,normal
TXN009673,2026-03-21 17:03:00,USER0580,REC0015,1351.28,Shopping,Delhi,Android,App,0,normal
TXN003474,2026-03-21 17:07:00,USER0015,REC0412,600.23,Food,Bengaluru,iOS,App,0,normal
TXN007086,2026-03-21 17:31:00,USER0315,REC0083,331.04,Bills,Delhi,iOS,QR,0,normal
TXN005693,2026-03-21 17:42:00,USER0120,REC0255,994.69,Groceries,Bengaluru,iOS,Collect Request,0,normal
TXN009724,2026-03-21 18:13:00,USER0501,REC0345,125.86,Transfer,Mumbai,iOS,App,0,normal
TXN000375,2026-03-21 18:23:00,USER0729,REC0494,107.04,Transfer,Mumbai,Android,App,0,normal
TXN004728,2026-03-21 18:28:00,USER0824,REC0311,204.44,Groceries,Hyderabad,iOS,QR,0,normal
TXN001004,2026-03-21 18:37:00,USER0507,REC0027,201.94,Food,Delhi,iOS,App,0,normal
TXN004713,2026-03-21 18:47:00,USER0827,REC0237,264.31,Bills,Hyderabad,iOS,QR,0,normal
TXN001324,2026-03-21 18:57:00,USER0016,REC0351,722.1,Transfer,Pune,Android,App,0,normal
TXN006102,2026-03-21 18:57:00,USER0394,REC0075,467.31,Travel,Delhi,Android,QR,0,normal
TXN005222,2026-03-21 19:09:00,USER0769,REC0342,686.1,Groceries,Chennai,Android,App,0,normal
TXN008246,2026-03-21 20:00:00,USER0873,REC0201,468.15,Groceries,Delhi,Android,Collect Request,0,normal
TXN005091,2026-03-21 20:31:00,USER0904,REC0209,485.79,Travel,Chennai,Android,App,0,normal
TXN002091,2026-03-21 20:40:00,USER0467,REC0280,1299.21,Food,Pune,Android,App,0,normal
TXN006657,2026-03-21 20:46:00,USER0655,REC0493,779.46,Bills,Delhi,iOS,Collect Request,0,normal
TXN001375,2026-03-21 20:46:00,USER0643,REC0347,731.83,Groceries,Hyderabad,Android,QR,0,normal
TXN005546,2026-03-21 20:50:00,USER0089,REC0348,638.64,Bills,Pune,Android,QR,0,normal
TXN007725,2026-03-21 20:57:00,USER0968,REC0073,918.68,Food,Pune,iOS,App,0,normal
TXN001752,2026-03-21 21:09:00,USER0478,REC0282,916.86,Bills,Mumbai,Android,App,0,normal
TXN008524,2026-03-21 21:23:00,USER0114,REC0306,940.01,Food,Pune,Android,QR,0,normal
TXN005266,2026-03-21 21:33:00,USER0887,REC0477,625.7,Shopping,Mumbai,iOS,QR,0,normal
TXN000035,2026-03-21 21:50:00,USER0785,REC0277,1704.87,Transfer,Hyderabad,iOS,QR,0,normal
TXN001912,2026-03-21 22:03:00,USER0642,REC0486,551.5,Food,Delhi,Android,App,0,normal
TXN004574,2026-03-21 22:08:00,USER0798,REC0274,345.37,Shopping,Hyderabad,iOS,App,0,normal
TXN008455,2026-03-21 22:09:00,USER0015,REC0375,1752.6,Bills,Bengaluru,Android,Collect Request,0,normal
TXN003506,2026-03-21 22:12:00,USER0778,REC0311,281.84,Shopping,Delhi,Android,App,0,normal
TXN007127,2026-03-21 22:40:00,USER0174,REC0249,549.27,Groceries,Chennai,Android,App,0,normal
TXN004701,2026-03-21 22:45:00,USER0082,REC0364,842.49,Groceries,Delhi,iOS,App,0,normal
TXN002498,2026-03-21 22:52:00,USER0617,REC0126,124.1,Transfer,Mumbai,Android,QR,0,normal
TXN007429,2026-03-21 23:23:00,USER0386,REC0095,470.44,Transfer,Hyderabad,Android,App,0,normal
TXN009399,2026-03-21 23:30:00,USER0315,REC0072,1171.33,Travel,Hyderabad,iOS,App,0,normal
TXN004469,2026-03-21 23:38:00,USER0767,REC0157,912.43,Food,Chennai,Android,App,0,normal
TXN009798,2026-03-21 23:46:00,USER0693,REC0021,380.73,Groceries,Pune,iOS,App,0,normal
TXN007082,2026-03-21 23:47:00,USER0183,REC0055,325.8,Groceries,Pune,Android,QR,0,normal
TXN009759,2026-03-21 23:56:00,USER0280,REC0337,985.46,Transfer,Hyderabad,Android,App,0,normal
TXN007315,2026-03-22 00:08:00,USER0659,REC0158,123.3,Food,Chennai,Android,App,0,normal
TXN007147,2026-03-22 00:18:00,USER0506,REC0093,731.27,Food,Delhi,iOS,App,0,normal
TXN000565,2026-03-22 00:29:00,USER0970,REC0393,1859.96,Food,Delhi,iOS,App,0,normal
TXN007691,2026-03-22 00:41:00,USER0019,REC0189,462.59,Food,Pune,Android,App,0,normal
TXN004717,2026-03-22 00:52:00,USER0017,REC0460,1638.15,Shopping,Delhi,Android,App,0,normal
TXN006024,2026-03-22 00:53:00,USER0720,REC0303,244.92,Travel,Bengaluru,Android,QR,0,normal
TXN001692,2026-03-22 01:39:00,USER0890,REC0453,1871.73,Groceries,Pune,Android,App,0,normal
TXN003126,2026-03-22 01:55:00,USER0119,REC0221,472.09,Groceries,Delhi,Android,QR,0,normal
TXN003162,2026-03-22 02:10:00,USER0821,REC0248,770.56,Travel,Hyderabad,Android,App,0,normal
TXN007326,2026-03-22 02:25:00,USER0993,REC0466,717.31,Bills,Delhi,iOS,QR,0,normal
TXN001606,2026-03-22 02:26:00,USER0761,REC0298,3546.29,Groceries,Pune,Android,QR,0,normal
TXN006701,2026-03-22 02:49:00,USER0707,REC0135,625.04,Bills,Mumbai,Android,App,0,normal
TXN007228,2026-03-22 02:57:00,USER0070,REC0348,258.74,Transfer,Pune,Android,App,0,normal
TXN002452,2026-03-22 02:58:00,USER0114,REC0125,1381.32,Food,Mumbai,iOS,App,0,normal
TXN009805,2026-03-22 03:17:00,USER0596,REC0117,925.57,Shopping,Hyderabad,Android,QR,0,normal
TXN008651,2026-03-22 03:24:00,USER0747,REC0367,721.94,Transfer,Chennai,Android,Collect Request,0,normal
TXN005743,2026-03-22 03:33:00,USER0992,REC0098,389.77,Food,Pune,iOS,QR,0,normal
TXN008225,2026-03-22 03:50:00,USER0738,REC0252,469.72,Groceries,Bengaluru,Android,QR,0,normal
TXN000362,2026-03-22 04:06:00,USER0658,REC0437,1092.68,Food,Hyderabad,Android,QR,0,normal
TXN001389,2026-03-22 04:17:00,USER0166,REC0042,993.4,Bills,Chennai,Android,QR,0,normal
TXN000358,2026-03-22 06:01:00,USER0505,REC0135,542.05,Shopping,Delhi,Android,App,0,normal
TXN003795,2026-03-22 06:15:00,USER0585,REC0351,624.92,Transfer,Pune,Android,QR,0,normal
TXN008727,2026-03-22 06:18:00,USER0566,REC0189,148.8,Transfer,Hyderabad,Android,QR,0,normal
TXN007031,2026-03-22 06:18:00,USER0010,REC0065,253.52,Groceries,Hyderabad,Android,QR,0,normal
TXN004863,2026-03-22 06:28:00,USER0575,REC0030,324.61,Transfer,Mumbai,iOS,App,0,normal
TXN000389,2026-03-22 06:31:00,USER0119,REC0394,241.17,Groceries,Chennai,Android,App,0,normal
TXN002471,2026-03-22 07:27:00,USER0097,REC0093,603.36,Food,Chennai,Android,App,0,normal
TXN005414,2026-03-22 07:45:00,USER0181,REC0119,1550.46,Groceries,Delhi,iOS,App,0,normal
TXN008710,2026-03-22 07:45:00,USER0687,REC0467,968.22,Bills,Hyderabad,Android,App,0,normal
TXN002042,2026-03-22 07:46:00,USER0979,REC0216,699.65,Food,Pune,Android,App,0,normal
TXN004808,2026-03-22 07:53:00,USER0516,REC0199,1660.65,Bills,Mumbai,iOS,App,0,normal
TXN006742,2026-03-22 08:14:00,USER0422,REC0014,1030.47,Transfer,Hyderabad,Android,App,0,normal
TXN005460,2026-03-22 08:40:00,USER0153,REC0325,913.87,Shopping,Delhi,Android,App,0,normal
TXN002300,2026-03-22 08:56:00,USER0734,REC0346,747.64,Transfer,Chennai,iOS,App,0,normal
TXN003820,2026-03-22 08:59:00,USER0371,REC0304,1166.83,Shopping,Mumbai,iOS,App,0,normal
TXN000048,2026-03-22 09:08:00,USER0630,REC0499,383.26,Groceries,Bengaluru,iOS,App,0,normal
TXN005184,2026-03-22 09:09:00,USER0906,REC0436,1264.95,Groceries,Bengaluru,Android,App,0,normal
TXN000364,2026-03-22 09:50:00,USER0385,REC0305,955.69,Shopping,Chennai,Android,App,0,normal
TXN000579,2026-03-22 10:03:00,USER0504,REC0265,411.45,Shopping,Chennai,Android,App,0,normal
TXN004334,2026-03-22 10:29:00,USER0718,REC0234,323.42,Bills,Delhi,Android,App,0,normal
TXN002061,2026-03-22 11:40:00,USER0423,REC0116,32751.96,Groceries,Chennai,Android,QR,1,unusually_high_amount
TXN009215,2026-03-22 12:06:00,USER0156,REC0132,2955.74,Bills,Delhi,iOS,App,0,normal
TXN002446,2026-03-22 12:08:00,USER0566,REC0039,412.44,Shopping,Delhi,Android,App,0,normal
TXN006705,2026-03-22 12:18:00,USER0730,REC0370,1585.66,Transfer,Delhi,Android,QR,0,normal
TXN003030,2026-03-22 12:31:00,USER0150,REC0133,305.5,Food,Chennai,Android,App,0,normal
TXN004406,2026-03-22 12:36:00,USER0006,REC0315,259.94,Shopping,Hyderabad,Android,App,0,normal
TXN008041,2026-03-22 13:01:00,USER0519,REC0384,813.12,Food,Mumbai,Android,QR,0,normal
TXN008681,2026-03-22 13:07:00,USER0181,REC0060,743.3,Transfer,Mumbai,Android,App,0,normal
TXN005334,2026-03-22 13:33:00,USER0772,REC0034,193.88,Travel,Mumbai,Android,QR,0,normal
TXN008081,2026-03-22 13:48:00,USER0908,REC0056,305.14,Food,Mumbai,Android,QR,0,normal
TXN004282,2026-03-22 14:17:00,USER0423,REC0193,478.61,Bills,Hyderabad,iOS,App,0,normal
TXN008939,2026-03-22 14:25:00,USER0594,REC0433,509.47,Food,Mumbai,Android,QR,0,normal
TXN001304,2026-03-22 14:34:00,USER0445,REC0223,1334.57,Shopping,Mumbai,Android,App,0,normal
TXN001878,2026-03-22 15:37:00,USER0656,REC0189,664.19,Bills,Chennai,Android,App,0,normal
TXN000304,2026-03-22 15:42:00,USER0088,REC0449,333.03,Transfer,Pune,Android,App,0,normal
TXN008758,2026-03-22 15:58:00,USER0336,REC0453,792.0,Travel,Delhi,Android,App,0,normal
TXN008570,2026-03-22 16:40:00,USER0488,REC0267,1541.2,Groceries,Delhi,Android,Collect Request,0,normal
TXN001557,2026-03-22 16:52:00,USER0363,REC0199,737.73,Transfer,Chennai,Android,QR,0,normal
TXN008557,2026-03-22 16:54:00,USER0405,REC0499,754.59,Groceries,Hyderabad,Android,App,0,normal
TXN002978,2026-03-22 16:59:00,USER0021,REC0117,416.24,Shopping,Mumbai,Android,App,0,normal
TXN001384,2026-03-22 17:30:00,USER0106,REC0256,178.26,Bills,Hyderabad,Android,App,0,normal
TXN004565,2026-03-22 17:30:00,USER0724,REC0335,418.18,Food,Delhi,iOS,App,0,normal
TXN000828,2026-03-22 17:35:00,USER0189,REC0260,327.14,Groceries,Pune,Android,QR,0,normal
TXN001632,2026-03-22 18:10:00,USER0794,REC0036,2473.53,Food,Bengaluru,Android,App,0,normal
TXN003831,2026-03-22 18:19:00,USER0812,REC0367,538.51,Food,Delhi,Android,QR,0,normal
TXN003243,2026-03-22 18:43:00,USER0340,REC0252,236.02,Food,Delhi,Android,App,0,normal
TXN007431,2026-03-22 19:13:00,USER0695,REC0135,530.26,Groceries,Delhi,Android,App,0,normal
TXN001471,2026-03-22 19:13:00,USER0489,REC0239,1299.08,Food,Delhi,Android,QR,0,normal
TXN006081,2026-03-22 19:28:00,USER0569,REC0189,669.91,Food,Bengaluru,Android,App,0,normal
TXN000095,2026-03-22 19:52:00,USER0810,REC0165,1880.91,Shopping,Chennai,Android,App,0,normal
TXN004620,2026-03-22 19:56:00,USER0395,REC0176,707.42,Groceries,Delhi,Android,App,0,normal
TXN006482,2026-03-22 20:13:00,USER0060,REC0066,414.04,Transfer,Chennai,iOS,App,0,normal
TXN004433,2026-03-22 20:14:00,USER0911,REC0383,340.41,Transfer,Bengaluru,Android,QR,0,normal
TXN000740,2026-03-22 20:28:00,USER0316,REC0494,1174.59,Shopping,Bengaluru,Android,App,0,normal
TXN004450,2026-03-22 20:29:00,USER0660,REC0034,236.08,Groceries,Delhi,Android,App,0,normal
TXN008360,2026-03-22 21:26:00,USER0037,REC0041,1070.66,Shopping,Delhi,Android,App,0,normal
TXN005461,2026-03-22 21:28:00,USER0783,REC0160,5048.29,Groceries,Bengaluru,Android,App,0,normal
TXN008955,2026-03-22 21:33:00,USER0889,REC0237,286.0,Food,Pune,Android,App,0,normal
TXN002838,2026-03-22 21:40:00,USER0879,REC0408,126.45,Food,Pune,Android,App,0,normal
TXN008907,2026-03-22 21:52:00,USER0465,REC0268,1674.83,Food,Hyderabad,iOS,QR,0,normal
TXN004597,2026-03-22 21:55:00,USER0619,REC0206,354.61,Shopping,Pune,Android,App,0,normal
TXN004933,2026-03-22 22:46:00,USER0683,REC0172,726.16,Transfer,Bengaluru,Android,QR,0,normal
TXN007171,2026-03-22 23:08:00,USER0585,REC0474,1636.66,Groceries,Chennai,Android,QR,0,normal
TXN009248,2026-03-22 23:08:00,USER0744,REC0375,181.12,Bills,Delhi,iOS,QR,0,normal
TXN004190,2026-03-23 00:11:00,USER0677,REC0248,639.54,Bills,Hyderabad,Android,QR,0,normal
TXN004850,2026-03-23 00:36:00,USER0749,REC0118,1330.48,Shopping,Delhi,Android,App,0,normal
TXN007001,2026-03-23 00:58:00,USER0920,REC0460,2600.78,Groceries,Hyderabad,Android,QR,0,normal
TXN005311,2026-03-23 01:01:00,USER0207,REC0002,688.25,Transfer,Hyderabad,Android,App,1,late_night_payment
TXN000179,2026-03-23 01:20:00,USER0831,REC0085,1398.95,Bills,Pune,Android,QR,0,normal
TXN005249,2026-03-23 01:20:00,USER0987,REC0152,301.55,Shopping,Mumbai,iOS,QR,0,normal
TXN003109,2026-03-23 01:43:00,USER0803,REC0469,439.3,Food,Chennai,Android,QR,0,normal
TXN006264,2026-03-23 02:23:00,USER0903,REC0400,559.93,Food,Chennai,iOS,App,0,normal
TXN009428,2026-03-23 02:33:00,USER0799,REC0093,1262.09,Travel,Hyderabad,iOS,QR,0,normal
TXN004981,2026-03-23 02:43:00,USER0188,REC0247,850.46,Shopping,Hyderabad,Android,App,0,normal
TXN006865,2026-03-23 02:54:00,USER0453,REC0451,1240.81,Groceries,Chennai,Android,App,0,normal
TXN001826,2026-03-23 03:32:00,USER0530,REC0329,309.91,Food,Bengaluru,Android,App,0,normal
TXN008389,2026-03-23 03:57:00,USER0706,REC0255,527.28,Transfer,Delhi,Android,App,0,normal
TXN006191,2026-03-23 04:03:00,USER0012,REC0230,818.9,Groceries,Pune,Android,QR,0,normal
TXN008864,2026-03-23 04:13:00,USER0207,REC0345,802.84,Food,Delhi,Android,QR,0,normal
TXN005240,2026-03-23 04:38:00,USER0845,REC0492,415.78,Bills,Pune,Android,QR,0,normal
TXN006916,2026-03-23 04:58:00,USER0893,REC0399,1242.9,Travel,Delhi,Android,App,0,normal
TXN008048,2026-03-23 05:07:00,USER0486,REC0190,679.67,Shopping,Pune,Android,App,0,normal
TXN005056,2026-03-23 05:22:00,USER0772,REC0006,751.85,Shopping,Hyderabad,Android,App,0,normal
TXN001315,2026-03-23 05:28:00,USER0795,REC0068,318.27,Bills,Bengaluru,Android,App,0,normal
TXN001428,2026-03-23 05:30:00,USER0687,REC0088,800.98,Bills,Delhi,Android,App,0,normal
TXN000220,2026-03-23 05:37:00,USER0837,REC0180,693.65,Food,Chennai,Android,App,0,normal
TXN008579,2026-03-23 05:42:00,USER0183,REC0102,1210.23,Bills,Pune,Android,App,0,normal
TXN000592,2026-03-23 05:43:00,USER0584,REC0333,183.07,Travel,Chennai,Android,App,0,normal
TXN002939,2026-03-23 05:44:00,USER0783,REC0156,1301.87,Food,Delhi,Android,App,0,normal
TXN006679,2026-03-23 05:45:00,USER0408,REC0105,234.89,Travel,Pune,Android,QR,0,normal
TXN001037,2026-03-23 06:01:00,USER0443,REC0127,952.79,Groceries,Bengaluru,Android,Collect Request,0,normal
TXN003518,2026-03-23 06:14:00,USER0414,REC0150,962.56,Groceries,Hyderabad,Android,App,0,normal
TXN002778,2026-03-23 06:27:00,USER0977,REC0085,695.09,Travel,Bengaluru,Android,App,0,normal
TXN009639,2026-03-23 06:44:00,USER0095,REC0106,1954.27,Food,Chennai,Android,App,0,normal
TXN001206,2026-03-23 07:11:00,USER0898,REC0438,2765.94,Shopping,Mumbai,Android,App,0,normal
TXN002989,2026-03-23 07:19:00,USER0325,REC0201,129.67,Groceries,Bengaluru,Android,App,0,normal
TXN005619,2026-03-23 07:37:00,USER0972,REC0416,2431.05,Groceries,Delhi,iOS,QR,0,normal
TXN007469,2026-03-23 08:16:00,USER0960,REC0192,247.32,Transfer,Hyderabad,Android,QR,0,normal
TXN006967,2026-03-23 08:18:00,USER0788,REC0464,910.15,Transfer,Delhi,iOS,App,0,normal
TXN004081,2026-03-23 08:24:00,USER0114,REC0171,98.88,Groceries,Chennai,Android,App,0,normal
TXN003826,2026-03-23 08:25:00,USER0667,REC0461,16594.8,Groceries,Chennai,Android,App,1,unusually_high_amount
TXN001732,2026-03-23 08:34:00,USER0333,REC0134,349.87,Shopping,Delhi,Android,QR,0,normal
TXN008573,2026-03-23 08:46:00,USER0606,REC0202,424.2,Food,Pune,Android,QR,0,normal
TXN007126,2026-03-23 09:44:00,USER0868,REC0398,1089.17,Shopping,Chennai,Android,App,0,normal
TXN008891,2026-03-23 09:58:00,USER0398,REC0432,419.97,Groceries,Delhi,Android,QR,0,normal
TXN008200,2026-03-23 11:12:00,USER0971,REC0265,797.2,Bills,Chennai,iOS,App,0,normal
TXN008060,2026-03-23 11:12:00,USER0080,REC0377,401.63,Food,Hyderabad,Android,QR,0,normal
TXN008811,2026-03-23 11:23:00,USER0304,REC0123,1605.44,Bills,Delhi,Android,QR,0,normal
TXN000345,2026-03-23 11:56:00,USER0708,REC0416,1265.99,Shopping,Bengaluru,iOS,App,0,normal
TXN000067,2026-03-23 11:57:00,USER0782,REC0452,167.55,Shopping,Pune,Android,Collect Request,0,normal
TXN008942,2026-03-23 12:08:00,USER0671,REC0164,2005.65,Transfer,Pune,Android,Collect Request,0,normal
TXN003704,2026-03-23 12:30:00,USER0371,REC0126,149.04,Groceries,Pune,Android,QR,0,normal
TXN003910,2026-03-23 12:44:00,USER0717,REC0423,616.29,Transfer,Hyderabad,Android,App,0,normal
TXN002287,2026-03-23 13:10:00,USER0465,REC0046,2385.68,Food,Delhi,Android,App,0,normal
TXN003750,2026-03-23 13:11:00,USER0227,REC0256,890.46,Bills,Mumbai,Android,Collect Request,0,normal
TXN005513,2026-03-23 13:24:00,USER0584,REC0063,697.48,Travel,Pune,Android,App,0,normal
TXN008643,2026-03-23 13:26:00,USER0144,REC0466,326.98,Groceries,Chennai,Android,App,0,normal
TXN004207,2026-03-23 14:01:00,USER0852,REC0203,1768.82,Shopping,Hyderabad,Android,QR,0,normal
TXN006152,2026-03-23 14:42:00,USER0489,REC0434,401.69,Shopping,Pune,Android,App,0,normal
TXN007464,2026-03-23 14:54:00,USER0532,REC0211,483.41,Travel,Delhi,iOS,App,0,normal
TXN002068,2026-03-23 15:18:00,USER0021,REC0266,447.45,Groceries,Chennai,Android,QR,0,normal
TXN001108,2026-03-23 15:20:00,USER0177,REC0016,2362.12,Transfer,Bengaluru,Android,QR,0,normal
TXN006808,2026-03-23 15:32:00,USER0835,REC0339,213.72,Shopping,Chennai,iOS,QR,0,normal
TXN008210,2026-03-23 16:01:00,USER0731,REC0432,375.52,Food,Mumbai,iOS,App,0,normal
TXN003298,2026-03-23 16:25:00,USER0917,REC0170,281.38,Bills,Pune,Android,QR,0,normal
TXN008314,2026-03-23 16:37:00,USER0462,REC0372,510.02,Food,Pune,Android,QR,0,normal
TXN001287,2026-03-23 16:53:00,USER0053,REC0295,305.09,Bills,Pune,Android,App,0,normal
TXN007324,2026-03-23 18:01:00,USER0279,REC0278,168.36,Transfer,Hyderabad,iOS,Collect Request,0,normal
TXN000202,2026-03-23 18:32:00,USER0564,REC0488,544.32,Shopping,Bengaluru,Android,App,0,normal
TXN003128,2026-03-23 18:35:00,USER0945,REC0095,146.91,Bills,Chennai,iOS,QR,0,normal
TXN008260,2026-03-23 18:36:00,USER0650,REC0146,837.59,Food,Chennai,Android,QR,0,normal
TXN004823,2026-03-23 18:37:00,USER0296,REC0048,1010.29,Transfer,Hyderabad,Android,App,0,normal
TXN009660,2026-03-23 19:22:00,USER0516,REC0447,1974.45,Travel,Bengaluru,iOS,App,0,normal
TXN006956,2026-03-23 19:33:00,USER0450,REC0324,248.54,Shopping,Mumbai,Android,App,0,normal
TXN001390,2026-03-23 19:34:00,USER0750,REC0389,1823.23,Transfer,Hyderabad,Android,App,0,normal
TXN005071,2026-03-23 19:58:00,USER0732,REC0269,473.8,Groceries,Bengaluru,Android,App,0,normal
TXN009470,2026-03-23 20:05:00,USER0077,REC0337,619.47,Groceries,Hyderabad,iOS,App,0,normal
TXN005243,2026-03-23 20:15:00,USER0324,REC0390,290.28,Food,Delhi,Android,App,0,normal
TXN001569,2026-03-23 20:22:00,USER0519,REC0466,117.26,Food,Chennai,Android,App,0,normal
TXN000843,2026-03-23 20:22:00,USER1000,REC0331,1638.84,Groceries,Mumbai,Android,QR,0,normal
TXN007953,2026-03-23 20:33:00,USER0083,REC0080,31588.05,Groceries,Bengaluru,Android,App,1,unusually_high_amount
TXN001154,2026-03-23 20:37:00,USER0983,REC0387,330.28,Food,Mumbai,Android,App,0,normal
TXN008574,2026-03-23 21:09:00,USER0873,REC0279,27195.4,Bills,Bengaluru,Android,QR,1,unusually_high_amount
TXN004514,2026-03-23 21:09:00,USER0449,REC0352,135.24,Groceries,Mumbai,Android,QR,0,normal
TXN003590,2026-03-23 21:09:00,USER0632,REC0335,625.23,Groceries,Pune,iOS,App,0,normal
TXN003095,2026-03-23 21:22:00,USER0052,REC0324,390.48,Bills,Delhi,Android,App,0,normal
TXN007860,2026-03-23 21:27:00,USER0351,REC0294,1693.26,Bills,Hyderabad,Android,App,0,normal
TXN009827,2026-03-23 21:29:00,USER0230,REC0182,288.39,Travel,Bengaluru,Android,App,0,normal
TXN002693,2026-03-23 21:45:00,USER0967,REC0034,439.73,Groceries,Pune,Android,QR,0,normal
TXN008138,2026-03-23 21:47:00,USER0676,REC0323,504.33,Groceries,Hyderabad,Android,App,0,normal
TXN002114,2026-03-23 22:18:00,USER0135,REC0108,505.83,Groceries,Chennai,Android,QR,0,normal
TXN009731,2026-03-23 22:38:00,USER0938,REC0354,777.64,Shopping,Hyderabad,Android,App,0,normal
TXN000840,2026-03-23 22:58:00,USER0354,REC0363,726.26,Shopping,Delhi,iOS,QR,0,normal
TXN009962,2026-03-23 23:02:00,USER0282,REC0013,249.35,Shopping,Pune,Android,QR,0,normal
TXN007305,2026-03-23 23:11:00,USER0865,REC0010,870.18,Transfer,Mumbai,Android,Collect Request,0,normal
TXN006075,2026-03-24 00:44:00,USER0046,REC0417,454.76,Food,Delhi,Android,App,0,normal
TXN005925,2026-03-24 00:51:00,USER0282,REC0118,460.72,Transfer,Hyderabad,iOS,QR,0,normal
TXN002785,2026-03-24 01:04:00,USER0986,REC0381,377.16,Food,Chennai,iOS,QR,0,normal
TXN004515,2026-03-24 01:35:00,USER0395,REC0425,1000.03,Travel,Hyderabad,iOS,App,0,normal
TXN004153,2026-03-24 01:38:00,USER0815,REC0297,320.95,Groceries,Hyderabad,iOS,QR,0,normal
TXN008888,2026-03-24 01:53:00,USER0299,REC0085,625.93,Groceries,Hyderabad,Android,App,0,normal
TXN005050,2026-03-24 02:21:00,USER0190,REC0334,476.56,Transfer,Hyderabad,Android,QR,0,normal
TXN004249,2026-03-24 02:53:00,USER0218,REC0223,1241.92,Transfer,Delhi,iOS,App,0,normal
TXN002894,2026-03-24 02:53:00,USER0691,REC0395,1076.17,Food,Mumbai,Android,QR,0,normal
TXN005325,2026-03-24 02:56:00,USER0905,REC0328,235.51,Groceries,Bengaluru,Android,App,0,normal
TXN001708,2026-03-24 03:10:00,USER0252,REC0363,42383.9,Food,Bengaluru,iOS,QR,1,unusually_high_amount
TXN002164,2026-03-24 03:22:00,USER0034,REC0344,570.99,Food,Mumbai,Android,App,0,normal
TXN006184,2026-03-24 03:27:00,USER0066,REC0346,931.66,Bills,Hyderabad,Android,QR,1,late_night_payment
TXN009176,2026-03-24 03:30:00,USER0529,REC0144,735.95,Shopping,Bengaluru,iOS,QR,0,normal
TXN003384,2026-03-24 04:24:00,USER0059,REC0374,1006.94,Food,Delhi,iOS,QR,0,normal
TXN002101,2026-03-24 04:32:00,USER0717,REC0336,1376.46,Transfer,Hyderabad,iOS,App,0,normal
TXN005865,2026-03-24 04:34:00,USER0783,REC0182,1507.92,Shopping,Delhi,iOS,App,0,normal
TXN003202,2026-03-24 04:41:00,USER0018,REC0425,25365.04,Bills,Delhi,Android,QR,1,unusually_high_amount
TXN005192,2026-03-24 04:46:00,USER0888,REC0374,886.09,Shopping,Hyderabad,Android,QR,0,normal
TXN005908,2026-03-24 04:54:00,USER0059,REC0268,842.64,Groceries,Pune,Android,Collect Request,0,normal
TXN002633,2026-03-24 05:00:00,USER0066,REC0070,1985.01,Transfer,Delhi,Android,App,0,normal
TXN005054,2026-03-24 05:01:00,USER0781,REC0357,320.68,Food,Hyderabad,Android,App,0,normal
TXN000943,2026-03-24 05:37:00,USER0646,REC0185,1587.91,Bills,Bengaluru,Android,App,0,normal
TXN005987,2026-03-24 05:51:00,USER0334,REC0079,101.02,Travel,Chennai,Android,App,0,normal
TXN005239,2026-03-24 06:02:00,USER0949,REC0258,727.7,Food,Pune,Android,App,0,normal
TXN006133,2026-03-24 06:04:00,USER0037,REC0003,1185.84,Groceries,Bengaluru,Android,App,0,normal
TXN009960,2026-03-24 06:15:00,USER0126,REC0303,637.97,Transfer,Bengaluru,Android,App,0,normal
TXN005920,2026-03-24 06:17:00,USER0942,REC0423,1601.27,Travel,Bengaluru,Android,App,0,normal
TXN001507,2026-03-24 06:36:00,USER0334,REC0276,94.84,Shopping,Hyderabad,Android,App,0,normal
TXN007323,2026-03-24 06:38:00,USER0380,REC0029,665.42,Bills,Mumbai,Android,QR,0,normal
TXN005877,2026-03-24 06:50:00,USER0044,REC0219,193.71,Food,Pune,iOS,QR,0,normal
TXN002113,2026-03-24 07:04:00,USER0937,REC0080,400.28,Travel,Pune,Android,QR,0,normal
TXN007764,2026-03-24 07:32:00,USER0938,REC0098,394.68,Shopping,Bengaluru,iOS,App,0,normal
TXN007257,2026-03-24 07:37:00,USER0256,REC0049,127.66,Travel,Mumbai,iOS,QR,0,normal
TXN005037,2026-03-24 07:43:00,USER0911,REC0249,1451.16,Travel,Chennai,Android,QR,0,normal
TXN008375,2026-03-24 08:01:00,USER0778,REC0101,469.58,Travel,Chennai,iOS,QR,0,normal
TXN007170,2026-03-24 08:41:00,USER0849,REC0262,402.61,Food,Chennai,Android,QR,0,normal
TXN000529,2026-03-24 08:58:00,USER0835,REC0419,147.57,Groceries,Delhi,Android,QR,0,normal
TXN008772,2026-03-24 08:59:00,USER0515,REC0321,2219.63,Shopping,Pune,iOS,App,0,normal
TXN001354,2026-03-24 09:02:00,USER0165,REC0243,294.23,Groceries,Mumbai,Android,App,0,normal
TXN008218,2026-03-24 09:06:00,USER0812,REC0193,1556.81,Groceries,Bengaluru,Android,QR,0,normal
TXN006756,2026-03-24 09:15:00,USER0837,REC0372,1662.02,Shopping,Chennai,iOS,QR,0,normal
TXN001951,2026-03-24 09:19:00,USER0681,REC0216,573.66,Bills,Chennai,Android,QR,0,normal
TXN008411,2026-03-24 09:49:00,USER0777,REC0098,719.83,Groceries,Hyderabad,Android,App,0,normal
TXN002305,2026-03-24 09:58:00,USER0200,REC0172,1557.12,Bills,Mumbai,Android,QR,0,normal
TXN002796,2026-03-24 10:00:00,USER0156,REC0359,311.25,Bills,Bengaluru,Android,App,0,normal
TXN002531,2026-03-24 10:02:00,USER0370,REC0180,444.0,Shopping,Chennai,iOS,QR,0,normal
TXN009197,2026-03-24 10:04:00,USER0685,REC0305,283.02,Groceries,Delhi,iOS,QR,0,normal
TXN009519,2026-03-24 10:29:00,USER0737,REC0030,564.03,Travel,Mumbai,Android,App,0,normal
TXN000324,2026-03-24 10:35:00,USER0940,REC0281,1997.59,Travel,Delhi,Android,App,0,normal
TXN006318,2026-03-24 10:37:00,USER0242,REC0444,82.61,Bills,Hyderabad,Android,App,0,normal
TXN009464,2026-03-24 10:50:00,USER0377,REC0109,442.34,Transfer,Delhi,Android,App,0,normal
TXN009566,2026-03-24 11:12:00,USER0661,REC0289,364.32,Food,Chennai,Android,QR,0,normal
TXN000642,2026-03-24 11:18:00,USER0087,REC0404,335.35,Travel,Pune,iOS,App,0,normal
TXN007033,2026-03-24 11:26:00,USER0622,REC0149,758.64,Transfer,Pune,Android,QR,0,normal
TXN009324,2026-03-24 11:29:00,USER0760,REC0237,634.64,Bills,Mumbai,Android,QR,0,normal
TXN007229,2026-03-24 11:29:00,USER0621,REC0491,332.32,Shopping,Delhi,Android,App,0,normal
TXN006406,2026-03-24 12:01:00,USER0260,REC0267,540.76,Groceries,Pune,Android,App,0,normal
TXN004335,2026-03-24 12:11:00,USER0659,REC0408,454.33,Bills,Hyderabad,Android,App,0,normal
TXN009993,2026-03-24 12:19:00,USER0022,REC0077,642.26,Groceries,Hyderabad,Android,App,0,normal
TXN001948,2026-03-24 12:23:00,USER0996,REC0201,319.18,Groceries,Chennai,Android,App,0,normal
TXN009155,2026-03-24 12:42:00,USER0159,REC0430,246.08,Groceries,Delhi,Android,Collect Request,0,normal
TXN001170,2026-03-24 13:26:00,USER0717,REC0216,278.37,Food,Chennai,iOS,App,0,normal
TXN003330,2026-03-24 13:34:00,USER0256,REC0361,489.28,Transfer,Mumbai,iOS,App,0,normal
TXN000153,2026-03-24 14:07:00,USER0399,REC0125,776.79,Bills,Chennai,Android,QR,0,normal
TXN003402,2026-03-24 14:34:00,USER0235,REC0195,881.15,Transfer,Bengaluru,Android,QR,0,normal
TXN003445,2026-03-24 14:35:00,USER0392,REC0276,862.76,Travel,Pune,iOS,QR,0,normal
TXN002383,2026-03-24 14:37:00,USER0216,REC0292,2311.11,Food,Mumbai,Android,App,0,normal
TXN009499,2026-03-24 15:25:00,USER0619,REC0438,645.29,Transfer,Delhi,iOS,QR,0,normal
TXN009739,2026-03-24 15:30:00,USER0091,REC0121,127.23,Shopping,Delhi,Android,App,0,normal
TXN004829,2026-03-24 15:36:00,USER0624,REC0022,372.78,Bills,Hyderabad,Android,App,0,normal
TXN009294,2026-03-24 15:44:00,USER0429,REC0143,201.54,Food,Chennai,Android,QR,0,normal
TXN000804,2026-03-24 15:50:00,USER0202,REC0077,189.29,Food,Chennai,Android,App,0,normal
TXN006243,2026-03-24 15:57:00,USER0945,REC0231,1001.26,Transfer,Mumbai,Android,Collect Request,0,normal
TXN004731,2026-03-24 16:14:00,USER0146,REC0115,2458.07,Groceries,Pune,Android,App,0,normal
TXN006098,2026-03-24 16:18:00,USER0550,REC0489,848.34,Bills,Pune,iOS,App,0,normal
TXN009949,2026-03-24 16:18:00,USER0663,REC0409,808.72,Shopping,Chennai,iOS,App,0,normal
TXN004959,2026-03-24 16:32:00,USER0367,REC0181,444.59,Transfer,Bengaluru,Android,QR,0,normal
TXN001564,2026-03-24 16:35:00,USER0995,REC0311,260.02,Travel,Delhi,iOS,App,0,normal
TXN008370,2026-03-24 16:36:00,USER0754,REC0461,638.02,Food,Chennai,Android,App,0,normal
TXN001530,2026-03-24 16:39:00,USER0470,REC0318,395.7,Groceries,Mumbai,Android,App,0,normal
TXN007030,2026-03-24 16:50:00,USER0395,REC0101,123.11,Travel,Delhi,Android,App,0,normal
TXN001103,2026-03-24 16:53:00,USER0973,REC0099,44521.18,Shopping,Mumbai,iOS,QR,1,unusually_high_amount
TXN000669,2026-03-24 16:54:00,USER0405,REC0237,226.24,Food,Delhi,Android,QR,0,normal
TXN006180,2026-03-24 17:13:00,USER0103,REC0415,605.29,Travel,Mumbai,Android,QR,0,normal
TXN005524,2026-03-24 17:16:00,USER0943,REC0283,3565.23,Food,Bengaluru,Android,App,0,normal
TXN006486,2026-03-24 17:23:00,USER0995,REC0496,654.61,Groceries,Mumbai,Android,QR,0,normal
TXN008814,2026-03-24 17:31:00,USER0490,REC0157,284.05,Food,Bengaluru,Android,QR,0,normal
TXN004640,2026-03-24 17:34:00,USER0328,REC0430,2637.71,Food,Delhi,Android,QR,0,normal
TXN003749,2026-03-24 17:43:00,USER0143,REC0309,353.64,Food,Mumbai,iOS,QR,0,normal
TXN009978,2026-03-24 17:53:00,USER0340,REC0238,687.49,Bills,Bengaluru,iOS,App,0,normal
TXN001705,2026-03-24 19:00:00,USER0101,REC0068,1218.08,Groceries,Mumbai,Android,QR,0,normal
TXN000715,2026-03-24 19:27:00,USER0328,REC0158,359.53,Groceries,Hyderabad,Android,App,0,normal
TXN009501,2026-03-24 19:27:00,USER0240,REC0304,673.63,Shopping,Pune,iOS,Collect Request,0,normal
TXN008660,2026-03-24 19:58:00,USER0602,REC0098,1479.96,Food,Chennai,iOS,App,0,normal
TXN001081,2026-03-24 19:59:00,USER0093,REC0261,1090.74,Food,Chennai,Android,QR,0,normal
TXN009838,2026-03-24 20:03:00,USER0108,REC0409,154.85,Groceries,Chennai,Android,App,0,normal
TXN000969,2026-03-24 20:11:00,USER0031,REC0406,181.23,Groceries,Pune,Android,QR,0,normal
TXN001972,2026-03-24 20:38:00,USER0367,REC0111,448.86,Groceries,Bengaluru,Android,QR,0,normal
TXN007835,2026-03-24 20:46:00,USER0944,REC0149,164.27,Shopping,Chennai,Android,App,0,normal
TXN004431,2026-03-24 21:15:00,USER0869,REC0082,390.82,Bills,Delhi,Android,App,0,normal
TXN003845,2026-03-24 21:16:00,USER0587,REC0478,1376.17,Groceries,Pune,iOS,QR,0,normal
TXN000530,2026-03-24 21:17:00,USER0369,REC0151,905.1,Groceries,Mumbai,Android,App,0,normal
TXN001006,2026-03-24 21:29:00,USER0113,REC0086,508.24,Transfer,Delhi,Android,QR,0,normal
TXN005223,2026-03-24 21:47:00,USER0060,REC0460,1743.69,Food,Delhi,Android,App,0,normal
TXN002625,2026-03-24 22:03:00,USER0042,REC0476,398.59,Bills,Pune,Android,QR,0,normal
TXN003201,2026-03-24 22:05:00,USER0551,REC0081,654.24,Bills,Chennai,iOS,QR,0,normal
TXN009247,2026-03-24 22:30:00,USER0889,REC0163,837.44,Bills,Hyderabad,iOS,QR,0,normal
TXN000733,2026-03-24 22:42:00,USER0238,REC0448,954.34,Food,Delhi,Android,QR,0,normal
TXN003658,2026-03-24 22:50:00,USER0620,REC0124,426.24,Shopping,Mumbai,Android,Collect Request,0,normal
TXN004869,2026-03-24 22:53:00,USER0880,REC0486,469.65,Groceries,Bengaluru,Android,QR,0,normal
TXN002961,2026-03-24 22:55:00,USER0695,REC0278,471.72,Food,Delhi,Android,App,0,normal
TXN009139,2026-03-24 22:59:00,USER0011,REC0480,1047.65,Shopping,Chennai,Android,QR,0,normal
TXN002014,2026-03-24 23:12:00,USER0656,REC0404,1991.98,Groceries,Pune,Android,App,0,normal
TXN003520,2026-03-24 23:17:00,USER0244,REC0291,457.91,Groceries,Pune,Android,App,0,normal
TXN009526,2026-03-24 23:26:00,USER0737,REC0281,916.6,Travel,Delhi,Android,QR,0,normal
TXN005749,2026-03-24 23:54:00,USER0461,REC0202,118.71,Groceries,Chennai,Android,App,0,normal
TXN006613,2026-03-24 23:58:00,USER0454,REC0005,2528.15,Food,Bengaluru,Android,Collect Request,0,normal
TXN002675,2026-03-25 00:15:00,USER0562,REC0265,1547.89,Groceries,Delhi,Android,QR,1,late_night_payment
TXN004430,2026-03-25 00:17:00,USER0816,REC0249,211.41,Food,Chennai,Android,App,0,normal
TXN006766,2026-03-25 00:21:00,USER0109,REC0111,340.91,Food,Delhi,Android,App,0,normal
TXN005295,2026-03-25 00:22:00,USER0344,REC0334,453.55,Groceries,Mumbai,Android,Collect Request,0,normal
TXN000061,2026-03-25 00:39:00,USER0111,REC0268,983.59,Food,Chennai,iOS,QR,0,normal
TXN005443,2026-03-25 00:51:00,USER0568,REC0109,778.55,Shopping,Mumbai,Android,App,0,normal
TXN006404,2026-03-25 01:06:00,USER0981,REC0001,529.15,Groceries,Delhi,Android,App,0,normal
TXN005818,2026-03-25 01:23:00,USER0510,REC0157,1265.2,Shopping,Mumbai,Android,App,0,normal
TXN002831,2026-03-25 01:28:00,USER0931,REC0120,563.05,Travel,Chennai,Android,QR,0,normal
TXN007848,2026-03-25 01:33:00,USER0345,REC0498,361.04,Groceries,Mumbai,iOS,QR,0,normal
TXN009204,2026-03-25 01:42:00,USER0196,REC0435,1179.21,Groceries,Bengaluru,Android,App,0,normal
TXN009565,2026-03-25 01:57:00,USER0371,REC0345,491.6,Bills,Hyderabad,iOS,QR,0,normal
TXN008943,2026-03-25 02:00:00,USER0987,REC0462,894.96,Shopping,Bengaluru,iOS,App,0,normal
TXN008172,2026-03-25 02:09:00,USER0094,REC0167,598.81,Bills,Chennai,Android,QR,0,normal
TXN004988,2026-03-25 02:20:00,USER0109,REC0411,26625.0,Shopping,Bengaluru,Android,App,1,unusually_high_amount
TXN005640,2026-03-25 02:21:00,USER0456,REC0266,605.1,Transfer,Pune,Android,App,0,normal
TXN003276,2026-03-25 02:25:00,USER0703,REC0355,526.61,Bills,Hyderabad,iOS,QR,0,normal
TXN000527,2026-03-25 02:27:00,USER0875,REC0012,364.1,Groceries,Bengaluru,Android,QR,0,normal
TXN003801,2026-03-25 02:34:00,USER0410,REC0256,960.18,Shopping,Mumbai,Android,Collect Request,1,late_night_payment
TXN004979,2026-03-25 02:43:00,USER0127,REC0422,427.81,Groceries,Chennai,Android,App,0,normal
TXN001990,2026-03-25 03:22:00,USER0572,REC0424,247.76,Food,Mumbai,Android,Collect Request,0,normal
TXN002166,2026-03-25 03:34:00,USER0573,REC0097,209.31,Transfer,Chennai,Android,App,0,normal
TXN001182,2026-03-25 03:37:00,USER0427,REC0032,552.04,Shopping,Delhi,Android,QR,1,late_night_payment
TXN002624,2026-03-25 03:37:00,USER0846,REC0294,1501.92,Transfer,Hyderabad,Android,App,0,normal
TXN009510,2026-03-25 04:06:00,USER0604,REC0464,241.83,Food,Delhi,Android,QR,0,normal
TXN001623,2026-03-25 04:11:00,USER0779,REC0218,239.38,Groceries,Hyderabad,Android,App,0,normal
TXN001679,2026-03-25 04:19:00,USER0076,REC0473,472.68,Groceries,Delhi,Android,QR,0,normal
TXN006084,2026-03-25 04:26:00,USER0411,REC0235,533.2,Groceries,Chennai,Android,App,0,normal
TXN006858,2026-03-25 04:27:00,USER0965,REC0089,910.58,Food,Delhi,Android,QR,0,normal
TXN007349,2026-03-25 04:49:00,USER0369,REC0151,517.63,Groceries,Mumbai,iOS,App,0,normal
TXN007790,2026-03-25 05:10:00,USER0394,REC0086,338.16,Bills,Bengaluru,Android,App,0,normal
TXN008088,2026-03-25 05:14:00,USER0608,REC0432,726.49,Transfer,Hyderabad,Android,QR,0,normal
TXN001262,2026-03-25 05:21:00,USER0422,REC0083,649.36,Bills,Mumbai,Android,App,0,normal
TXN005869,2026-03-25 05:22:00,USER0258,REC0077,229.01,Travel,Pune,Android,QR,0,normal
TXN003605,2026-03-25 05:26:00,USER0296,REC0414,118.12,Bills,Bengaluru,Android,QR,0,normal
TXN000452,2026-03-25 05:35:00,USER0443,REC0363,1085.04,Transfer,Chennai,iOS,Collect Request,0,normal
TXN000586,2026-03-25 05:39:00,USER0863,REC0423,294.62,Food,Delhi,Android,App,0,normal
TXN002533,2026-03-25 05:52:00,USER0185,REC0429,393.6,Food,Delhi,Android,QR,0,normal
TXN003900,2026-03-25 05:55:00,USER0891,REC0220,668.17,Shopping,Hyderabad,Android,Collect Request,0,normal
TXN000264,2026-03-25 06:15:00,USER0176,REC0054,1255.21,Food,Bengaluru,Android,QR,0,normal
TXN007355,2026-03-25 06:25:00,USER0229,REC0307,32223.94,Bills,Chennai,Android,App,1,unusually_high_amount
TXN001067,2026-03-25 07:24:00,USER0838,REC0199,901.97,Groceries,Delhi,Android,QR,0,normal
TXN003892,2026-03-25 07:28:00,USER0774,REC0316,368.87,Transfer,Mumbai,Android,App,0,normal
TXN000577,2026-03-25 07:45:00,USER0857,REC0143,3380.91,Bills,Mumbai,iOS,QR,0,normal
TXN007116,2026-03-25 07:49:00,USER0738,REC0497,433.45,Bills,Mumbai,iOS,QR,0,normal
TXN009763,2026-03-25 08:06:00,USER0694,REC0160,726.92,Shopping,Pune,iOS,App,0,normal
TXN005160,2026-03-25 08:33:00,USER0367,REC0235,379.15,Food,Bengaluru,Android,App,0,normal
TXN007577,2026-03-25 09:10:00,USER0426,REC0125,409.69,Transfer,Chennai,Android,QR,0,normal
TXN000499,2026-03-25 09:10:00,USER0699,REC0314,483.78,Groceries,Bengaluru,Android,QR,0,normal
TXN004369,2026-03-25 09:24:00,USER0228,REC0281,1018.25,Bills,Bengaluru,Android,QR,0,normal
TXN004543,2026-03-25 09:26:00,USER0592,REC0250,1523.56,Bills,Chennai,iOS,App,0,normal
TXN003972,2026-03-25 09:36:00,USER0630,REC0151,321.78,Bills,Chennai,Android,App,0,normal
TXN000024,2026-03-25 09:48:00,USER0532,REC0255,392.32,Shopping,Delhi,Android,QR,0,normal
TXN002570,2026-03-25 09:49:00,USER0839,REC0432,1165.05,Groceries,Chennai,Android,App,0,normal
TXN006792,2026-03-25 10:10:00,USER0541,REC0458,171.45,Bills,Bengaluru,iOS,App,0,normal
TXN005931,2026-03-25 10:11:00,USER0143,REC0329,322.04,Groceries,Mumbai,Android,App,0,normal
TXN005312,2026-03-25 10:12:00,USER0762,REC0237,513.81,Groceries,Mumbai,Android,App,0,normal
TXN008519,2026-03-25 10:27:00,USER0605,REC0361,707.49,Shopping,Chennai,Android,Collect Request,0,normal
TXN004295,2026-03-25 10:27:00,USER0350,REC0359,1310.86,Food,Hyderabad,Android,Collect Request,0,normal
TXN009047,2026-03-25 10:51:00,USER0818,REC0264,884.86,Bills,Pune,Android,App,0,normal
TXN007883,2026-03-25 11:01:00,USER0140,REC0225,1272.09,Food,Pune,iOS,App,0,normal
TXN000421,2026-03-25 11:24:00,USER0900,REC0379,586.83,Shopping,Mumbai,iOS,QR,0,normal
TXN002612,2026-03-25 11:24:00,USER0089,REC0289,413.55,Transfer,Delhi,Android,App,0,normal
TXN000438,2026-03-25 11:32:00,USER0293,REC0030,536.46,Shopping,Bengaluru,Android,Collect Request,0,normal
TXN004232,2026-03-25 11:45:00,USER0897,REC0154,585.92,Groceries,Bengaluru,Android,App,0,normal
TXN000862,2026-03-25 12:02:00,USER0358,REC0002,1202.69,Shopping,Mumbai,Android,App,0,normal
TXN007518,2026-03-25 12:09:00,USER0393,REC0097,354.5,Shopping,Chennai,Android,App,0,normal
TXN007572,2026-03-25 12:10:00,USER0232,REC0352,1345.46,Bills,Pune,Android,App,0,normal
TXN003943,2026-03-25 12:12:00,USER0892,REC0361,755.94,Food,Mumbai,Android,App,0,normal
TXN003642,2026-03-25 12:24:00,USER0659,REC0394,203.53,Food,Bengaluru,iOS,QR,0,normal
TXN003495,2026-03-25 12:31:00,USER0088,REC0079,24209.79,Food,Chennai,Android,App,1,unusually_high_amount
TXN005983,2026-03-25 12:36:00,USER0816,REC0338,401.03,Shopping,Chennai,Android,App,0,normal
TXN006410,2026-03-25 12:59:00,USER0301,REC0207,1968.77,Food,Pune,Android,Collect Request,0,normal
TXN004268,2026-03-25 13:36:00,USER0423,REC0401,305.13,Groceries,Bengaluru,iOS,App,0,normal
TXN004851,2026-03-25 14:05:00,USER0490,REC0386,689.25,Food,Bengaluru,Android,App,0,normal
TXN005651,2026-03-25 14:15:00,USER0609,REC0497,438.26,Shopping,Mumbai,iOS,App,0,normal
TXN007778,2026-03-25 14:29:00,USER0777,REC0348,267.37,Groceries,Chennai,Android,QR,0,normal
TXN005157,2026-03-25 14:49:00,USER0715,REC0175,311.66,Bills,Pune,Android,QR,0,normal
TXN004088,2026-03-25 14:59:00,USER0233,REC0027,304.85,Groceries,Pune,Android,QR,0,normal
TXN004292,2026-03-25 15:09:00,USER0724,REC0029,260.19,Groceries,Delhi,iOS,Collect Request,0,normal
TXN002493,2026-03-25 15:22:00,USER0256,REC0468,553.09,Travel,Pune,Android,QR,0,normal
TXN003896,2026-03-25 15:52:00,USER0715,REC0216,380.97,Groceries,Bengaluru,Android,QR,0,normal
TXN004380,2026-03-25 15:56:00,USER0659,REC0058,1529.93,Shopping,Mumbai,Android,Collect Request,0,normal
TXN004436,2026-03-25 16:00:00,USER0716,REC0172,1233.97,Groceries,Chennai,Android,App,0,normal
TXN002500,2026-03-25 16:04:00,USER0379,REC0265,2753.54,Shopping,Delhi,Android,QR,0,normal
TXN008026,2026-03-25 16:17:00,USER0890,REC0394,430.67,Transfer,Hyderabad,Android,App,0,normal
TXN003643,2026-03-25 16:20:00,USER0983,REC0025,286.99,Food,Chennai,iOS,App,0,normal
TXN006173,2026-03-25 16:34:00,USER0892,REC0224,818.83,Shopping,Chennai,Android,QR,0,normal
TXN003003,2026-03-25 16:39:00,USER0068,REC0357,724.11,Food,Pune,Android,App,0,normal
TXN003313,2026-03-25 16:41:00,USER0134,REC0443,478.14,Shopping,Bengaluru,Android,QR,0,normal
TXN003114,2026-03-25 16:48:00,USER0855,REC0103,220.63,Transfer,Pune,iOS,Collect Request,0,normal
TXN005901,2026-03-25 16:54:00,USER0969,REC0481,902.93,Bills,Pune,Android,App,0,normal
TXN004132,2026-03-25 17:01:00,USER0811,REC0219,800.92,Bills,Hyderabad,Android,App,0,normal
TXN008393,2026-03-25 17:06:00,USER0396,REC0262,1348.95,Travel,Chennai,Android,QR,0,normal
TXN001516,2026-03-25 17:37:00,USER0494,REC0243,1862.49,Transfer,Chennai,iOS,QR,0,normal
TXN005948,2026-03-25 18:05:00,USER0015,REC0423,17630.06,Travel,Chennai,iOS,App,1,unusually_high_amount
TXN002862,2026-03-25 18:16:00,USER0412,REC0067,367.27,Travel,Hyderabad,Android,App,0,normal
TXN005738,2026-03-25 18:20:00,USER0589,REC0077,608.91,Shopping,Mumbai,Android,QR,0,normal
TXN008725,2026-03-25 18:27:00,USER0028,REC0101,550.2,Bills,Hyderabad,iOS,Collect Request,0,normal
TXN002413,2026-03-25 18:52:00,USER0388,REC0003,302.38,Shopping,Bengaluru,Android,App,0,normal
TXN009587,2026-03-25 19:24:00,USER0849,REC0490,345.93,Travel,Mumbai,iOS,App,0,normal
TXN000722,2026-03-25 19:28:00,USER0645,REC0412,1092.03,Transfer,Mumbai,iOS,QR,0,normal
TXN005804,2026-03-25 19:29:00,USER0624,REC0363,460.75,Groceries,Delhi,Android,QR,0,normal
TXN001751,2026-03-25 19:32:00,USER0112,REC0118,630.9,Bills,Bengaluru,Android,App,0,normal
TXN000693,2026-03-25 19:45:00,USER0699,REC0235,667.98,Bills,Pune,iOS,QR,0,normal
TXN001143,2026-03-25 19:48:00,USER0814,REC0257,802.13,Food,Bengaluru,Android,App,0,normal
TXN004840,2026-03-25 19:57:00,USER0097,REC0090,83.06,Bills,Hyderabad,Android,Collect Request,0,normal
TXN002733,2026-03-25 20:00:00,USER0626,REC0245,191.9,Transfer,Mumbai,Android,App,0,normal
TXN001273,2026-03-25 20:10:00,USER0514,REC0337,914.49,Groceries,Chennai,Android,App,0,normal
TXN005977,2026-03-25 20:12:00,USER0847,REC0094,390.23,Bills,Pune,Android,App,0,normal
TXN006653,2026-03-25 20:24:00,USER0855,REC0054,470.49,Food,Bengaluru,iOS,Collect Request,0,normal
TXN004989,2026-03-25 20:33:00,USER0017,REC0389,333.03,Travel,Pune,Android,App,0,normal
TXN006400,2026-03-25 20:40:00,USER0203,REC0205,356.5,Food,Bengaluru,iOS,App,0,normal
TXN001977,2026-03-25 20:41:00,USER0535,REC0153,482.39,Food,Hyderabad,Android,App,0,normal
TXN005248,2026-03-25 20:44:00,USER0139,REC0293,533.5,Shopping,Mumbai,iOS,App,0,normal
TXN007929,2026-03-25 20:58:00,USER0649,REC0307,396.36,Shopping,Chennai,Android,QR,0,normal
TXN004820,2026-03-25 20:59:00,USER0212,REC0296,1396.15,Shopping,Pune,Android,QR,0,normal
TXN008159,2026-03-25 21:12:00,USER0932,REC0193,454.01,Food,Chennai,Android,App,0,normal
TXN009520,2026-03-25 21:21:00,USER0245,REC0212,1679.91,Food,Bengaluru,iOS,App,0,normal
TXN006958,2026-03-25 21:21:00,USER0281,REC0378,1136.97,Travel,Delhi,Android,App,0,normal
TXN007055,2026-03-25 21:53:00,USER0248,REC0253,709.74,Groceries,Delhi,iOS,App,0,normal
TXN002572,2026-03-25 22:48:00,USER0561,REC0143,528.2,Food,Bengaluru,iOS,App,0,normal
TXN001533,2026-03-25 23:02:00,USER0945,REC0285,1062.66,Groceries,Hyderabad,Android,App,0,normal
TXN002228,2026-03-25 23:03:00,USER0953,REC0213,1130.41,Bills,Pune,Android,App,0,normal
TXN002887,2026-03-25 23:06:00,USER0801,REC0367,827.49,Transfer,Chennai,Android,Collect Request,0,normal
TXN003734,2026-03-25 23:08:00,USER0518,REC0176,388.88,Groceries,Delhi,iOS,App,0,normal
TXN007566,2026-03-25 23:14:00,USER0959,REC0361,489.18,Transfer,Pune,Android,Collect Request,0,normal
TXN000470,2026-03-25 23:19:00,USER0713,REC0391,921.38,Bills,Chennai,iOS,QR,0,normal
TXN000491,2026-03-25 23:45:00,USER0862,REC0282,390.61,Food,Pune,Android,App,0,normal
TXN004273,2026-03-25 23:57:00,USER0567,REC0364,450.91,Shopping,Bengaluru,Android,App,0,normal
TXN006622,2026-03-26 00:07:00,USER0895,REC0287,1251.59,Travel,Mumbai,iOS,Collect Request,0,normal
TXN008357,2026-03-26 00:43:00,USER0577,REC0447,867.66,Shopping,Chennai,Android,App,0,normal
TXN008571,2026-03-26 00:48:00,USER0190,REC0486,430.96,Shopping,Bengaluru,Android,App,0,normal
TXN009889,2026-03-26 01:07:00,USER0401,REC0127,809.33,Groceries,Pune,Android,QR,0,normal
TXN000409,2026-03-26 02:14:00,USER0371,REC0320,629.58,Bills,Delhi,Android,QR,0,normal
TXN001443,2026-03-26 02:51:00,USER0331,REC0210,1570.53,Travel,Delhi,iOS,Collect Request,0,normal
TXN007438,2026-03-26 02:54:00,USER0532,REC0307,599.99,Bills,Delhi,Android,QR,0,normal
TXN008634,2026-03-26 03:04:00,USER0887,REC0308,733.91,Food,Mumbai,Android,Collect Request,0,normal
TXN003439,2026-03-26 03:15:00,USER0361,REC0266,1373.48,Bills,Bengaluru,Android,QR,0,normal
TXN005949,2026-03-26 03:22:00,USER0248,REC0401,33200.54,Food,Chennai,Android,QR,1,unusually_high_amount
TXN006715,2026-03-26 03:27:00,USER0834,REC0141,299.88,Travel,Delhi,Android,QR,0,normal
TXN002695,2026-03-26 03:29:00,USER0420,REC0076,737.36,Food,Pune,iOS,App,0,normal
TXN005578,2026-03-26 03:30:00,USER0541,REC0390,364.99,Transfer,Chennai,Android,QR,0,normal
TXN001766,2026-03-26 04:25:00,USER0786,REC0384,895.52,Travel,Mumbai,Android,App,0,normal
TXN002458,2026-03-26 04:46:00,USER0453,REC0338,407.49,Food,Mumbai,Android,Collect Request,0,normal
TXN007658,2026-03-26 04:54:00,USER0179,REC0207,744.02,Shopping,Delhi,Android,App,0,normal
TXN007618,2026-03-26 05:04:00,USER0910,REC0305,1093.99,Bills,Mumbai,iOS,App,0,normal
TXN002631,2026-03-26 05:05:00,USER0011,REC0467,467.33,Transfer,Delhi,Android,App,0,normal
TXN002782,2026-03-26 05:29:00,USER0137,REC0169,224.88,Shopping,Delhi,iOS,QR,0,normal
TXN000680,2026-03-26 05:37:00,USER0278,REC0359,191.91,Transfer,Chennai,Android,App,0,normal
TXN002148,2026-03-26 05:37:00,USER0183,REC0164,115.58,Shopping,Bengaluru,Android,QR,0,normal
TXN005399,2026-03-26 05:43:00,USER0240,REC0461,1268.0,Shopping,Delhi,Android,QR,0,normal
TXN000348,2026-03-26 05:51:00,USER0047,REC0095,1524.48,Food,Bengaluru,Android,App,0,normal
TXN002169,2026-03-26 05:56:00,USER0943,REC0056,460.98,Shopping,Mumbai,Android,QR,0,normal
TXN000754,2026-03-26 06:02:00,USER0256,REC0283,1082.47,Transfer,Hyderabad,Android,Collect Request,0,normal
TXN000764,2026-03-26 06:03:00,USER0697,REC0308,618.54,Transfer,Bengaluru,Android,Collect Request,0,normal
TXN002878,2026-03-26 06:08:00,USER0855,REC0378,573.66,Shopping,Chennai,Android,QR,0,normal
TXN007462,2026-03-26 06:21:00,USER0224,REC0308,424.08,Groceries,Pune,Android,QR,0,normal
TXN002649,2026-03-26 06:21:00,USER0609,REC0329,738.73,Groceries,Delhi,Android,App,0,normal
TXN009727,2026-03-26 06:21:00,USER0424,REC0500,1225.45,Travel,Mumbai,Android,App,0,normal
TXN002289,2026-03-26 06:48:00,USER0266,REC0363,553.53,Groceries,Hyderabad,Android,QR,0,normal
TXN002942,2026-03-26 07:12:00,USER0402,REC0200,684.02,Food,Bengaluru,Android,App,0,normal
TXN005197,2026-03-26 07:20:00,USER0515,REC0282,464.14,Groceries,Hyderabad,Android,App,0,normal
TXN002953,2026-03-26 07:22:00,USER0905,REC0379,795.96,Groceries,Chennai,Android,QR,0,normal
TXN000382,2026-03-26 07:30:00,USER0609,REC0475,195.86,Groceries,Bengaluru,Android,App,0,normal
TXN007621,2026-03-26 07:38:00,USER0997,REC0209,278.12,Bills,Hyderabad,iOS,App,0,normal
TXN004208,2026-03-26 07:43:00,USER0063,REC0301,998.26,Groceries,Hyderabad,Android,App,0,normal
TXN006624,2026-03-26 07:43:00,USER0317,REC0341,312.1,Food,Chennai,iOS,App,0,normal
TXN002791,2026-03-26 07:48:00,USER0067,REC0262,470.67,Food,Mumbai,Android,QR,0,normal
TXN006362,2026-03-26 07:57:00,USER0255,REC0232,469.9,Groceries,Delhi,iOS,App,0,normal
TXN004404,2026-03-26 08:01:00,USER0344,REC0376,672.89,Groceries,Chennai,Android,Collect Request,0,normal
TXN008949,2026-03-26 08:14:00,USER0916,REC0071,2722.09,Shopping,Chennai,iOS,App,0,normal
TXN006914,2026-03-26 09:08:00,USER0953,REC0068,660.28,Bills,Hyderabad,Android,QR,0,normal
TXN009213,2026-03-26 09:22:00,USER0442,REC0398,1513.86,Bills,Chennai,Android,QR,0,normal
TXN006220,2026-03-26 09:26:00,USER0603,REC0064,662.26,Transfer,Delhi,Android,QR,0,normal
TXN005099,2026-03-26 09:37:00,USER0676,REC0336,710.21,Shopping,Pune,iOS,QR,0,normal
TXN000286,2026-03-26 09:42:00,USER0319,REC0161,2360.6,Bills,Mumbai,iOS,Collect Request,0,normal
TXN007705,2026-03-26 09:47:00,USER0256,REC0302,1291.41,Groceries,Chennai,iOS,App,0,normal
TXN001447,2026-03-26 10:07:00,USER0673,REC0445,380.77,Shopping,Mumbai,Android,Collect Request,0,normal
TXN000181,2026-03-26 10:11:00,USER0818,REC0330,356.59,Travel,Hyderabad,Android,App,0,normal
TXN006899,2026-03-26 10:20:00,USER0329,REC0208,1014.53,Transfer,Hyderabad,Android,App,0,normal
TXN003921,2026-03-26 10:33:00,USER0292,REC0023,1938.88,Shopping,Pune,iOS,App,0,normal
TXN006541,2026-03-26 10:41:00,USER0862,REC0352,84.33,Bills,Pune,Android,App,0,normal
TXN009911,2026-03-26 10:41:00,USER0620,REC0040,270.65,Groceries,Bengaluru,iOS,App,0,normal
TXN006201,2026-03-26 10:57:00,USER0788,REC0490,170.12,Groceries,Mumbai,Android,App,0,normal
TXN002233,2026-03-26 11:02:00,USER0473,REC0212,1045.13,Transfer,Bengaluru,iOS,App,0,normal
TXN009335,2026-03-26 11:07:00,USER0952,REC0473,267.4,Transfer,Bengaluru,iOS,App,0,normal
TXN008835,2026-03-26 11:07:00,USER0443,REC0132,595.73,Bills,Mumbai,iOS,Collect Request,0,normal
TXN003352,2026-03-26 11:11:00,USER0138,REC0108,1163.76,Food,Pune,Android,App,0,normal
TXN009244,2026-03-26 11:23:00,USER0733,REC0262,359.62,Food,Chennai,iOS,App,0,normal
TXN003743,2026-03-26 11:32:00,USER0379,REC0112,259.0,Groceries,Bengaluru,Android,QR,0,normal
TXN004477,2026-03-26 11:35:00,USER0824,REC0472,415.58,Shopping,Chennai,Android,App,0,normal
TXN000319,2026-03-26 11:43:00,USER0079,REC0454,229.46,Groceries,Pune,Android,QR,0,normal
TXN003553,2026-03-26 11:48:00,USER0831,REC0443,147.17,Groceries,Bengaluru,Android,QR,0,normal
TXN003172,2026-03-26 11:49:00,USER0258,REC0487,992.91,Food,Mumbai,Android,App,0,normal
TXN006775,2026-03-26 11:53:00,USER0312,REC0483,455.85,Food,Delhi,Android,App,0,normal
TXN009363,2026-03-26 12:44:00,USER0271,REC0153,1126.83,Bills,Hyderabad,iOS,QR,0,normal
TXN007113,2026-03-26 12:48:00,USER0351,REC0201,687.31,Transfer,Bengaluru,iOS,App,0,normal
TXN006373,2026-03-26 13:00:00,USER0971,REC0322,826.05,Groceries,Pune,Android,App,0,normal
TXN008555,2026-03-26 13:09:00,USER0180,REC0301,313.21,Bills,Delhi,Android,QR,0,normal
TXN001689,2026-03-26 13:15:00,USER0151,REC0006,1181.06,Travel,Delhi,Android,QR,0,normal
TXN005712,2026-03-26 13:25:00,USER0793,REC0316,804.39,Bills,Mumbai,Android,App,0,normal
TXN008664,2026-03-26 13:47:00,USER0048,REC0310,695.26,Food,Mumbai,Android,App,0,normal
TXN002097,2026-03-26 13:49:00,USER0318,REC0066,868.48,Groceries,Delhi,Android,App,0,normal
TXN007542,2026-03-26 14:07:00,USER0103,REC0476,1019.93,Food,Chennai,Android,App,0,normal
TXN008618,2026-03-26 14:21:00,USER0343,REC0212,1238.58,Transfer,Pune,iOS,App,0,normal
TXN002713,2026-03-26 14:24:00,USER0350,REC0422,329.07,Groceries,Bengaluru,Android,Collect Request,0,normal
TXN001910,2026-03-26 14:26:00,USER0431,REC0462,1985.37,Shopping,Bengaluru,iOS,QR,0,normal
TXN004381,2026-03-26 14:32:00,USER0351,REC0243,784.71,Transfer,Delhi,Android,App,0,normal
TXN008749,2026-03-26 14:59:00,USER0541,REC0108,1536.69,Food,Mumbai,Android,Collect Request,0,normal
TXN000081,2026-03-26 15:03:00,USER0129,REC0482,827.63,Bills,Bengaluru,Android,QR,0,normal
TXN005014,2026-03-26 15:09:00,USER0965,REC0353,501.69,Food,Hyderabad,Android,App,0,normal
TXN000936,2026-03-26 15:41:00,USER0142,REC0100,401.71,Shopping,Delhi,iOS,Collect Request,0,normal
TXN009628,2026-03-26 15:43:00,USER0056,REC0007,1070.92,Groceries,Chennai,Android,Collect Request,0,normal
TXN001109,2026-03-26 15:57:00,USER0230,REC0081,828.29,Food,Delhi,Android,Collect Request,0,normal
TXN003688,2026-03-26 16:43:00,USER0340,REC0268,824.34,Transfer,Delhi,Android,Collect Request,0,normal
TXN009828,2026-03-26 16:56:00,USER0253,REC0202,2646.63,Food,Pune,Android,QR,0,normal
TXN001837,2026-03-26 17:09:00,USER0796,REC0394,2028.42,Food,Mumbai,Android,App,0,normal
TXN005776,2026-03-26 17:21:00,USER0220,REC0119,318.85,Travel,Pune,Android,App,0,normal
TXN001874,2026-03-26 17:43:00,USER0240,REC0393,670.11,Transfer,Mumbai,Android,App,0,normal
TXN008831,2026-03-26 17:48:00,USER0779,REC0499,567.22,Travel,Bengaluru,Android,Collect Request,0,normal
TXN008661,2026-03-26 17:48:00,USER0048,REC0225,2168.39,Groceries,Pune,Android,App,0,normal
TXN004074,2026-03-26 19:35:00,USER0103,REC0253,1534.05,Shopping,Mumbai,iOS,App,0,normal
TXN005198,2026-03-26 19:48:00,USER0405,REC0325,161.18,Bills,Pune,Android,QR,0,normal
TXN006602,2026-03-26 19:49:00,USER0705,REC0328,1692.36,Bills,Delhi,Android,QR,0,normal
TXN003956,2026-03-26 19:56:00,USER0197,REC0235,1541.43,Bills,Chennai,Android,Collect Request,0,normal
TXN001681,2026-03-26 20:03:00,USER0273,REC0127,2489.86,Bills,Delhi,Android,App,0,normal
TXN007303,2026-03-26 20:32:00,USER0604,REC0247,759.88,Food,Delhi,Android,QR,0,normal
TXN002828,2026-03-26 21:42:00,USER0947,REC0278,987.1,Groceries,Delhi,Android,App,0,normal
TXN005397,2026-03-26 22:26:00,USER0213,REC0450,517.81,Groceries,Bengaluru,Android,QR,0,normal
TXN006325,2026-03-26 22:28:00,USER0197,REC0193,916.03,Food,Bengaluru,Android,QR,0,normal
TXN003310,2026-03-26 22:36:00,USER0521,REC0107,152.62,Groceries,Delhi,Android,QR,0,normal
TXN006260,2026-03-26 22:55:00,USER0441,REC0063,276.33,Groceries,Pune,Android,App,0,normal
TXN009362,2026-03-26 23:17:00,USER0574,REC0433,396.68,Bills,Chennai,Android,App,0,normal
TXN004960,2026-03-26 23:21:00,USER0909,REC0237,787.34,Bills,Mumbai,Android,App,0,normal
TXN006662,2026-03-26 23:21:00,USER0192,REC0131,367.96,Groceries,Hyderabad,Android,QR,0,normal
TXN007906,2026-03-26 23:50:00,USER0330,REC0451,1457.56,Groceries,Hyderabad,Android,App,0,normal
TXN003705,2026-03-27 00:04:00,USER0577,REC0104,1329.83,Food,Pune,Android,App,0,normal
TXN006776,2026-03-27 00:11:00,USER0583,REC0424,686.34,Bills,Mumbai,Android,QR,0,normal
TXN004965,2026-03-27 00:34:00,USER0024,REC0412,204.28,Travel,Bengaluru,iOS,QR,0,normal
TXN004237,2026-03-27 00:43:00,USER0887,REC0359,650.76,Shopping,Pune,Android,App,0,normal
TXN005532,2026-03-27 00:46:00,USER0004,REC0065,1870.14,Groceries,Bengaluru,Android,App,0,normal
TXN004723,2026-03-27 01:12:00,USER0723,REC0154,1544.29,Bills,Hyderabad,Android,Collect Request,0,normal
TXN008005,2026-03-27 01:18:00,USER0038,REC0156,2202.72,Bills,Bengaluru,Android,QR,0,normal
TXN003462,2026-03-27 01:31:00,USER0807,REC0429,2195.01,Travel,Mumbai,Android,App,0,normal
TXN004122,2026-03-27 02:05:00,USER0171,REC0059,1094.53,Travel,Hyderabad,Android,QR,0,normal
TXN002918,2026-03-27 02:41:00,USER0511,REC0450,253.73,Bills,Hyderabad,iOS,QR,0,normal
TXN002221,2026-03-27 03:08:00,USER0617,REC0048,612.01,Transfer,Pune,Android,App,0,normal
TXN005501,2026-03-27 03:15:00,USER0445,REC0126,401.41,Travel,Bengaluru,Android,QR,0,normal
TXN000926,2026-03-27 03:24:00,USER0107,REC0009,183.65,Bills,Bengaluru,Android,App,0,normal
TXN000694,2026-03-27 03:25:00,USER0724,REC0273,825.32,Groceries,Chennai,iOS,App,0,normal
TXN009165,2026-03-27 03:28:00,USER0960,REC0159,262.68,Groceries,Chennai,iOS,App,0,normal
TXN006483,2026-03-27 03:45:00,USER0033,REC0167,1117.54,Travel,Chennai,Android,App,0,normal
TXN002397,2026-03-27 04:36:00,USER0979,REC0246,261.55,Groceries,Hyderabad,Android,App,0,normal
TXN004911,2026-03-27 04:52:00,USER0284,REC0468,180.57,Shopping,Mumbai,Android,QR,0,normal
TXN003961,2026-03-27 05:13:00,USER0627,REC0336,963.52,Groceries,Hyderabad,Android,App,0,normal
TXN008052,2026-03-27 05:17:00,USER0525,REC0186,576.37,Groceries,Delhi,Android,QR,0,normal
TXN007916,2026-03-27 05:20:00,USER0651,REC0195,652.45,Groceries,Chennai,iOS,QR,0,normal
TXN002744,2026-03-27 06:12:00,USER0052,REC0218,1802.67,Groceries,Pune,Android,QR,0,normal
TXN005057,2026-03-27 06:20:00,USER0716,REC0371,1283.88,Bills,Mumbai,Android,QR,0,normal
TXN004438,2026-03-27 06:35:00,USER0276,REC0493,313.69,Travel,Mumbai,Android,QR,0,normal
TXN002054,2026-03-27 06:40:00,USER0152,REC0011,323.63,Groceries,Bengaluru,iOS,QR,0,normal
TXN000383,2026-03-27 07:05:00,USER0208,REC0340,503.08,Groceries,Pune,Android,QR,0,normal
TXN008379,2026-03-27 07:08:00,USER0477,REC0459,1091.24,Bills,Pune,iOS,App,0,normal
TXN000949,2026-03-27 07:21:00,USER0913,REC0138,1252.01,Travel,Delhi,Android,App,0,normal
TXN003441,2026-03-27 07:34:00,USER0841,REC0025,922.6,Groceries,Pune,Android,QR,0,normal
TXN006034,2026-03-27 07:59:00,USER0764,REC0345,252.74,Bills,Bengaluru,iOS,QR,0,normal
TXN004687,2026-03-27 08:29:00,USER0240,REC0309,1240.34,Shopping,Delhi,iOS,App,0,normal
TXN006507,2026-03-27 08:33:00,USER0608,REC0001,342.96,Bills,Delhi,Android,App,0,normal
TXN002528,2026-03-27 09:04:00,USER0705,REC0144,1304.74,Food,Hyderabad,Android,App,0,normal
TXN005382,2026-03-27 09:04:00,USER0032,REC0151,1313.19,Bills,Hyderabad,Android,App,0,normal
TXN000571,2026-03-27 09:29:00,USER0784,REC0166,749.81,Transfer,Bengaluru,iOS,App,0,normal
TXN002908,2026-03-27 09:30:00,USER0274,REC0045,1197.67,Shopping,Bengaluru,Android,QR,0,normal
TXN000640,2026-03-27 09:31:00,USER0329,REC0209,856.25,Shopping,Chennai,iOS,App,0,normal
TXN004602,2026-03-27 09:34:00,USER0457,REC0078,1747.81,Groceries,Delhi,Android,Collect Request,0,normal
TXN000763,2026-03-27 09:58:00,USER0808,REC0248,252.26,Bills,Mumbai,iOS,QR,0,normal
TXN000965,2026-03-27 10:08:00,USER0396,REC0200,1376.03,Food,Hyderabad,Android,App,0,normal
TXN007730,2026-03-27 10:23:00,USER0068,REC0079,776.08,Groceries,Hyderabad,Android,QR,0,normal
TXN003186,2026-03-27 10:28:00,USER0435,REC0451,635.47,Bills,Delhi,iOS,App,0,normal
TXN009712,2026-03-27 11:04:00,USER0096,REC0306,226.42,Bills,Delhi,iOS,QR,0,normal
TXN008102,2026-03-27 11:08:00,USER0090,REC0152,203.96,Shopping,Chennai,iOS,QR,0,normal
TXN008692,2026-03-27 11:12:00,USER0578,REC0195,426.94,Groceries,Bengaluru,Android,App,0,normal
TXN001727,2026-03-27 11:27:00,USER0695,REC0165,534.7,Shopping,Pune,Android,QR,0,normal
TXN009549,2026-03-27 11:30:00,USER0458,REC0395,129.77,Bills,Delhi,Android,App,0,normal
TXN007791,2026-03-27 11:32:00,USER0524,REC0145,615.38,Food,Chennai,Android,App,0,normal
TXN004468,2026-03-27 11:40:00,USER0374,REC0038,78.54,Groceries,Bengaluru,Android,QR,0,normal
TXN001421,2026-03-27 11:51:00,USER0543,REC0098,319.03,Transfer,Mumbai,Android,QR,0,normal
TXN005108,2026-03-27 12:00:00,USER0222,REC0253,374.43,Travel,Hyderabad,Android,QR,0,normal
TXN002028,2026-03-27 12:07:00,USER0627,REC0145,420.82,Bills,Delhi,iOS,App,0,normal
TXN009571,2026-03-27 12:11:00,USER0052,REC0047,341.45,Transfer,Hyderabad,Android,QR,0,normal
TXN005006,2026-03-27 13:04:00,USER0189,REC0122,1895.35,Groceries,Delhi,Android,App,0,normal
TXN005200,2026-03-27 13:26:00,USER0600,REC0197,958.2,Groceries,Pune,Android,App,0,normal
TXN008242,2026-03-27 14:15:00,USER0610,REC0239,115.12,Groceries,Chennai,iOS,App,0,normal
TXN000776,2026-03-27 14:34:00,USER0191,REC0301,554.25,Food,Pune,Android,QR,0,normal
TXN007198,2026-03-27 14:45:00,USER0427,REC0172,298.23,Transfer,Pune,Android,App,0,normal
TXN006538,2026-03-27 15:19:00,USER0732,REC0214,936.28,Transfer,Chennai,Android,Collect Request,0,normal
TXN001295,2026-03-27 15:42:00,USER0825,REC0256,329.52,Food,Pune,Android,App,0,normal
TXN003902,2026-03-27 16:09:00,USER0596,REC0428,618.78,Transfer,Hyderabad,Android,App,0,normal
TXN008714,2026-03-27 16:45:00,USER0984,REC0073,1183.66,Travel,Mumbai,Android,App,0,normal
TXN001930,2026-03-27 16:51:00,USER0695,REC0269,643.22,Shopping,Hyderabad,Android,App,0,normal
TXN007376,2026-03-27 16:56:00,USER0257,REC0162,1417.19,Groceries,Hyderabad,Android,QR,0,normal
TXN000671,2026-03-27 17:25:00,USER0281,REC0326,327.07,Shopping,Pune,Android,App,0,normal
TXN004199,2026-03-27 17:29:00,USER0783,REC0231,931.73,Shopping,Mumbai,Android,App,0,normal
TXN000340,2026-03-27 18:15:00,USER0332,REC0074,703.55,Bills,Chennai,Android,App,0,normal
TXN003575,2026-03-27 18:17:00,USER0641,REC0318,1143.15,Travel,Pune,Android,App,0,normal
TXN002122,2026-03-27 18:18:00,USER0636,REC0208,385.82,Shopping,Mumbai,Android,QR,0,normal
TXN007756,2026-03-27 18:19:00,USER0691,REC0136,664.59,Groceries,Pune,Android,App,0,normal
TXN004643,2026-03-27 18:23:00,USER0728,REC0190,631.99,Shopping,Mumbai,Android,App,0,normal
TXN004006,2026-03-27 18:25:00,USER0599,REC0038,302.74,Shopping,Pune,iOS,QR,0,normal
TXN002387,2026-03-27 18:25:00,USER0537,REC0155,308.71,Transfer,Chennai,Android,App,0,normal
TXN001832,2026-03-27 18:28:00,USER0595,REC0483,1174.34,Bills,Hyderabad,iOS,App,0,normal
TXN003840,2026-03-27 18:48:00,USER0595,REC0221,103.83,Groceries,Mumbai,Android,Collect Request,0,normal
TXN001269,2026-03-27 18:48:00,USER0858,REC0022,497.21,Travel,Chennai,Android,App,0,normal
TXN001934,2026-03-27 18:55:00,USER0773,REC0257,834.81,Transfer,Mumbai,Android,App,0,normal
TXN006202,2026-03-27 18:55:00,USER0200,REC0018,1951.34,Bills,Delhi,Android,App,0,normal
TXN005673,2026-03-27 19:01:00,USER0256,REC0221,189.89,Bills,Hyderabad,Android,QR,0,normal
TXN008116,2026-03-27 19:23:00,USER0995,REC0189,535.8,Shopping,Pune,Android,App,0,normal
TXN000293,2026-03-27 20:08:00,USER0078,REC0383,1848.32,Groceries,Pune,iOS,App,0,normal
TXN007942,2026-03-27 20:18:00,USER0866,REC0410,201.46,Groceries,Bengaluru,iOS,QR,0,normal
TXN006474,2026-03-27 20:52:00,USER0926,REC0056,315.39,Transfer,Chennai,Android,QR,0,normal
TXN006559,2026-03-27 20:56:00,USER0791,REC0167,763.63,Groceries,Chennai,Android,QR,0,normal
TXN006760,2026-03-27 21:13:00,USER0423,REC0433,146.93,Bills,Mumbai,Android,App,0,normal
TXN002165,2026-03-27 21:37:00,USER0118,REC0352,1487.32,Bills,Delhi,Android,QR,0,normal
TXN008675,2026-03-27 22:31:00,USER0804,REC0270,567.64,Food,Pune,Android,QR,0,normal
TXN001784,2026-03-27 22:34:00,USER0589,REC0121,674.85,Bills,Mumbai,Android,App,0,normal
TXN008833,2026-03-27 22:49:00,USER0805,REC0398,530.8,Groceries,Pune,Android,App,0,normal
TXN001440,2026-03-27 23:33:00,USER0101,REC0282,198.61,Transfer,Chennai,Android,App,0,normal
TXN009588,2026-03-27 23:37:00,USER0045,REC0422,1861.12,Shopping,Mumbai,iOS,App,0,normal
TXN004599,2026-03-27 23:59:00,USER0400,REC0226,489.38,Food,Delhi,iOS,Collect Request,0,normal
TXN000448,2026-03-28 00:08:00,USER0103,REC0354,858.65,Groceries,Pune,Android,App,0,normal
TXN002389,2026-03-28 00:20:00,USER0770,REC0152,875.8,Shopping,Chennai,Android,App,0,normal
TXN005648,2026-03-28 00:39:00,USER0254,REC0322,191.98,Groceries,Bengaluru,iOS,QR,0,normal
TXN003036,2026-03-28 01:03:00,USER0652,REC0216,140.05,Transfer,Mumbai,Android,App,0,normal
TXN000515,2026-03-28 01:05:00,USER0353,REC0124,857.55,Travel,Mumbai,Android,App,1,late_night_payment
TXN008518,2026-03-28 01:21:00,USER0392,REC0207,356.82,Groceries,Mumbai,Android,Collect Request,0,normal
TXN005070,2026-03-28 01:31:00,USER0334,REC0155,690.94,Transfer,Chennai,Android,App,1,late_night_payment
TXN002543,2026-03-28 02:01:00,USER0069,REC0392,429.28,Groceries,Delhi,Android,Collect Request,0,normal
TXN008522,2026-03-28 02:06:00,USER0985,REC0271,610.23,Food,Bengaluru,iOS,App,1,late_night_payment
TXN006595,2026-03-28 02:28:00,USER0046,REC0170,215.1,Shopping,Pune,Android,App,0,normal
TXN006985,2026-03-28 02:51:00,USER0898,REC0261,1063.01,Bills,Chennai,iOS,App,0,normal
TXN004872,2026-03-28 03:03:00,USER0435,REC0252,691.02,Food,Pune,iOS,App,0,normal
TXN005715,2026-03-28 03:38:00,USER0292,REC0116,419.46,Bills,Hyderabad,Android,App,0,normal
TXN005898,2026-03-28 04:37:00,USER0287,REC0132,471.24,Shopping,Chennai,Android,App,0,normal
TXN006324,2026-03-28 04:42:00,USER0553,REC0103,121.83,Transfer,Mumbai,Android,App,1,late_night_payment
TXN007425,2026-03-28 04:42:00,USER0388,REC0178,938.61,Bills,Mumbai,Android,App,0,normal
TXN001083,2026-03-28 05:18:00,USER0664,REC0125,805.66,Shopping,Mumbai,Android,QR,0,normal
TXN001054,2026-03-28 06:12:00,USER0307,REC0482,327.99,Shopping,Hyderabad,iOS,Collect Request,0,normal
TXN003488,2026-03-28 06:23:00,USER0009,REC0146,438.32,Groceries,Delhi,Android,App,0,normal
TXN009045,2026-03-28 06:28:00,USER0856,REC0288,419.26,Groceries,Delhi,iOS,App,0,normal
TXN000274,2026-03-28 06:29:00,USER0056,REC0368,1122.82,Shopping,Mumbai,Android,App,0,normal
TXN002770,2026-03-28 06:48:00,USER0174,REC0167,756.03,Bills,Chennai,Android,App,0,normal
TXN000684,2026-03-28 07:10:00,USER0043,REC0488,414.98,Food,Chennai,Android,QR,0,normal
TXN008761,2026-03-28 07:12:00,USER0853,REC0475,265.38,Bills,Chennai,Android,App,0,normal
TXN007477,2026-03-28 07:23:00,USER0039,REC0181,494.97,Bills,Mumbai,Android,QR,0,normal
TXN003645,2026-03-28 07:24:00,USER0321,REC0121,577.19,Food,Pune,Android,App,0,normal
TXN007904,2026-03-28 07:29:00,USER0502,REC0395,520.44,Groceries,Pune,Android,QR,0,normal
TXN007022,2026-03-28 07:35:00,USER0289,REC0185,3541.78,Travel,Hyderabad,Android,QR,0,normal
TXN004982,2026-03-28 07:38:00,USER0948,REC0001,1387.27,Groceries,Hyderabad,Android,QR,0,normal
TXN007690,2026-03-28 07:39:00,USER0779,REC0373,37159.48,Bills,Delhi,Android,App,1,unusually_high_amount
TXN001376,2026-03-28 07:53:00,USER0196,REC0437,557.35,Groceries,Mumbai,Android,App,0,normal
TXN001810,2026-03-28 08:09:00,USER0465,REC0123,990.08,Transfer,Delhi,Android,App,0,normal
TXN006206,2026-03-28 08:15:00,USER0749,REC0206,846.89,Bills,Pune,iOS,Collect Request,0,normal
TXN009995,2026-03-28 08:31:00,USER0730,REC0496,348.31,Groceries,Mumbai,Android,App,0,normal
TXN005244,2026-03-28 08:43:00,USER0742,REC0390,394.37,Transfer,Delhi,Android,App,0,normal
TXN003839,2026-03-28 08:54:00,USER0703,REC0288,154.98,Food,Hyderabad,Android,App,0,normal
TXN006542,2026-03-28 08:54:00,USER0488,REC0151,1183.0,Groceries,Delhi,iOS,App,0,normal
TXN000195,2026-03-28 08:56:00,USER0901,REC0433,225.84,Transfer,Pune,iOS,QR,0,normal
TXN001448,2026-03-28 09:06:00,USER0889,REC0085,908.65,Food,Hyderabad,Android,QR,0,normal
TXN001939,2026-03-28 09:11:00,USER0607,REC0202,252.02,Shopping,Pune,Android,App,0,normal
TXN004095,2026-03-28 09:15:00,USER0328,REC0374,1671.22,Groceries,Mumbai,Android,Collect Request,0,normal
TXN000683,2026-03-28 09:28:00,USER0698,REC0237,829.12,Transfer,Mumbai,Android,Collect Request,0,normal
TXN009271,2026-03-28 09:43:00,USER0316,REC0273,691.52,Transfer,Delhi,Android,QR,0,normal
TXN007574,2026-03-28 10:05:00,USER0617,REC0281,20366.91,Food,Delhi,Android,QR,1,unusually_high_amount
TXN000451,2026-03-28 10:12:00,USER0800,REC0224,582.5,Shopping,Mumbai,Android,QR,0,normal
TXN003211,2026-03-28 10:19:00,USER0079,REC0395,875.6,Bills,Pune,Android,QR,0,normal
TXN000649,2026-03-28 10:39:00,USER0347,REC0175,219.02,Shopping,Hyderabad,Android,QR,0,normal
TXN003753,2026-03-28 10:47:00,USER0942,REC0446,1340.87,Transfer,Bengaluru,iOS,App,0,normal
TXN002117,2026-03-28 10:51:00,USER0237,REC0329,239.7,Bills,Pune,Android,QR,0,normal
TXN003004,2026-03-28 10:52:00,USER0327,REC0260,184.61,Transfer,Pune,Android,QR,0,normal
TXN003398,2026-03-28 10:57:00,USER0722,REC0410,500.58,Groceries,Hyderabad,iOS,QR,0,normal
TXN004937,2026-03-28 11:20:00,USER0935,REC0139,337.04,Bills,Chennai,Android,App,0,normal
TXN003635,2026-03-28 11:35:00,USER0586,REC0108,505.93,Transfer,Hyderabad,Android,QR,0,normal
TXN003383,2026-03-28 11:46:00,USER0774,REC0022,697.76,Bills,Chennai,Android,App,0,normal
TXN002731,2026-03-28 11:52:00,USER0902,REC0340,209.32,Groceries,Hyderabad,iOS,QR,0,normal
TXN007544,2026-03-28 12:19:00,USER0969,REC0198,707.2,Bills,Delhi,iOS,QR,0,normal
TXN000751,2026-03-28 12:24:00,USER0522,REC0446,913.92,Groceries,Pune,Android,QR,0,normal
TXN005431,2026-03-28 12:52:00,USER0761,REC0405,181.52,Shopping,Delhi,Android,App,0,normal
TXN001223,2026-03-28 12:53:00,USER0453,REC0408,1543.67,Food,Hyderabad,Android,QR,0,normal
TXN001700,2026-03-28 12:56:00,USER0786,REC0254,206.31,Transfer,Chennai,Android,Collect Request,0,normal
TXN008861,2026-03-28 13:04:00,USER0270,REC0478,508.45,Bills,Pune,Android,QR,0,normal
TXN000999,2026-03-28 13:25:00,USER0553,REC0300,385.14,Groceries,Chennai,Android,App,0,normal
TXN007560,2026-03-28 13:33:00,USER0238,REC0298,970.16,Bills,Bengaluru,Android,QR,0,normal
TXN002363,2026-03-28 13:34:00,USER0974,REC0420,948.81,Shopping,Pune,Android,Collect Request,0,normal
TXN007454,2026-03-28 13:40:00,USER0991,REC0230,566.33,Shopping,Chennai,Android,QR,0,normal
TXN000200,2026-03-28 13:41:00,USER0862,REC0117,272.88,Transfer,Mumbai,iOS,App,0,normal
TXN008342,2026-03-28 13:57:00,USER0172,REC0419,801.92,Shopping,Mumbai,Android,App,0,normal
TXN008213,2026-03-28 14:05:00,USER0341,REC0137,472.34,Shopping,Delhi,Android,Collect Request,0,normal
TXN002677,2026-03-28 14:15:00,USER0461,REC0256,299.34,Food,Pune,Android,App,0,normal
TXN003664,2026-03-28 14:21:00,USER0619,REC0106,168.4,Bills,Mumbai,iOS,QR,0,normal
TXN001377,2026-03-28 14:38:00,USER0964,REC0351,1068.06,Transfer,Pune,Android,App,0,normal
TXN002143,2026-03-28 14:53:00,USER0076,REC0202,663.3,Travel,Bengaluru,Android,App,0,normal
TXN000503,2026-03-28 15:14:00,USER0656,REC0058,549.37,Groceries,Delhi,Android,QR,0,normal
TXN002513,2026-03-28 15:16:00,USER0987,REC0388,1304.82,Travel,Hyderabad,Android,QR,0,normal
TXN008237,2026-03-28 15:23:00,USER0996,REC0421,539.02,Food,Pune,Android,QR,0,normal
TXN005053,2026-03-28 15:25:00,USER0572,REC0038,662.4,Groceries,Mumbai,iOS,App,0,normal
TXN001369,2026-03-28 16:23:00,USER0855,REC0478,397.54,Travel,Delhi,iOS,App,0,normal
TXN000853,2026-03-28 16:29:00,USER0924,REC0233,417.3,Groceries,Bengaluru,iOS,App,0,normal
TXN001210,2026-03-28 16:32:00,USER0549,REC0216,1084.39,Travel,Chennai,iOS,Collect Request,0,normal
TXN000337,2026-03-28 16:32:00,USER0250,REC0442,417.23,Bills,Delhi,Android,App,0,normal
TXN001243,2026-03-28 16:37:00,USER0278,REC0350,634.48,Groceries,Pune,Android,QR,0,normal
TXN008037,2026-03-28 17:04:00,USER0624,REC0242,443.35,Transfer,Bengaluru,Android,App,0,normal
TXN005975,2026-03-28 17:08:00,USER0662,REC0391,461.48,Travel,Bengaluru,Android,QR,0,normal
TXN008457,2026-03-28 17:16:00,USER0788,REC0430,579.32,Bills,Hyderabad,iOS,App,0,normal
TXN002670,2026-03-28 17:19:00,USER0747,REC0054,500.43,Groceries,Bengaluru,Android,QR,0,normal
TXN006144,2026-03-28 18:16:00,USER0534,REC0073,166.22,Bills,Chennai,Android,App,0,normal
TXN007240,2026-03-28 18:51:00,USER0727,REC0355,589.87,Groceries,Pune,Android,QR,0,normal
TXN002814,2026-03-28 19:02:00,USER0963,REC0338,273.23,Travel,Chennai,Android,QR,0,normal
TXN003214,2026-03-28 19:21:00,USER0866,REC0320,532.86,Bills,Mumbai,Android,QR,0,normal
TXN006188,2026-03-28 19:29:00,USER0991,REC0381,510.06,Shopping,Pune,Android,App,0,normal
TXN004357,2026-03-28 20:30:00,USER0981,REC0390,169.84,Bills,Bengaluru,iOS,Collect Request,0,normal
TXN007264,2026-03-28 20:42:00,USER0517,REC0428,678.56,Food,Chennai,Android,QR,0,normal
TXN006773,2026-03-28 21:08:00,USER0134,REC0304,1089.38,Groceries,Pune,Android,App,0,normal
TXN002837,2026-03-28 21:12:00,USER0120,REC0387,111.5,Transfer,Mumbai,Android,App,0,normal
TXN002668,2026-03-28 21:17:00,USER0470,REC0208,583.54,Transfer,Pune,Android,QR,0,normal
TXN004510,2026-03-28 22:59:00,USER0538,REC0027,850.95,Groceries,Bengaluru,Android,QR,0,normal
TXN000466,2026-03-28 23:03:00,USER0406,REC0168,294.73,Bills,Delhi,Android,App,0,normal
TXN006592,2026-03-28 23:12:00,USER0416,REC0129,882.47,Travel,Delhi,iOS,Collect Request,0,normal
TXN004987,2026-03-28 23:26:00,USER0090,REC0453,863.33,Groceries,Mumbai,Android,App,0,normal
TXN009447,2026-03-28 23:42:00,USER0049,REC0440,251.31,Bills,Hyderabad,iOS,QR,0,normal
TXN009055,2026-03-29 00:07:00,USER0038,REC0333,1179.59,Bills,Delhi,Android,App,0,normal
TXN006940,2026-03-29 00:12:00,USER0361,REC0123,349.73,Bills,Pune,Android,QR,0,normal
TXN003689,2026-03-29 00:17:00,USER0256,REC0205,246.19,Bills,Bengaluru,Android,QR,0,normal
TXN008122,2026-03-29 00:19:00,USER0858,REC0077,320.4,Shopping,Delhi,iOS,App,0,normal
TXN009570,2026-03-29 00:36:00,USER0517,REC0057,375.54,Shopping,Hyderabad,Android,QR,0,normal
TXN000609,2026-03-29 00:41:00,USER0164,REC0178,1063.36,Food,Chennai,Android,QR,0,normal
TXN004921,2026-03-29 00:44:00,USER0544,REC0046,407.9,Shopping,Pune,Android,QR,1,late_night_payment
TXN004761,2026-03-29 00:59:00,USER0544,REC0031,2438.46,Shopping,Chennai,Android,QR,0,normal
TXN007059,2026-03-29 01:37:00,USER0730,REC0432,893.87,Bills,Delhi,iOS,App,0,normal
TXN008561,2026-03-29 01:43:00,USER0559,REC0477,383.21,Bills,Delhi,Android,QR,0,normal
TXN007959,2026-03-29 01:45:00,USER0293,REC0157,433.61,Groceries,Delhi,iOS,QR,0,normal
TXN000064,2026-03-29 01:49:00,USER0852,REC0376,1157.79,Shopping,Pune,iOS,QR,0,normal
TXN004364,2026-03-29 02:00:00,USER0437,REC0405,1780.68,Transfer,Mumbai,Android,QR,0,normal
TXN009611,2026-03-29 02:08:00,USER0197,REC0167,1767.1,Bills,Hyderabad,Android,QR,0,normal
TXN005814,2026-03-29 02:40:00,USER0619,REC0383,251.58,Transfer,Hyderabad,Android,App,0,normal
TXN003663,2026-03-29 03:08:00,USER0583,REC0472,502.25,Travel,Mumbai,iOS,QR,0,normal
TXN000861,2026-03-29 03:18:00,USER0025,REC0149,916.24,Bills,Bengaluru,Android,App,0,normal
TXN001567,2026-03-29 03:26:00,USER0131,REC0497,1797.53,Groceries,Chennai,Android,App,0,normal
TXN000797,2026-03-29 03:33:00,USER0374,REC0305,933.21,Shopping,Chennai,iOS,App,0,normal
TXN007009,2026-03-29 03:42:00,USER0402,REC0013,521.76,Shopping,Hyderabad,iOS,QR,0,normal
TXN002599,2026-03-29 03:55:00,USER0435,REC0147,358.54,Food,Delhi,Android,App,0,normal
TXN002806,2026-03-29 04:30:00,USER0003,REC0083,235.23,Groceries,Hyderabad,iOS,App,0,normal
TXN009655,2026-03-29 04:58:00,USER0420,REC0043,525.29,Shopping,Chennai,iOS,App,1,late_night_payment
TXN000208,2026-03-29 05:25:00,USER0615,REC0404,340.47,Food,Hyderabad,Android,App,0,normal
TXN008371,2026-03-29 05:34:00,USER0128,REC0274,782.08,Groceries,Hyderabad,Android,App,0,normal
TXN002579,2026-03-29 05:41:00,USER0372,REC0065,685.01,Travel,Hyderabad,iOS,QR,0,normal
TXN000417,2026-03-29 05:42:00,USER0156,REC0496,897.25,Bills,Delhi,Android,App,0,normal
TXN008928,2026-03-29 05:48:00,USER0158,REC0127,642.28,Groceries,Bengaluru,Android,Collect Request,0,normal
TXN000355,2026-03-29 05:50:00,USER0604,REC0261,977.8,Food,Chennai,iOS,App,0,normal
TXN003944,2026-03-29 06:01:00,USER0362,REC0114,396.29,Groceries,Mumbai,iOS,App,0,normal
TXN003283,2026-03-29 06:08:00,USER0709,REC0252,1070.6,Food,Hyderabad,Android,QR,0,normal
TXN007337,2026-03-29 06:29:00,USER0294,REC0189,780.82,Transfer,Delhi,Android,App,0,normal
TXN004360,2026-03-29 06:42:00,USER0326,REC0191,110.29,Groceries,Bengaluru,iOS,App,0,normal
TXN005924,2026-03-29 06:45:00,USER0260,REC0307,502.5,Groceries,Hyderabad,Android,App,0,normal
TXN001226,2026-03-29 06:48:00,USER0287,REC0440,672.19,Transfer,Mumbai,Android,QR,0,normal
TXN005094,2026-03-29 07:03:00,USER0532,REC0424,929.38,Transfer,Hyderabad,iOS,QR,0,normal
TXN007003,2026-03-29 07:09:00,USER0856,REC0310,32713.73,Food,Chennai,Android,App,1,unusually_high_amount
TXN003949,2026-03-29 07:11:00,USER0295,REC0041,254.52,Shopping,Mumbai,Android,App,0,normal
TXN008960,2026-03-29 07:29:00,USER0720,REC0235,494.82,Groceries,Delhi,iOS,App,0,normal
TXN003908,2026-03-29 07:38:00,USER0632,REC0497,408.87,Groceries,Pune,Android,QR,0,normal
TXN002589,2026-03-29 07:42:00,USER0644,REC0493,1278.79,Bills,Bengaluru,Android,App,0,normal
TXN001233,2026-03-29 07:57:00,USER0151,REC0113,214.39,Groceries,Bengaluru,Android,App,0,normal
TXN006425,2026-03-29 08:23:00,USER0755,REC0374,1722.98,Transfer,Hyderabad,Android,QR,0,normal
TXN002611,2026-03-29 08:37:00,USER0843,REC0126,447.7,Transfer,Chennai,Android,QR,0,normal
TXN000046,2026-03-29 08:42:00,USER0880,REC0156,654.3,Bills,Delhi,iOS,QR,0,normal
TXN003912,2026-03-29 08:44:00,USER0478,REC0331,900.69,Food,Mumbai,Android,QR,0,normal
TXN002542,2026-03-29 09:06:00,USER0462,REC0160,267.59,Shopping,Delhi,Android,App,0,normal
TXN001955,2026-03-29 09:14:00,USER0363,REC0471,882.42,Shopping,Pune,Android,QR,0,normal
TXN009185,2026-03-29 09:27:00,USER0105,REC0304,388.91,Groceries,Bengaluru,Android,App,0,normal
TXN004136,2026-03-29 09:39:00,USER0948,REC0483,2023.68,Food,Pune,iOS,App,0,normal
TXN004793,2026-03-29 09:40:00,USER0456,REC0003,1195.94,Food,Delhi,Android,App,0,normal
TXN004325,2026-03-29 09:46:00,USER0173,REC0464,2595.18,Groceries,Mumbai,Android,QR,0,normal
TXN007028,2026-03-29 09:55:00,USER0961,REC0256,1478.24,Groceries,Mumbai,Android,App,0,normal
TXN003511,2026-03-29 10:06:00,USER0843,REC0382,3713.19,Transfer,Bengaluru,Android,App,0,normal
TXN006502,2026-03-29 10:08:00,USER0395,REC0381,711.3,Groceries,Chennai,iOS,App,0,normal
TXN000959,2026-03-29 10:21:00,USER0659,REC0446,797.79,Bills,Delhi,Android,QR,0,normal
TXN002840,2026-03-29 11:05:00,USER0691,REC0472,351.03,Groceries,Chennai,Android,App,0,normal
TXN000404,2026-03-29 11:08:00,USER0173,REC0385,167.33,Food,Delhi,iOS,App,0,normal
TXN005422,2026-03-29 11:30:00,USER0435,REC0332,588.06,Food,Mumbai,iOS,App,0,normal
TXN004582,2026-03-29 11:40:00,USER0369,REC0347,1562.85,Travel,Pune,Android,App,0,normal
TXN003516,2026-03-29 12:16:00,USER0886,REC0174,164.73,Shopping,Bengaluru,Android,App,0,normal
TXN006643,2026-03-29 12:48:00,USER0030,REC0436,709.83,Groceries,Bengaluru,Android,QR,0,normal
TXN000441,2026-03-29 13:56:00,USER0496,REC0214,351.07,Food,Bengaluru,Android,App,0,normal
TXN009220,2026-03-29 14:13:00,USER0367,REC0489,1535.75,Food,Delhi,Android,QR,0,normal
TXN002963,2026-03-29 14:19:00,USER0099,REC0235,907.57,Groceries,Chennai,Android,QR,0,normal
TXN007130,2026-03-29 14:25:00,USER0416,REC0335,1037.26,Groceries,Chennai,iOS,QR,0,normal
TXN000947,2026-03-29 14:33:00,USER0787,REC0335,355.08,Groceries,Pune,Android,QR,0,normal
TXN008904,2026-03-29 15:06:00,USER0251,REC0456,372.68,Groceries,Bengaluru,Android,QR,0,normal
TXN004137,2026-03-29 15:44:00,USER0351,REC0022,2830.87,Groceries,Hyderabad,iOS,QR,0,normal
TXN005649,2026-03-29 16:08:00,USER0570,REC0263,232.74,Travel,Mumbai,Android,App,0,normal
TXN002750,2026-03-29 16:44:00,USER0285,REC0032,267.0,Food,Mumbai,Android,App,0,normal
TXN007770,2026-03-29 16:47:00,USER0500,REC0252,2147.99,Food,Mumbai,Android,QR,0,normal
TXN005794,2026-03-29 16:55:00,USER0585,REC0136,702.5,Shopping,Mumbai,iOS,App,0,normal
TXN009027,2026-03-29 17:02:00,USER0018,REC0342,332.26,Groceries,Pune,Android,App,0,normal
TXN004824,2026-03-29 17:06:00,USER0738,REC0391,258.66,Groceries,Delhi,Android,QR,0,normal
TXN007095,2026-03-29 17:43:00,USER0907,REC0494,645.31,Groceries,Mumbai,iOS,App,0,normal
TXN007472,2026-03-29 17:55:00,USER0275,REC0404,348.93,Groceries,Pune,Android,App,0,normal
TXN000325,2026-03-29 18:20:00,USER0502,REC0178,287.24,Food,Mumbai,Android,App,0,normal
TXN003355,2026-03-29 18:29:00,USER0997,REC0084,887.2,Transfer,Pune,Android,QR,0,normal
TXN006427,2026-03-29 18:30:00,USER0834,REC0330,295.34,Shopping,Bengaluru,Android,App,0,normal
TXN006092,2026-03-29 18:52:00,USER0210,REC0390,627.17,Transfer,Bengaluru,Android,QR,0,normal
TXN003685,2026-03-29 19:10:00,USER0096,REC0467,131.39,Groceries,Pune,Android,Collect Request,0,normal
TXN002388,2026-03-29 19:17:00,USER0486,REC0297,90.94,Groceries,Hyderabad,Android,App,0,normal
TXN000012,2026-03-29 19:20:00,USER0440,REC0079,800.26,Shopping,Delhi,Android,App,0,normal
TXN001797,2026-03-29 19:23:00,USER0448,REC0223,1282.62,Shopping,Hyderabad,Android,App,0,normal
TXN002872,2026-03-29 19:35:00,USER0389,REC0270,1139.95,Transfer,Chennai,Android,App,0,normal
TXN008438,2026-03-29 19:55:00,USER0785,REC0368,676.21,Travel,Mumbai,Android,App,0,normal
TXN002824,2026-03-29 19:56:00,USER0759,REC0038,517.31,Bills,Pune,Android,QR,0,normal
TXN003789,2026-03-29 20:21:00,USER0223,REC0491,128.97,Shopping,Delhi,iOS,App,0,normal
TXN002132,2026-03-29 20:26:00,USER0871,REC0173,875.21,Transfer,Hyderabad,Android,QR,0,normal
TXN008462,2026-03-29 20:35:00,USER0066,REC0461,835.06,Groceries,Pune,Android,Collect Request,0,normal
TXN008497,2026-03-29 20:47:00,USER0398,REC0143,233.75,Food,Mumbai,Android,QR,0,normal
TXN004154,2026-03-29 21:17:00,USER0228,REC0215,474.46,Bills,Hyderabad,Android,App,0,normal
TXN002270,2026-03-29 21:35:00,USER0330,REC0391,457.6,Groceries,Hyderabad,Android,App,0,normal
TXN001649,2026-03-29 21:41:00,USER0454,REC0373,648.59,Shopping,Bengaluru,Android,Collect Request,0,normal
TXN004835,2026-03-29 21:42:00,USER0116,REC0441,590.76,Transfer,Mumbai,Android,QR,0,normal
TXN008563,2026-03-29 22:22:00,USER0229,REC0096,424.42,Food,Mumbai,Android,QR,0,normal
TXN001475,2026-03-29 22:37:00,USER0964,REC0435,964.92,Transfer,Chennai,Android,Collect Request,0,normal
TXN002880,2026-03-29 22:44:00,USER0576,REC0425,456.6,Food,Bengaluru,iOS,Collect Request,0,normal
TXN009402,2026-03-29 23:24:00,USER0065,REC0486,571.1,Food,Chennai,Android,QR,0,normal
TXN001250,2026-03-30 00:18:00,USER0011,REC0249,1324.02,Groceries,Mumbai,Android,QR,0,normal
TXN004114,2026-03-30 00:34:00,USER0857,REC0180,744.63,Shopping,Mumbai,Android,QR,0,normal
TXN009192,2026-03-30 00:34:00,USER0485,REC0328,812.57,Shopping,Chennai,iOS,App,0,normal
TXN002170,2026-03-30 00:55:00,USER0096,REC0156,421.05,Bills,Bengaluru,Android,App,0,normal
TXN006535,2026-03-30 01:30:00,USER0979,REC0378,643.9,Bills,Chennai,Android,App,0,normal
TXN002536,2026-03-30 01:50:00,USER0802,REC0342,181.61,Groceries,Hyderabad,Android,App,0,normal
TXN008728,2026-03-30 02:13:00,USER0513,REC0287,152.69,Food,Delhi,iOS,App,0,normal
TXN004317,2026-03-30 02:19:00,USER0451,REC0261,735.17,Bills,Delhi,Android,App,0,normal
TXN007063,2026-03-30 02:21:00,USER0426,REC0230,844.48,Travel,Hyderabad,Android,App,0,normal
TXN002627,2026-03-30 02:24:00,USER0887,REC0223,1334.52,Groceries,Bengaluru,Android,QR,0,normal
TXN003199,2026-03-30 02:55:00,USER0082,REC0384,167.57,Travel,Mumbai,Android,QR,0,normal
TXN001746,2026-03-30 03:07:00,USER0120,REC0410,893.69,Shopping,Delhi,iOS,App,0,normal
TXN005998,2026-03-30 03:09:00,USER0233,REC0420,811.12,Transfer,Pune,Android,QR,0,normal
TXN000594,2026-03-30 03:52:00,USER0992,REC0370,439.64,Shopping,Bengaluru,Android,QR,0,normal
TXN007982,2026-03-30 03:58:00,USER0883,REC0363,173.39,Transfer,Mumbai,Android,App,0,normal
TXN009279,2026-03-30 04:03:00,USER0792,REC0217,458.77,Food,Pune,Android,QR,0,normal
TXN004077,2026-03-30 04:35:00,USER0262,REC0354,185.9,Travel,Hyderabad,Android,QR,0,normal
TXN003426,2026-03-30 04:45:00,USER0312,REC0048,735.35,Groceries,Bengaluru,Android,QR,0,normal
TXN005721,2026-03-30 04:46:00,USER0753,REC0103,256.0,Bills,Bengaluru,Android,QR,0,normal
TXN009094,2026-03-30 04:49:00,USER0675,REC0252,718.72,Groceries,Delhi,Android,QR,0,normal
TXN000914,2026-03-30 04:51:00,USER0179,REC0264,375.32,Travel,Delhi,Android,QR,0,normal
TXN000851,2026-03-30 04:54:00,USER0133,REC0220,361.97,Food,Bengaluru,Android,App,0,normal
TXN000894,2026-03-30 05:14:00,USER0827,REC0424,1472.01,Food,Pune,Android,App,0,normal
TXN004253,2026-03-30 05:16:00,USER0877,REC0495,284.07,Food,Mumbai,Android,App,0,normal
TXN009403,2026-03-30 05:17:00,USER0611,REC0057,773.83,Transfer,Bengaluru,Android,App,0,normal
TXN008043,2026-03-30 05:20:00,USER0262,REC0042,347.51,Transfer,Mumbai,Android,QR,0,normal
TXN009039,2026-03-30 05:28:00,USER0920,REC0164,528.3,Groceries,Chennai,Android,QR,0,normal
TXN001381,2026-03-30 05:54:00,USER0252,REC0367,1115.95,Shopping,Hyderabad,Android,App,0,normal
TXN009908,2026-03-30 06:10:00,USER0487,REC0162,2093.77,Food,Delhi,Android,QR,0,normal
TXN009649,2026-03-30 06:20:00,USER0182,REC0121,1217.63,Transfer,Delhi,Android,App,0,normal
TXN005650,2026-03-30 06:26:00,USER0988,REC0329,224.44,Food,Pune,iOS,QR,0,normal
TXN002230,2026-03-30 06:34:00,USER0412,REC0326,361.67,Groceries,Delhi,Android,QR,0,normal
TXN004090,2026-03-30 06:58:00,USER0962,REC0061,629.54,Bills,Mumbai,iOS,QR,0,normal
TXN006419,2026-03-30 07:04:00,USER0289,REC0355,513.29,Groceries,Delhi,Android,App,0,normal
TXN009168,2026-03-30 07:31:00,USER0825,REC0329,416.23,Groceries,Hyderabad,Android,QR,0,normal
TXN005784,2026-03-30 07:33:00,USER0911,REC0414,561.27,Groceries,Chennai,Android,App,0,normal
TXN006453,2026-03-30 07:39:00,USER0806,REC0493,285.92,Food,Delhi,Android,QR,0,normal
TXN002974,2026-03-30 07:47:00,USER0255,REC0478,1125.46,Travel,Hyderabad,Android,QR,0,normal
TXN001198,2026-03-30 08:42:00,USER0575,REC0036,584.17,Food,Hyderabad,Android,QR,0,normal
TXN002555,2026-03-30 08:51:00,USER0658,REC0261,1245.52,Bills,Mumbai,iOS,QR,0,normal
TXN008483,2026-03-30 09:04:00,USER0899,REC0102,769.81,Food,Pune,iOS,QR,0,normal
TXN002690,2026-03-30 09:25:00,USER0285,REC0349,222.57,Bills,Pune,Android,App,0,normal
TXN006322,2026-03-30 09:37:00,USER0392,REC0012,410.62,Groceries,Bengaluru,Android,QR,0,normal
TXN009133,2026-03-30 09:50:00,USER0447,REC0015,767.61,Bills,Chennai,iOS,App,0,normal
TXN001830,2026-03-30 09:54:00,USER0265,REC0466,1500.21,Food,Hyderabad,Android,QR,0,normal
TXN000141,2026-03-30 10:42:00,USER0378,REC0322,344.06,Food,Chennai,Android,App,0,normal
TXN009877,2026-03-30 11:09:00,USER0724,REC0377,663.57,Shopping,Pune,Android,App,0,normal
TXN003270,2026-03-30 11:15:00,USER0793,REC0244,176.61,Bills,Delhi,iOS,App,0,normal
TXN004089,2026-03-30 11:30:00,USER0099,REC0317,354.06,Groceries,Hyderabad,Android,QR,0,normal
TXN001676,2026-03-30 12:10:00,USER0513,REC0356,2116.72,Food,Bengaluru,Android,QR,0,normal
TXN001707,2026-03-30 12:25:00,USER0962,REC0124,181.01,Transfer,Hyderabad,iOS,QR,0,normal
TXN009888,2026-03-30 13:03:00,USER0574,REC0090,3389.58,Shopping,Bengaluru,Android,App,0,normal
TXN001393,2026-03-30 13:25:00,USER0176,REC0250,555.57,Shopping,Mumbai,Android,QR,0,normal
TXN003404,2026-03-30 13:50:00,USER0624,REC0391,467.83,Groceries,Chennai,Android,QR,0,normal
TXN000555,2026-03-30 14:21:00,USER0930,REC0065,1761.95,Food,Bengaluru,Android,QR,0,normal
TXN003361,2026-03-30 14:35:00,USER0588,REC0469,32280.9,Transfer,Delhi,Android,App,1,unusually_high_amount
TXN001828,2026-03-30 14:40:00,USER0273,REC0327,259.65,Transfer,Delhi,Android,QR,0,normal
TXN001228,2026-03-30 14:41:00,USER0652,REC0071,159.97,Groceries,Chennai,Android,QR,0,normal
TXN006348,2026-03-30 14:42:00,USER0540,REC0236,632.28,Travel,Bengaluru,Android,App,0,normal
TXN001457,2026-03-30 14:44:00,USER0413,REC0163,118.15,Food,Pune,Android,QR,0,normal
TXN006866,2026-03-30 14:45:00,USER0883,REC0175,405.55,Travel,Mumbai,Android,QR,0,normal
TXN001570,2026-03-30 14:50:00,USER0244,REC0495,1029.62,Food,Delhi,Android,App,0,normal
TXN001203,2026-03-30 15:05:00,USER0412,REC0214,1602.07,Transfer,Hyderabad,Android,QR,0,normal
TXN003593,2026-03-30 15:20:00,USER0508,REC0172,272.18,Transfer,Bengaluru,iOS,App,0,normal
TXN003748,2026-03-30 15:42:00,USER0351,REC0002,204.8,Food,Hyderabad,Android,App,0,normal
TXN004123,2026-03-30 16:22:00,USER0868,REC0023,332.19,Shopping,Hyderabad,iOS,App,0,normal
TXN006070,2026-03-30 16:23:00,USER0002,REC0003,31824.26,Bills,Chennai,iOS,App,1,unusually_high_amount
TXN003779,2026-03-30 16:27:00,USER0441,REC0062,28689.33,Food,Delhi,Android,QR,1,unusually_high_amount
TXN001246,2026-03-30 16:46:00,USER0642,REC0454,543.14,Food,Bengaluru,Android,App,0,normal
TXN003746,2026-03-30 16:56:00,USER0438,REC0345,837.84,Groceries,Bengaluru,Android,QR,0,normal
TXN008301,2026-03-30 16:59:00,USER0126,REC0281,485.63,Food,Bengaluru,iOS,App,0,normal
TXN007675,2026-03-30 17:02:00,USER0281,REC0364,867.68,Travel,Hyderabad,Android,App,0,normal
TXN004963,2026-03-30 17:06:00,USER0263,REC0482,579.23,Food,Delhi,Android,App,0,normal
TXN008356,2026-03-30 17:26:00,USER0496,REC0409,483.04,Groceries,Pune,Android,QR,0,normal
TXN003219,2026-03-30 17:45:00,USER0305,REC0184,139.55,Bills,Bengaluru,Android,QR,0,normal
TXN004652,2026-03-30 17:49:00,USER0350,REC0091,761.73,Transfer,Delhi,Android,App,0,normal
TXN002035,2026-03-30 18:09:00,USER0446,REC0485,47.32,Food,Mumbai,Android,App,0,normal
TXN009206,2026-03-30 19:02:00,USER0691,REC0280,554.44,Food,Delhi,Android,App,0,normal
TXN006342,2026-03-30 19:02:00,USER0965,REC0497,384.43,Travel,Mumbai,Android,App,0,normal
TXN005882,2026-03-30 19:06:00,USER0168,REC0339,105.91,Shopping,Chennai,iOS,App,0,normal
TXN003412,2026-03-30 19:07:00,USER0495,REC0214,647.17,Travel,Hyderabad,Android,App,0,normal
TXN000772,2026-03-30 19:07:00,USER0780,REC0155,619.46,Groceries,Hyderabad,Android,App,0,normal
TXN005790,2026-03-30 19:16:00,USER0384,REC0313,1320.7,Transfer,Pune,Android,QR,0,normal
TXN004524,2026-03-30 19:17:00,USER0827,REC0235,3186.78,Transfer,Bengaluru,Android,App,0,normal
TXN007207,2026-03-30 19:23:00,USER0360,REC0101,891.94,Transfer,Pune,Android,Collect Request,0,normal
TXN003371,2026-03-30 19:27:00,USER0319,REC0171,733.36,Food,Delhi,Android,QR,0,normal
TXN007774,2026-03-30 19:41:00,USER0048,REC0496,108.63,Transfer,Pune,Android,App,0,normal
TXN005388,2026-03-30 19:48:00,USER0225,REC0146,1272.91,Groceries,Bengaluru,Android,App,0,normal
TXN004135,2026-03-30 19:54:00,USER0523,REC0334,721.71,Food,Bengaluru,iOS,QR,0,normal
TXN007407,2026-03-30 20:01:00,USER0700,REC0301,659.03,Bills,Pune,Android,App,0,normal
TXN004774,2026-03-30 20:19:00,USER0550,REC0094,340.86,Groceries,Mumbai,Android,QR,0,normal
TXN009795,2026-03-30 20:23:00,USER0962,REC0037,346.19,Groceries,Mumbai,Android,QR,0,normal
TXN003978,2026-03-30 20:35:00,USER0006,REC0470,1470.3,Food,Pune,iOS,App,0,normal
TXN004102,2026-03-30 21:19:00,USER0980,REC0253,465.37,Transfer,Mumbai,iOS,App,0,normal
TXN002379,2026-03-30 21:30:00,USER0782,REC0284,1417.21,Bills,Chennai,Android,App,0,normal
TXN007026,2026-03-30 21:56:00,USER0501,REC0376,734.09,Groceries,Hyderabad,Android,App,0,normal
TXN002039,2026-03-30 22:01:00,USER0704,REC0425,545.28,Shopping,Chennai,Android,QR,0,normal
TXN001747,2026-03-30 22:07:00,USER0473,REC0252,164.75,Shopping,Hyderabad,Android,QR,0,normal
TXN004601,2026-03-30 22:22:00,USER0211,REC0268,1479.55,Bills,Mumbai,Android,QR,0,normal
TXN007522,2026-03-30 22:27:00,USER0596,REC0229,324.09,Food,Bengaluru,Android,App,0,normal
TXN002653,2026-03-30 22:54:00,USER0850,REC0049,289.01,Food,Hyderabad,iOS,App,0,normal
TXN005588,2026-03-30 23:02:00,USER0413,REC0002,156.68,Shopping,Pune,Android,App,0,normal
TXN001962,2026-03-30 23:23:00,USER0501,REC0169,840.84,Groceries,Hyderabad,iOS,QR,0,normal
TXN007914,2026-03-31 00:24:00,USER0674,REC0114,737.51,Transfer,Bengaluru,Android,QR,0,normal
TXN008335,2026-03-31 00:25:00,USER0431,REC0302,937.62,Travel,Chennai,Android,App,0,normal
TXN004718,2026-03-31 00:26:00,USER0277,REC0461,579.66,Bills,Bengaluru,Android,App,0,normal
TXN002803,2026-03-31 00:37:00,USER0315,REC0496,330.93,Shopping,Chennai,Android,App,0,normal
TXN001117,2026-03-31 00:54:00,USER0345,REC0460,756.83,Travel,Hyderabad,Android,App,1,late_night_payment
TXN009516,2026-03-31 01:11:00,USER0525,REC0444,736.11,Groceries,Chennai,iOS,App,0,normal
TXN003149,2026-03-31 01:20:00,USER0358,REC0262,674.65,Food,Pune,iOS,QR,0,normal
TXN009086,2026-03-31 01:39:00,USER0443,REC0301,1115.31,Groceries,Chennai,Android,QR,0,normal
TXN009811,2026-03-31 01:41:00,USER0004,REC0379,688.98,Travel,Bengaluru,Android,App,0,normal
TXN000265,2026-03-31 01:43:00,USER0660,REC0246,508.4,Groceries,Bengaluru,Android,QR,0,normal
TXN003534,2026-03-31 02:01:00,USER0833,REC0296,195.5,Transfer,Mumbai,Android,QR,0,normal
TXN005481,2026-03-31 02:02:00,USER0544,REC0405,92.31,Groceries,Pune,Android,QR,0,normal
TXN009841,2026-03-31 02:16:00,USER0493,REC0425,469.05,Food,Chennai,iOS,Collect Request,0,normal
TXN005499,2026-03-31 02:28:00,USER0570,REC0081,1143.62,Food,Chennai,iOS,App,0,normal
TXN009122,2026-03-31 02:42:00,USER0676,REC0259,406.17,Food,Mumbai,Android,App,0,normal
TXN005887,2026-03-31 02:45:00,USER0210,REC0040,116.15,Bills,Hyderabad,Android,QR,0,normal
TXN006873,2026-03-31 02:50:00,USER0281,REC0333,304.59,Food,Pune,Android,QR,0,normal
TXN003726,2026-03-31 03:00:00,USER0086,REC0419,580.15,Groceries,Chennai,iOS,App,0,normal
TXN007927,2026-03-31 03:04:00,USER0482,REC0187,343.92,Food,Bengaluru,Android,QR,0,normal
TXN001088,2026-03-31 03:05:00,USER0600,REC0387,157.79,Travel,Chennai,Android,App,0,normal
TXN004521,2026-03-31 03:12:00,USER0756,REC0343,2740.07,Transfer,Hyderabad,Android,App,0,normal
TXN002376,2026-03-31 03:14:00,USER0263,REC0251,933.65,Bills,Bengaluru,Android,QR,0,normal
TXN007978,2026-03-31 03:21:00,USER0032,REC0420,833.91,Bills,Pune,Android,QR,0,normal
TXN004693,2026-03-31 03:27:00,USER0018,REC0473,1287.98,Groceries,Chennai,iOS,App,0,normal
TXN007365,2026-03-31 03:46:00,USER0619,REC0066,348.66,Groceries,Bengaluru,Android,QR,0,normal
TXN002755,2026-03-31 04:00:00,USER0673,REC0064,697.32,Groceries,Chennai,Android,App,0,normal
TXN004266,2026-03-31 04:08:00,USER0131,REC0164,521.84,Groceries,Hyderabad,Android,App,0,normal
TXN006910,2026-03-31 04:16:00,USER0198,REC0103,530.34,Shopping,Chennai,iOS,QR,0,normal
TXN005436,2026-03-31 04:17:00,USER0831,REC0367,215.65,Shopping,Hyderabad,Android,QR,0,normal
TXN007391,2026-03-31 04:17:00,USER0583,REC0066,592.4,Travel,Mumbai,Android,QR,0,normal
TXN006371,2026-03-31 04:18:00,USER0114,REC0014,268.27,Bills,Delhi,Android,App,0,normal
TXN007945,2026-03-31 04:32:00,USER0965,REC0157,764.81,Food,Pune,Android,QR,0,normal
TXN005540,2026-03-31 04:33:00,USER0692,REC0068,451.88,Travel,Hyderabad,Android,App,0,normal
TXN007633,2026-03-31 04:35:00,USER0523,REC0378,330.18,Transfer,Hyderabad,Android,QR,0,normal
TXN004792,2026-03-31 05:05:00,USER0899,REC0189,2101.44,Groceries,Mumbai,Android,QR,0,normal
TXN007051,2026-03-31 05:18:00,USER0053,REC0417,360.23,Bills,Mumbai,Android,App,0,normal
TXN000347,2026-03-31 05:23:00,USER0944,REC0483,342.62,Groceries,Hyderabad,Android,App,0,normal
TXN004993,2026-03-31 05:35:00,USER0928,REC0032,168.22,Shopping,Delhi,iOS,QR,0,normal
TXN009783,2026-03-31 05:53:00,USER0754,REC0228,816.07,Bills,Bengaluru,iOS,App,0,normal
TXN001620,2026-03-31 06:13:00,USER0755,REC0468,809.63,Groceries,Bengaluru,Android,QR,0,normal
TXN002046,2026-03-31 06:18:00,USER0133,REC0483,672.69,Shopping,Delhi,Android,QR,0,normal
TXN008391,2026-03-31 06:29:00,USER0219,REC0126,527.54,Food,Bengaluru,Android,QR,0,normal
TXN008938,2026-03-31 06:29:00,USER0557,REC0151,364.26,Food,Mumbai,Android,Collect Request,0,normal
TXN005285,2026-03-31 06:39:00,USER0054,REC0277,1800.19,Shopping,Bengaluru,Android,QR,0,normal
TXN002260,2026-03-31 06:48:00,USER0117,REC0396,441.55,Shopping,Pune,Android,QR,0,normal
TXN008693,2026-03-31 07:14:00,USER0001,REC0314,513.46,Bills,Bengaluru,Android,QR,0,normal
TXN007426,2026-03-31 07:15:00,USER0787,REC0490,616.54,Food,Hyderabad,Android,App,0,normal
TXN007173,2026-03-31 07:17:00,USER0483,REC0217,182.99,Food,Mumbai,Android,App,0,normal
TXN002617,2026-03-31 07:26:00,USER0069,REC0288,754.74,Shopping,Delhi,Android,App,0,normal
TXN000356,2026-03-31 07:31:00,USER0005,REC0367,357.19,Food,Mumbai,Android,QR,0,normal
TXN005113,2026-03-31 07:43:00,USER0024,REC0463,165.6,Food,Bengaluru,Android,QR,0,normal
TXN005939,2026-03-31 07:49:00,USER0396,REC0350,39791.9,Groceries,Delhi,Android,App,1,unusually_high_amount
TXN009345,2026-03-31 08:06:00,USER0503,REC0199,691.11,Groceries,Pune,Android,App,0,normal
TXN000145,2026-03-31 08:09:00,USER0229,REC0217,310.62,Travel,Delhi,Android,App,0,normal
TXN006983,2026-03-31 08:09:00,USER0540,REC0087,756.49,Groceries,Mumbai,Android,App,0,normal
TXN004216,2026-03-31 08:27:00,USER0569,REC0052,243.66,Transfer,Chennai,Android,QR,0,normal
TXN003279,2026-03-31 08:52:00,USER0055,REC0142,726.89,Food,Bengaluru,Android,App,0,normal
TXN001626,2026-03-31 09:03:00,USER0680,REC0151,1391.98,Food,Delhi,Android,App,0,normal
TXN005302,2026-03-31 09:05:00,USER0820,REC0067,501.36,Bills,Delhi,Android,App,0,normal
TXN001998,2026-03-31 09:40:00,USER0862,REC0272,444.57,Food,Chennai,Android,Collect Request,0,normal
TXN005261,2026-03-31 09:43:00,USER0496,REC0355,4521.43,Groceries,Mumbai,Android,QR,0,normal
TXN003724,2026-03-31 10:00:00,USER0906,REC0498,314.89,Groceries,Pune,Android,Collect Request,0,normal
TXN009317,2026-03-31 10:02:00,USER0708,REC0133,263.24,Food,Chennai,Android,Collect Request,0,normal
TXN002768,2026-03-31 10:03:00,USER0754,REC0267,1237.58,Groceries,Delhi,Android,QR,0,normal
TXN009059,2026-03-31 10:50:00,USER0109,REC0322,662.51,Shopping,Chennai,Android,App,0,normal
TXN003238,2026-03-31 11:12:00,USER0245,REC0144,460.34,Food,Mumbai,Android,QR,0,normal
TXN004296,2026-03-31 11:37:00,USER0764,REC0387,798.49,Bills,Delhi,iOS,QR,0,normal
TXN008578,2026-03-31 11:38:00,USER0405,REC0170,403.83,Food,Bengaluru,Android,App,0,normal
TXN008729,2026-03-31 12:08:00,USER0031,REC0218,611.53,Food,Chennai,Android,QR,0,normal
TXN003175,2026-03-31 12:14:00,USER0031,REC0290,1614.33,Food,Delhi,Android,App,0,normal
TXN008385,2026-03-31 12:15:00,USER0938,REC0171,117.29,Groceries,Bengaluru,Android,App,0,normal
TXN000511,2026-03-31 12:17:00,USER0588,REC0088,714.9,Bills,Pune,Android,QR,0,normal
TXN001422,2026-03-31 12:33:00,USER0773,REC0416,163.92,Groceries,Chennai,Android,App,0,normal
TXN009292,2026-03-31 12:46:00,USER0498,REC0462,1701.22,Shopping,Bengaluru,Android,Collect Request,0,normal
TXN002956,2026-03-31 12:48:00,USER0424,REC0429,468.65,Groceries,Mumbai,Android,App,0,normal
TXN003158,2026-03-31 12:49:00,USER0969,REC0333,484.62,Shopping,Pune,Android,App,0,normal
TXN005039,2026-03-31 12:50:00,USER0622,REC0115,1089.63,Food,Pune,Android,QR,0,normal
TXN004622,2026-03-31 13:13:00,USER0387,REC0458,575.63,Shopping,Hyderabad,Android,QR,0,normal
TXN001559,2026-03-31 13:35:00,USER0872,REC0103,97.0,Food,Pune,Android,App,0,normal
TXN001056,2026-03-31 14:12:00,USER0199,REC0327,597.92,Shopping,Pune,Android,Collect Request,0,normal
TXN005140,2026-03-31 14:23:00,USER0977,REC0232,215.02,Bills,Chennai,Android,App,0,normal
TXN008346,2026-03-31 14:38:00,USER0025,REC0309,780.47,Food,Chennai,iOS,QR,0,normal
TXN008023,2026-03-31 14:38:00,USER0850,REC0160,149.97,Bills,Pune,Android,App,0,normal
TXN006286,2026-03-31 15:23:00,USER0284,REC0092,241.43,Food,Hyderabad,Android,App,0,normal
TXN003621,2026-03-31 15:33:00,USER0761,REC0270,1472.75,Groceries,Chennai,Android,Collect Request,0,normal
TXN000161,2026-03-31 15:35:00,USER0842,REC0189,243.1,Groceries,Pune,iOS,QR,0,normal
TXN008986,2026-03-31 15:38:00,USER0885,REC0442,101.55,Bills,Bengaluru,iOS,App,0,normal
TXN007980,2026-03-31 15:55:00,USER0387,REC0111,300.16,Groceries,Bengaluru,iOS,App,0,normal
TXN008993,2026-03-31 16:08:00,USER0779,REC0121,240.21,Food,Mumbai,iOS,QR,0,normal
TXN008250,2026-03-31 16:27:00,USER0860,REC0321,293.22,Groceries,Hyderabad,Android,App,0,normal
TXN000691,2026-03-31 16:47:00,USER0377,REC0486,551.62,Travel,Bengaluru,Android,App,0,normal
TXN002520,2026-03-31 16:49:00,USER0246,REC0135,377.42,Food,Delhi,Android,App,0,normal
TXN009997,2026-03-31 16:57:00,USER0163,REC0464,470.45,Food,Delhi,iOS,QR,0,normal
TXN002173,2026-03-31 16:58:00,USER0521,REC0087,93.24,Groceries,Chennai,Android,App,0,normal
TXN009370,2026-03-31 17:19:00,USER0141,REC0197,216.54,Food,Chennai,Android,QR,0,normal
TXN000810,2026-03-31 17:35:00,USER0553,REC0105,259.04,Groceries,Delhi,Android,App,0,normal
TXN005808,2026-03-31 17:40:00,USER0663,REC0478,505.78,Bills,Chennai,iOS,QR,0,normal
TXN008606,2026-03-31 18:11:00,USER0245,REC0314,667.98,Food,Hyderabad,Android,QR,0,normal
TXN008575,2026-03-31 18:26:00,USER0070,REC0180,262.71,Groceries,Pune,Android,QR,0,normal
TXN008597,2026-03-31 18:30:00,USER0131,REC0391,931.95,Groceries,Chennai,Android,App,0,normal
TXN009123,2026-03-31 18:35:00,USER0214,REC0349,382.9,Shopping,Bengaluru,Android,App,0,normal
TXN004503,2026-03-31 18:40:00,USER0512,REC0435,796.4,Food,Bengaluru,Android,App,0,normal
TXN001346,2026-03-31 18:46:00,USER0362,REC0147,774.16,Shopping,Mumbai,Android,QR,0,normal
TXN006239,2026-03-31 18:49:00,USER0336,REC0449,375.84,Bills,Delhi,Android,App,0,normal
TXN006823,2026-03-31 18:50:00,USER0141,REC0157,146.19,Food,Delhi,Android,App,0,normal
TXN009564,2026-03-31 18:55:00,USER0517,REC0312,218.72,Bills,Delhi,iOS,QR,0,normal
TXN007096,2026-03-31 18:55:00,USER0552,REC0149,259.0,Transfer,Pune,Android,QR,0,normal
TXN004882,2026-03-31 18:57:00,USER0881,REC0422,442.91,Food,Hyderabad,iOS,App,0,normal
TXN007192,2026-03-31 18:58:00,USER0773,REC0234,1291.53,Groceries,Bengaluru,Android,App,0,normal
TXN008981,2026-03-31 19:16:00,USER0603,REC0493,1054.14,Shopping,Mumbai,Android,QR,0,normal
TXN000401,2026-03-31 19:44:00,USER0993,REC0391,601.93,Bills,Bengaluru,Android,App,0,normal
TXN001169,2026-03-31 20:07:00,USER0739,REC0087,144.88,Food,Pune,Android,App,0,normal
TXN005602,2026-03-31 20:10:00,USER0196,REC0467,612.17,Transfer,Pune,Android,App,0,normal
TXN008542,2026-03-31 20:13:00,USER0065,REC0458,273.79,Shopping,Hyderabad,Android,App,0,normal
TXN002218,2026-03-31 20:59:00,USER0368,REC0215,467.87,Food,Chennai,Android,QR,0,normal
TXN003649,2026-03-31 21:09:00,USER0769,REC0037,368.89,Travel,Mumbai,iOS,App,0,normal
TXN001336,2026-03-31 21:17:00,USER0892,REC0016,542.13,Food,Pune,Android,App,0,normal
TXN003712,2026-03-31 21:28:00,USER0337,REC0160,604.0,Food,Chennai,iOS,App,0,normal
TXN003122,2026-03-31 21:28:00,USER0453,REC0425,890.32,Shopping,Delhi,Android,App,0,normal
TXN007143,2026-03-31 21:33:00,USER0721,REC0029,437.39,Transfer,Pune,Android,QR,0,normal
TXN007750,2026-03-31 21:55:00,USER0023,REC0263,952.87,Food,Hyderabad,Android,App,0,normal
TXN000820,2026-03-31 22:03:00,USER0819,REC0134,766.6,Shopping,Hyderabad,iOS,QR,0,normal
TXN008937,2026-03-31 22:06:00,USER0928,REC0312,364.99,Shopping,Bengaluru,iOS,App,0,normal
TXN009593,2026-03-31 22:17:00,USER0804,REC0396,221.86,Transfer,Delhi,iOS,QR,0,normal
TXN003207,2026-03-31 22:18:00,USER0379,REC0490,2243.56,Travel,Pune,Android,Collect Request,0,normal
TXN005842,2026-03-31 22:40:00,USER0652,REC0279,223.23,Bills,Hyderabad,Android,QR,0,normal
TXN006608,2026-03-31 22:43:00,USER0465,REC0446,669.79,Travel,Delhi,Android,App,0,normal
TXN002262,2026-03-31 22:45:00,USER0288,REC0121,1273.33,Food,Pune,Android,QR,0,normal
TXN008147,2026-03-31 22:53:00,USER0130,REC0018,404.89,Groceries,Hyderabad,Android,App,0,normal
TXN009780,2026-03-31 23:23:00,USER0916,REC0229,510.58,Groceries,Delhi,Android,QR,0,normal
TXN004422,2026-03-31 23:29:00,USER0515,REC0399,153.5,Food,Chennai,Android,QR,0,normal
TXN008703,2026-03-31 23:35:00,USER0429,REC0047,928.85,Bills,Hyderabad,iOS,QR,0,normal
TXN009637,2026-03-31 23:54:00,USER0597,REC0132,1515.4,Bills,Pune,Android,QR,0,normal
